,UnitName
0,Unit: BNS-764
1,Unit: CAA-781
2,Unit: CAA-781
3,Unit: CAA-781
4,Unit: CAA-781
5,Unit: CAA-781
6,Unit: CAA-781
7,Unit: CAA-781
8,Unit: CAA-781
9,Unit: CAA-781
10,Unit: CAA-781
11,Unit: CAA-781
12,Unit: CAA-781
13,Unit: CAA-781
14,Unit: CAA-781
15,Unit: CAA-781
16,Unit: CAA-781
17,Unit: CAA-781
18,Unit: CAA-781
19,Unit: CAA-781
20,Unit: CAA-781
21,Unit: CAA-781
22,Unit: CAA-781
23,Unit: CAA-781
24,Unit: CAA-781
25,Unit: CAA-781
26,Unit: CAA-781
27,Unit: CAA-781
28,Unit: CAA-781
29,Unit: CEF-846
30,Unit: REEFER V2
44,Unit: A4L-837
48,Unit: B4H-938
49,Unit: B4H-938
65,Unit: BCY-866
66,Unit: BCY-866
67,Unit: BCY-866
79,Unit: BTW-833
80,Unit: BTW-833
81,Unit: BTW-833
82,Unit: BTW-833
92,Unit: BTW-879
93,Unit: BTW-879
94,Unit: BTW-879
95,Unit: BTW-879
96,Unit: BTW-879
103,Unit: BXM-934
104,Unit: BXM-934
105,Unit: BXM-934
106,Unit: BXM-934
111,Unit: BXN-740
112,Unit: BXN-740
113,Unit: BXN-740
114,Unit: BXN-740
121,Unit: BXN-840
122,Unit: BXN-840
133,Unit: D5G-875
134,Unit: D5G-875
135,Unit: D5G-875
136,Unit: D5G-875
137,Unit: D5G-875
138,Unit: D5G-875
139,Unit: D5G-875
143,Unit: P2U-747
144,Unit: P2U-747
145,Unit: P2U-747
146,Unit: P2U-747
147,Unit: P2U-747
148,Unit: P2U-747
151,Unit: S1I-913
152,Unit: S1I-913
153,Unit: S1I-913
154,Unit: S1I-913
155,Unit: S1I-913
156,Unit: S1I-913
157,Unit: S1I-913
158,Unit: S1I-913
159,Unit: S1I-913
160,Unit: S1I-913
161,Unit: S1I-913
182,Unit: S1M-855
183,Unit: S1M-855
198,Unit: S1X-928
238,Unit: VBK-728
239,Unit: VBK-728
240,Unit: VBK-728
241,Unit: VBK-728
252,Unit: AET-748
253,Unit: AET-748
254,Unit: AET-748
255,Unit: AET-748
256,Unit: AET-748
302,Unit: AUB-710
303,Unit: AUB-710
304,Unit: AUB-710
305,Unit: AUB-710
306,Unit: AUB-710
307,Unit: AUB-710
308,Unit: AUB-710
449,Unit: BFL-863
450,Unit: BFL-863
451,Unit: BFL-863
452,Unit: BFL-863
453,Unit: BFL-863
454,Unit: BFL-863
455,Unit: BFL-863
456,Unit: BFL-863
471,Unit: BFM-768
472,Unit: BFM-768
473,Unit: BFM-768
474,Unit: BFM-768
475,Unit: BFM-768
481,Unit: BFN-878
482,Unit: BFN-878
483,Unit: BFN-878
484,Unit: BFN-878
485,Unit: BFN-878
642,Unit: BFZ-906
643,Unit: BFZ-906
644,Unit: BFZ-906
645,Unit: BFZ-906
646,Unit: BFZ-906
647,Unit: BFZ-906
648,Unit: BFZ-906
649,Unit: BFZ-906
650,Unit: BFZ-906
771,Unit: BHA-875
772,Unit: BHA-875
773,Unit: BHA-875
774,Unit: BHA-875
775,Unit: BHA-875
811,Unit: BHI-807
812,Unit: BHI-807
813,Unit: BHI-807
821,Unit: BMW-823
822,Unit: BMW-823
823,Unit: BMW-823
824,Unit: BMW-823
825,Unit: BMW-823
844,Unit: BYM-759
845,Unit: BYM-759
846,Unit: BYM-759
847,Unit: BYM-759
848,Unit: BYM-759
849,Unit: BYM-759
850,Unit: BYM-759
851,Unit: BYM-759
852,Unit: BYM-759
853,Unit: BYM-759
854,Unit: BYM-759
855,Unit: BYM-759
856,Unit: BYM-759
857,Unit: BYM-759
858,Unit: BYM-759
859,Unit: BYM-759
860,Unit: BYM-759
886,Unit: BYM-768
887,Unit: BYM-768
888,Unit: BYM-768
889,Unit: BYM-768
890,Unit: BYM-768
891,Unit: BYM-768
892,Unit: BYM-768
893,Unit: BYM-768
894,Unit: BYM-768
895,Unit: BYM-768
896,Unit: BYM-768
897,Unit: BYM-768
898,Unit: BYM-768
899,Unit: BYM-768
900,Unit: BYM-768
901,Unit: BYM-768
902,Unit: BYM-768
903,Unit: BYM-768
904,Unit: BYM-768
905,Unit: BYM-768
906,Unit: BYM-768
907,Unit: BYM-768
908,Unit: BYM-768
909,Unit: BYM-768
955,Unit: S2H-873
975,Unit: S2H-875
976,Unit: S2H-875
977,Unit: S2H-875
978,Unit: S2H-875
992,Unit: S2H-877
993,Unit: S2H-877
994,Unit: S2H-877
995,Unit: S2H-877
1005,Unit: S2H-879
1006,Unit: S2H-879
1007,Unit: S2H-879
1015,Unit: S2H-880
1016,Unit: S2H-880
1017,Unit: S2H-880
1018,Unit: S2H-880
1019,Unit: S2H-880
1020,Unit: S2H-880
1025,Unit: S2H-882
1102,Unit: S2H-884
1103,Unit: S2H-884
1104,Unit: S2H-884
1105,Unit: S2H-884
1106,Unit: S2H-884
1107,Unit: S2H-884
1108,Unit: S2H-884
1109,Unit: S2H-884
1110,Unit: S2H-884
1111,Unit: S2H-884
1112,Unit: S2H-884
1113,Unit: S2H-884
1215,Unit: CEF-945 
1216,Unit: CEF-945 
1217,Unit: CEF-945 
1218,Unit: CEF-945 
1219,Unit: CEF-945 
1265,Unit: CEG-730
1266,Unit: CEG-730
1267,Unit: CEG-730
1268,Unit: CEG-730
1269,Unit: CEG-730
1270,Unit: CEG-730
1271,Unit: CEG-730
1272,Unit: CEG-730
1273,Unit: CEG-730
1274,Unit: CEG-730
1275,Unit: CEG-730
1276,Unit: CEG-730
1277,Unit: CEG-730
1278,Unit: CEG-730
1279,Unit: CEG-730
1280,Unit: CEG-730
1281,Unit: CEG-730
1282,Unit: CEG-730
1283,Unit: CEG-730
1419,Unit: B3R-947
1420,Unit: B3R-947
1430,Unit: BKN-893
1431,Unit: BKN-893
1432,Unit: BKN-893
1433,Unit: BKN-893
1434,Unit: BKN-893
1435,Unit: BKN-893
1436,Unit: BKN-893
1437,Unit: BKN-893
1438,Unit: BKN-893
1453,Unit: BWA-907
1454,Unit: BWA-907
1455,Unit: BWA-907
1456,Unit: BWA-907
1457,Unit: BWA-907
1458,Unit: BWA-907
1459,Unit: BWA-907
1460,Unit: BWA-907
1461,Unit: BWA-907
1462,Unit: BWA-907
1463,Unit: BWA-907
1464,Unit: BWA-907
1465,Unit: BWA-907
1466,Unit: BWA-907
1467,Unit: BWA-907
1487,Unit: S1X-924
1488,Unit: S1X-924
1489,Unit: S1X-924
1490,Unit: S1X-924
1491,Unit: S1X-924
1492,Unit: S1X-924
1522,Unit: S2H-913
1523,Unit: S2H-913
1524,Unit: S2H-913
1525,Unit: S2H-913
1526,Unit: S2H-913
1527,Unit: S2H-913
1528,Unit: S2H-913
1529,Unit: S2H-913
1545,Unit: VBG-867
1548,Unit: REEFER V1-PUERT
1549,Unit: REEFER V1-PUERT
1559,Unit: AAP-918
1560,Unit: AAP-918
1561,Unit: AAP-918
1562,Unit: AAP-918
1563,Unit: AAP-918
1564,Unit: AAP-918
1565,Unit: AAP-918
1566,Unit: AAP-918
1567,Unit: AAP-918
1568,Unit: AAP-918
1569,Unit: AAP-918
1570,Unit: AAP-918
1585,Unit: BCZ-714
1586,Unit: BCZ-714
1587,Unit: BCZ-714
1588,Unit: BCZ-714
1589,Unit: BCZ-714
1599,Unit: BMY-874
1600,Unit: BMY-874
1601,Unit: BMY-874
1602,Unit: BMY-874
1603,Unit: BMY-874
1604,Unit: BMY-874
1605,Unit: BMY-874
1606,Unit: BMY-874
1607,Unit: BMY-874
1627,Unit: BXL-724
1628,Unit: BXL-724
1629,Unit: BXL-724
1630,Unit: BXL-724
1631,Unit: BXL-724
1632,Unit: BXL-724
1652,Unit: BXR-848
1653,Unit: BXR-848
1654,Unit: BXR-848
1655,Unit: BXR-848
1673,Unit: S1I-912
1674,Unit: S1I-912
1675,Unit: S1I-912
1676,Unit: A4M-879
1682,Unit: AES-783
1683,Unit: AES-783
1684,Unit: AES-783
1685,Unit: AES-783
1697,Unit: BKR-881
1698,Unit: BKR-881
1699,Unit: BKR-881
1831,Unit: BKZ-740
1832,Unit: BKZ-740
1833,Unit: BKZ-740
1834,Unit: BKZ-740
1835,Unit: BKZ-740
1836,Unit: BKZ-740
1837,Unit: BKZ-740
1838,Unit: BKZ-740
1839,Unit: BKZ-740
1840,Unit: BKZ-740
1841,Unit: BKZ-740
1842,Unit: BKZ-740
1843,Unit: BKZ-740
1844,Unit: BKZ-740
1845,Unit: BKZ-740
1846,Unit: BKZ-740
1847,Unit: BKZ-740
1848,Unit: BKZ-740
1849,Unit: BKZ-740
1850,Unit: BKZ-740
1851,Unit: BKZ-740
1852,Unit: BKZ-740
1853,Unit: BKZ-740
1854,Unit: BKZ-740
1855,Unit: BKZ-740
1856,Unit: BKZ-740
1857,Unit: BKZ-740
1858,Unit: BKZ-740
1859,Unit: BKZ-740
1860,Unit: BKZ-740
1878,Unit: BMU-714
1879,Unit: BMU-714
1880,Unit: BMU-714
1881,Unit: BMU-714
1882,Unit: BMZ-867
1897,Unit: BNB-902
1898,Unit: BNB-902
1899,Unit: BNB-902
1900,Unit: BNB-902
1901,Unit: BNB-902
1902,Unit: BNB-902
1903,Unit: BNB-902
1904,Unit: BNB-902
1905,Unit: BNB-902
1906,Unit: BNB-902
1907,Unit: BNB-902
1908,Unit: BNB-902
1909,Unit: BNB-902
1910,Unit: BNB-902
1911,Unit: BNB-902
1973,Unit: BRC-858
1974,Unit: BRC-858
1975,Unit: BRC-858
1976,Unit: BRC-858
1977,Unit: BRC-858
1978,Unit: BRC-858
1979,Unit: BRC-858
1980,Unit: BRC-858
1981,Unit: BRC-858
1982,Unit: BRC-858
1983,Unit: BRC-858
1984,Unit: BRC-858
1985,Unit: BRC-858
1986,Unit: BRC-858
1987,Unit: BRC-858
1988,Unit: BRC-858
1989,Unit: BRC-858
1990,Unit: BRC-858
1991,Unit: BRC-858
1992,Unit: BRC-858
1993,Unit: BRC-858
1994,Unit: BRC-858
2051,Unit: BRD-745
2052,Unit: BRD-745
2053,Unit: BRD-745
2054,Unit: BRD-745
2055,Unit: BRD-745
2056,Unit: BRD-745
2057,Unit: BRD-745
2058,Unit: BRD-745
2059,Unit: BRD-745
2060,Unit: BRD-745
2061,Unit: BRD-745
2062,Unit: BRD-745
2063,Unit: BRD-745
2064,Unit: BRD-745
2065,Unit: BRD-745
2066,Unit: BRD-745
2067,Unit: BRD-745
2068,Unit: BRD-745
2072,Unit: BWZ-899
2073,Unit: BWZ-899
2074,Unit: BWZ-899
2075,Unit: BWZ-899
2096,Unit: BXN-716
2097,Unit: BXN-716
2098,Unit: BXN-716
2099,Unit: BXN-716
2100,Unit: BXN-716
2101,Unit: BXN-716
2104,Unit: C0T-903
2105,Unit: C0T-903
2106,Unit: C0T-903
2113,Unit: C7Z-863
2128,Unit: CBI-795
2129,Unit: CBI-795
2130,Unit: CBI-795
2131,Unit: CBI-795
2132,Unit: CBI-795
2133,Unit: CBI-795
2134,Unit: CBI-795
2135,Unit: CBI-795
2136,Unit: CBI-795
2137,Unit: CBI-795
2236,Unit: D1Y-846
2237,Unit: D1Y-846
2238,Unit: D1Y-846
2239,Unit: D1Y-846
2240,Unit: D1Y-846
2241,Unit: D1Y-846
2242,Unit: D1Y-846
2243,Unit: D1Y-846
2283,Unit: D1Y-848
2284,Unit: D1Y-848
2285,Unit: D1Y-848
2286,Unit: D1Y-848
2287,Unit: D1Y-848
2288,Unit: D1Y-848
2289,Unit: D1Y-848
2290,Unit: D1Y-848
2291,Unit: D1Y-848
2292,Unit: D1Y-848
2293,Unit: D1Y-848
2294,Unit: D1Y-848
2295,Unit: D1Y-848
2296,Unit: D1Y-848
2297,Unit: D1Y-848
2298,Unit: D1Y-848
2299,Unit: D1Y-848
2300,Unit: D1Y-848
2301,Unit: D1Y-848
2302,Unit: D1Y-848
2303,Unit: D1Y-848
2304,Unit: D1Y-848
2305,Unit: D1Y-848
2306,Unit: D1Y-848
2307,Unit: D1Y-848
2308,Unit: D1Y-848
2309,Unit: D1Y-848
2310,Unit: D1Y-848
2311,Unit: D1Y-848
2312,Unit: D1Y-848
2313,Unit: D1Y-848
2338,Unit: D1Y-849
2339,Unit: D1Y-849
2340,Unit: D1Y-849
2341,Unit: D1Y-849
2342,Unit: D1Y-849
2343,Unit: D1Y-849
2344,Unit: D1Y-849
2345,Unit: D1Y-849
2346,Unit: D1Y-849
2347,Unit: D1Y-849
2348,Unit: D1Y-849
2349,Unit: D1Y-849
2350,Unit: D1Y-849
2351,Unit: D1Y-849
2352,Unit: D1Y-849
2383,Unit: F4L-754
2384,Unit: F4L-754
2385,Unit: F4L-754
2386,Unit: F4L-754
2387,Unit: F4L-754
2388,Unit: F4L-754
2389,Unit: F4L-754
2390,Unit: F4L-754
2391,Unit: F4L-754
2392,Unit: F4L-754
2393,Unit: F4L-754
2400,Unit: S1X-923
2401,Unit: S1X-923
2402,Unit: S1X-925
2403,Unit: S1X-925
2419,Unit: S2H-912
2420,Unit: S2H-912
2439,Unit: VBG-737
2440,Unit: VBG-737
2441,Unit: VBG-737
2442,Unit: VBG-737
2468,Unit: VBJ-925
2469,Unit: VBJ-925
