,Date,external_power
0,"Date:""2026-05-16T17:21:31Z""",0.26
1,"Date:""2026-05-16T17:25:29Z""",0.34
2,"Date:""2026-05-16T17:26:45Z""",0.26
3,"Date:""2026-05-16T17:36:58Z""",0.26
4,"Date:""2026-05-16T17:38:12Z""",0.3
5,"Date:""2026-05-16T17:38:40Z""",0.35
6,"Date:""2026-05-16T17:48:37Z""",0.37
7,"Date:""2026-05-16T17:51:15Z""",0.3
8,"Date:""2026-05-16T18:01:45Z""",0.41
9,"Date:""2026-05-16T18:01:48Z""",0.29
10,"Date:""2026-05-16T18:23:37Z""",0.45
11,"Date:""2026-05-16T18:23:53Z""",0.58
12,"Date:""2026-05-16T18:28:30Z""",0.56
13,"Date:""2026-05-16T18:40:04Z""",0.26
14,"Date:""2026-05-16T18:40:50Z""",0.26
15,"Date:""2026-05-16T18:41:17Z""",0.26
16,"Date:""2026-05-16T18:41:24Z""",0.26
17,"Date:""2026-05-16T19:17:30Z""",0.26
18,"Date:""2026-05-16T19:20:21Z""",0.26
19,"Date:""2026-05-16T19:31:13Z""",0.26
20,"Date:""2026-05-16T19:46:57Z""",0.47
21,"Date:""2026-05-16T19:46:57Z""",0.47
22,"Date:""2026-05-16T19:47:08Z""",0.52
23,"Date:""2026-05-16T19:47:12Z""",0.34
24,"Date:""2026-05-16T19:47:28Z""",0.35
25,"Date:""2026-05-16T19:47:44Z""",0.27
26,"Date:""2026-05-16T19:48:02Z""",0.35
27,"Date:""2026-05-16T23:33:27Z""",0.26
28,"Date:""2026-05-16T23:33:58Z""",0.26
29,"Date:""2026-05-16T23:38:47Z""",0.26
30,"Date:""2026-05-16T23:39:05Z""",0.26
31,"Date:""2026-05-16T23:46:00Z""",0.26
32,"Date:""2026-05-16T23:46:26Z""",0.26
33,"Date:""2026-05-16T23:46:50Z""",0.26
34,"Date:""2026-05-16T23:46:58Z""",0.26
35,"Date:""2026-05-16T23:47:14Z""",0.26
36,"Date:""2026-05-16T23:47:19Z""",0.26
37,"Date:""2026-05-16T23:47:19Z""",0.26
38,"Date:""2026-05-16T23:47:51Z""",0.26
39,"Date:""2026-05-17T11:51:57Z""",0.26
40,"Date:""2026-05-17T11:55:49Z""",0.26
41,"Date:""2026-05-17T11:57:09Z""",0.26
42,"Date:""2026-05-17T12:07:18Z""",0.26
43,"Date:""2026-05-17T12:18:56Z""",0.26
44,"Date:""2026-05-17T12:21:41Z""",0.26
45,"Date:""2026-05-17T12:35:44Z""",0.26
46,"Date:""2026-05-17T13:01:58Z""",0.26
47,"Date:""2026-05-17T13:09:53Z""",0.26
48,"Date:""2026-05-17T13:10:21Z""",0.26
49,"Date:""2026-05-17T13:13:43Z""",0.26
50,"Date:""2026-05-17T13:14:19Z""",0.26
51,"Date:""2026-05-17T13:15:00Z""",0.26
52,"Date:""2026-05-17T13:15:49Z""",0.26
53,"Date:""2026-05-17T13:52:54Z""",0.26
54,"Date:""2026-05-17T13:54:20Z""",0.26
55,"Date:""2026-05-17T13:57:47Z""",0.26
56,"Date:""2026-05-17T14:12:55Z""",0.26
57,"Date:""2026-05-17T14:12:55Z""",0.26
58,"Date:""2026-05-17T14:13:12Z""",0.26
59,"Date:""2026-05-17T14:13:15Z""",0.26
60,"Date:""2026-05-17T14:13:32Z""",0.26
61,"Date:""2026-05-17T14:13:49Z""",0.26
62,"Date:""2026-05-17T14:20:31Z""",0.26
63,"Date:""2026-05-17T14:20:44Z""",0.26
64,"Date:""2026-05-17T14:24:04Z""",0.26
65,"Date:""2026-05-17T14:24:16Z""",0.26
66,"Date:""2026-05-17T14:25:29Z""",0.26
67,"Date:""2026-05-17T14:25:35Z""",0.26
68,"Date:""2026-05-17T14:25:48Z""",0.26
69,"Date:""2026-05-17T15:03:58Z""",0.26
70,"Date:""2026-05-17T15:04:11Z""",0.26
71,"Date:""2026-05-17T15:23:14Z""",0.26
72,"Date:""2026-05-17T15:23:17Z""",0.26
73,"Date:""2026-05-17T19:29:46Z""",0.26
74,"Date:""2026-05-17T19:30:05Z""",0.26
75,"Date:""2026-05-17T19:39:16Z""",0.26
76,"Date:""2026-05-17T19:39:16Z""",0.26
77,"Date:""2026-05-17T19:39:16Z""",0.26
78,"Date:""2026-05-17T19:39:16Z""",0.26
79,"Date:""2026-05-17T19:39:16Z""",0.26
80,"Date:""2026-05-17T19:39:40Z""",0.26
81,"Date:""2026-05-17T19:40:04Z""",0.26
82,"Date:""2026-05-17T19:40:04Z""",0.26
83,"Date:""2026-05-17T19:40:04Z""",0.26
84,"Date:""2026-05-17T19:40:38Z""",0.26
85,"Date:""2026-05-17T19:41:25Z""",0.26
86,"Date:""2026-05-17T19:52:07Z""",0.26
87,"Date:""2026-05-18T08:14:37Z""",0.26
88,"Date:""2026-05-18T08:20:01Z""",0.26
89,"Date:""2026-05-18T08:25:03Z""",0.28
90,"Date:""2026-05-18T08:29:37Z""",0.3
91,"Date:""2026-05-18T08:31:10Z""",0.26
92,"Date:""2026-05-18T08:54:42Z""",0.26
93,"Date:""2026-05-18T09:08:38Z""",0.26
94,"Date:""2026-05-18T09:11:13Z""",0.29
95,"Date:""2026-05-18T09:20:23Z""",0.26
96,"Date:""2026-05-18T09:36:58Z""",0.39
97,"Date:""2026-05-18T09:37:11Z""",0.41
98,"Date:""2026-05-18T09:48:49Z""",0.26
99,"Date:""2026-05-18T09:49:41Z""",0.26
100,"Date:""2026-05-18T09:49:59Z""",0.26
101,"Date:""2026-05-18T09:49:59Z""",0.26
102,"Date:""2026-05-18T09:50:05Z""",0.5
103,"Date:""2026-05-18T10:28:27Z""",0.26
104,"Date:""2026-05-18T10:30:48Z""",0.39
105,"Date:""2026-05-18T10:30:54Z""",0.26
106,"Date:""2026-05-18T10:34:45Z""",0.26
107,"Date:""2026-05-18T10:44:38Z""",0.27
108,"Date:""2026-05-18T10:44:38Z""",0.27
109,"Date:""2026-05-18T10:51:15Z""",0.59
110,"Date:""2026-05-18T10:51:15Z""",0.59
111,"Date:""2026-05-18T10:52:25Z""",0.45
112,"Date:""2026-05-18T10:52:36Z""",0.26
113,"Date:""2026-05-18T10:58:01Z""",0.26
114,"Date:""2026-05-18T10:58:51Z""",0.53
115,"Date:""2026-05-18T10:58:56Z""",0.26
116,"Date:""2026-05-18T11:02:31Z""",0.26
117,"Date:""2026-05-18T11:02:33Z""",0.26
118,"Date:""2026-05-18T11:04:05Z""",0.34
119,"Date:""2026-05-18T11:04:08Z""",0.27
120,"Date:""2026-05-18T11:04:08Z""",0.27
121,"Date:""2026-05-18T11:04:11Z""",0.26
122,"Date:""2026-05-18T11:04:15Z""",0.26
123,"Date:""2026-05-18T11:22:27Z""",0.47
124,"Date:""2026-05-18T11:29:56Z""",0.26
125,"Date:""2026-05-18T11:30:14Z""",0.26
126,"Date:""2026-05-18T11:30:26Z""",0.26
127,"Date:""2026-05-18T11:35:45Z""",0.28
128,"Date:""2026-05-18T11:36:09Z""",0.26
129,"Date:""2026-05-18T11:36:09Z""",0.26
130,"Date:""2026-05-18T11:36:22Z""",0.26
131,"Date:""2026-05-18T11:36:30Z""",0.42
132,"Date:""2026-05-18T22:42:40Z""",2.46
133,"Date:""2026-05-18T22:43:07Z""",0.26
134,"Date:""2026-05-18T22:43:56Z""",0.26
135,"Date:""2026-05-18T22:44:22Z""",0.26
136,"Date:""2026-05-18T22:44:22Z""",0.26
137,"Date:""2026-05-18T22:44:31Z""",0.26
138,"Date:""2026-05-18T22:45:20Z""",0.26
139,"Date:""2026-05-18T22:51:31Z""",0.26
140,"Date:""2026-05-18T23:02:48Z""",0.26
141,"Date:""2026-05-18T23:03:30Z""",0.26
142,"Date:""2026-05-18T23:03:52Z""",0.26
143,"Date:""2026-05-18T23:04:02Z""",0.26
144,"Date:""2026-05-18T23:04:08Z""",0.26
145,"Date:""2026-05-18T23:04:12Z""",0.26
146,"Date:""2026-05-18T23:04:27Z""",0.26
147,"Date:""2026-05-18T23:19:21Z""",0.26
148,"Date:""2026-05-18T23:19:50Z""",0.26
149,"Date:""2026-05-18T23:20:02Z""",0.26
150,"Date:""2026-05-18T23:20:02Z""",0.26
151,"Date:""2026-05-19T12:03:18Z""",0.26
152,"Date:""2026-05-19T12:03:48Z""",0.26
153,"Date:""2026-05-19T12:04:20Z""",0.26
154,"Date:""2026-05-19T12:04:27Z""",0.26
155,"Date:""2026-05-19T12:04:40Z""",0.26
156,"Date:""2026-05-19T12:05:14Z""",0.26
157,"Date:""2026-05-19T12:05:59Z""",0.26
158,"Date:""2026-05-19T13:02:53Z""",0.26
159,"Date:""2026-05-19T13:03:16Z""",0.26
160,"Date:""2026-05-19T13:06:14Z""",0.26
161,"Date:""2026-05-19T13:06:34Z""",0.26
162,"Date:""2026-05-19T13:06:44Z""",0.26
163,"Date:""2026-05-19T13:07:41Z""",0.26
164,"Date:""2026-05-19T13:07:59Z""",0.26
165,"Date:""2026-05-19T13:08:23Z""",0.26
166,"Date:""2026-05-19T13:08:27Z""",0.26
167,"Date:""2026-05-19T13:08:31Z""",0.26
168,"Date:""2026-05-19T13:08:37Z""",0.26
169,"Date:""2026-05-19T13:21:46Z""",0.26
170,"Date:""2026-05-19T13:22:57Z""",0.26
171,"Date:""2026-05-19T13:23:22Z""",0.26
172,"Date:""2026-05-19T13:23:34Z""",0.26
173,"Date:""2026-05-19T13:23:39Z""",0.26
174,"Date:""2026-05-19T13:24:00Z""",0.26
175,"Date:""2026-05-19T13:29:59Z""",0.26
176,"Date:""2026-05-19T13:38:03Z""",0.26
177,"Date:""2026-05-19T13:38:29Z""",0.26
178,"Date:""2026-05-19T13:46:13Z""",0.26
179,"Date:""2026-05-19T13:46:36Z""",0.26
180,"Date:""2026-05-19T13:46:44Z""",0.26
181,"Date:""2026-05-19T14:34:28Z""",0.26
182,"Date:""2026-05-19T14:39:30Z""",0.26
183,"Date:""2026-05-19T14:40:55Z""",0.26
184,"Date:""2026-05-19T14:51:23Z""",0.26
185,"Date:""2026-05-19T14:52:53Z""",0.26
186,"Date:""2026-05-19T14:53:31Z""",0.26
187,"Date:""2026-05-19T15:07:59Z""",0.26
188,"Date:""2026-05-19T15:10:52Z""",0.26
189,"Date:""2026-05-19T15:21:46Z""",0.26
190,"Date:""2026-05-19T15:35:41Z""",0.26
191,"Date:""2026-05-19T15:35:53Z""",0.26
192,"Date:""2026-05-19T15:39:50Z""",0.26
193,"Date:""2026-05-19T15:53:49Z""",0.26
194,"Date:""2026-05-19T15:54:39Z""",0.26
195,"Date:""2026-05-19T15:55:07Z""",0.26
196,"Date:""2026-05-19T15:55:13Z""",0.26
197,"Date:""2026-05-20T13:23:57Z""",0.26
198,"Date:""2026-05-20T13:24:55Z""",0.26
199,"Date:""2026-05-20T13:25:04Z""",0.26
200,"Date:""2026-05-20T13:27:51Z""",0.26
201,"Date:""2026-05-20T13:27:59Z""",0.26
202,"Date:""2026-05-20T13:32:01Z""",0.26
203,"Date:""2026-05-20T13:32:52Z""",0.26
204,"Date:""2026-05-20T13:32:58Z""",0.26
205,"Date:""2026-05-20T13:41:03Z""",0.26
206,"Date:""2026-05-20T13:41:43Z""",0.26
207,"Date:""2026-05-20T13:42:34Z""",0.26
208,"Date:""2026-05-20T13:42:40Z""",0.26
209,"Date:""2026-05-20T13:42:40Z""",0.26
210,"Date:""2026-05-20T13:45:03Z""",0.26
211,"Date:""2026-05-20T13:45:40Z""",0.26
212,"Date:""2026-05-20T13:47:14Z""",0.26
213,"Date:""2026-05-20T14:33:46Z""",0.26
214,"Date:""2026-05-20T14:34:44Z""",0.26
215,"Date:""2026-05-20T14:40:25Z""",0.26
216,"Date:""2026-05-20T14:41:25Z""",0.26
217,"Date:""2026-05-20T14:43:59Z""",0.26
218,"Date:""2026-05-20T14:48:29Z""",0.26
219,"Date:""2026-05-20T14:48:47Z""",0.26
220,"Date:""2026-05-20T14:48:47Z""",0.26
221,"Date:""2026-05-20T14:51:08Z""",0.26
222,"Date:""2026-05-20T14:52:33Z""",0.26
223,"Date:""2026-05-20T14:53:23Z""",0.26
224,"Date:""2026-05-20T14:53:25Z""",0.26
225,"Date:""2026-05-20T14:53:25Z""",0.26
226,"Date:""2026-05-20T14:55:59Z""",0.26
227,"Date:""2026-05-20T14:57:31Z""",0.26
228,"Date:""2026-05-20T15:02:36Z""",0.26
229,"Date:""2026-05-20T15:05:22Z""",0.26
230,"Date:""2026-05-20T15:08:00Z""",0.26
231,"Date:""2026-05-20T15:08:06Z""",0.26
232,"Date:""2026-05-20T15:09:27Z""",0.26
233,"Date:""2026-05-20T15:13:19Z""",0.26
234,"Date:""2026-05-20T15:21:36Z""",0.26
235,"Date:""2026-05-20T15:22:35Z""",0.26
236,"Date:""2026-05-20T15:26:24Z""",0.26
237,"Date:""2026-05-20T15:27:27Z""",0.26
238,"Date:""2026-05-20T15:27:31Z""",0.26
239,"Date:""2026-05-20T15:27:52Z""",0.26
240,"Date:""2026-05-20T15:28:29Z""",0.26
241,"Date:""2026-05-20T15:32:23Z""",0.26
242,"Date:""2026-05-20T15:32:23Z""",0.26
243,"Date:""2026-05-20T15:33:08Z""",0.26
244,"Date:""2026-05-20T15:33:24Z""",0.26
245,"Date:""2026-05-20T15:35:58Z""",0.26
246,"Date:""2026-05-20T15:36:25Z""",0.26
247,"Date:""2026-05-20T15:36:31Z""",0.26
248,"Date:""2026-05-20T15:37:04Z""",0.26
249,"Date:""2026-05-20T15:43:52Z""",0.26
250,"Date:""2026-05-20T19:00:28Z""",0.26
251,"Date:""2026-05-20T19:15:51Z""",0.26
252,"Date:""2026-05-20T19:15:55Z""",0.36
253,"Date:""2026-05-20T19:40:18Z""",0.26
254,"Date:""2026-05-20T19:40:36Z""",0.26
255,"Date:""2026-05-20T19:41:50Z""",0.26
256,"Date:""2026-05-20T19:44:41Z""",0.26
257,"Date:""2026-05-20T19:53:32Z""",0.26
258,"Date:""2026-05-20T19:54:16Z""",0.26
259,"Date:""2026-05-20T19:57:17Z""",0.26
260,"Date:""2026-05-20T19:58:12Z""",0.26
261,"Date:""2026-05-20T19:58:18Z""",0.26
262,"Date:""2026-05-20T20:24:45Z""",0.26
263,"Date:""2026-05-20T20:24:51Z""",0.26
264,"Date:""2026-05-20T20:26:56Z""",0.26
265,"Date:""2026-05-20T20:27:02Z""",0.26
266,"Date:""2026-05-20T20:27:57Z""",0.26
267,"Date:""2026-05-20T20:30:45Z""",0.26
268,"Date:""2026-05-20T20:40:43Z""",0.26
269,"Date:""2026-05-20T20:44:49Z""",0.26
270,"Date:""2026-05-20T20:54:58Z""",0.26
271,"Date:""2026-05-21T00:08:06Z""",0.26
272,"Date:""2026-05-21T00:08:14Z""",0.34
273,"Date:""2026-05-21T00:26:12Z""",0.26
274,"Date:""2026-05-21T00:26:16Z""",0.26
275,"Date:""2026-05-21T00:26:50Z""",0.29
276,"Date:""2026-05-21T00:28:49Z""",0.26
277,"Date:""2026-05-21T00:28:55Z""",0.28
278,"Date:""2026-05-21T00:29:07Z""",0.35
279,"Date:""2026-05-21T00:29:07Z""",0.35
280,"Date:""2026-05-21T00:29:13Z""",0.29
281,"Date:""2026-05-21T00:29:58Z""",0.27
282,"Date:""2026-05-21T00:30:28Z""",0.37
283,"Date:""2026-05-21T00:34:55Z""",0.26
284,"Date:""2026-05-21T00:37:02Z""",0.26
285,"Date:""2026-05-21T01:43:36Z""",0.26
286,"Date:""2026-05-21T01:43:44Z""",0.26
287,"Date:""2026-05-21T01:44:59Z""",0.26
288,"Date:""2026-05-21T01:45:32Z""",0.26
289,"Date:""2026-05-21T01:45:47Z""",0.26
290,"Date:""2026-05-21T01:45:52Z""",0.26
291,"Date:""2026-05-21T01:49:19Z""",0.26
292,"Date:""2026-05-21T01:49:19Z""",0.26
293,"Date:""2026-05-21T01:49:48Z""",0.26
294,"Date:""2026-05-21T01:50:08Z""",0.26
295,"Date:""2026-05-21T01:50:45Z""",0.26
296,"Date:""2026-05-22T00:24:47Z""",0.26
297,"Date:""2026-05-22T00:24:47Z""",0.26
298,"Date:""2026-05-22T00:24:47Z""",0.26
299,"Date:""2026-05-22T00:26:42Z""",0.26
300,"Date:""2026-05-22T00:27:18Z""",0.26
301,"Date:""2026-05-22T00:27:22Z""",0.26
302,"Date:""2026-05-22T00:27:31Z""",0.26
303,"Date:""2026-05-22T00:42:19Z""",0.26
304,"Date:""2026-05-22T00:42:19Z""",0.26
305,"Date:""2026-05-22T00:42:44Z""",0.26
306,"Date:""2026-05-22T00:43:02Z""",0.26
307,"Date:""2026-05-22T00:43:02Z""",0.26
308,"Date:""2026-05-22T00:43:06Z""",0.43
309,"Date:""2026-05-22T00:46:36Z""",0.26
310,"Date:""2026-05-22T00:46:36Z""",0.26
311,"Date:""2026-05-22T00:47:59Z""",0.26
312,"Date:""2026-05-22T00:47:59Z""",0.26
313,"Date:""2026-05-22T00:49:32Z""",0.27
314,"Date:""2026-05-22T00:49:38Z""",0.26
315,"Date:""2026-05-22T00:49:38Z""",0.26
316,"Date:""2026-05-22T00:49:38Z""",0.26
317,"Date:""2026-05-22T00:49:48Z""",0.26
318,"Date:""2026-05-22T00:53:29Z""",0.26
319,"Date:""2026-05-22T00:53:52Z""",0.26
320,"Date:""2026-05-22T00:54:09Z""",0.26
321,"Date:""2026-05-22T00:57:01Z""",0.26
322,"Date:""2026-05-22T00:58:30Z""",0.26
323,"Date:""2026-05-22T00:58:36Z""",0.26
324,"Date:""2026-05-22T00:58:42Z""",0.26
325,"Date:""2026-05-22T01:22:16Z""",0.26
326,"Date:""2026-05-22T01:26:43Z""",0.26
327,"Date:""2026-05-22T01:28:17Z""",0.26
328,"Date:""2026-05-22T01:39:17Z""",0.26
329,"Date:""2026-05-22T01:53:41Z""",0.26
330,"Date:""2026-05-22T01:56:28Z""",0.26
331,"Date:""2026-05-22T16:13:00Z""",0.26
332,"Date:""2026-05-22T16:17:10Z""",0.26
333,"Date:""2026-05-22T16:17:16Z""",0.26
334,"Date:""2026-05-22T16:17:22Z""",0.26
335,"Date:""2026-05-22T16:17:46Z""",0.26
336,"Date:""2026-05-22T16:49:56Z""",0.26
337,"Date:""2026-05-22T17:09:35Z""",0.27
338,"Date:""2026-05-22T17:09:39Z""",0.26
339,"Date:""2026-05-22T17:09:43Z""",0.26
340,"Date:""2026-05-22T17:14:49Z""",0.26
341,"Date:""2026-05-22T17:15:04Z""",0.27
342,"Date:""2026-05-22T17:15:07Z""",0.32
343,"Date:""2026-05-22T17:19:09Z""",0.45
344,"Date:""2026-05-22T17:19:12Z""",0.34
345,"Date:""2026-05-22T17:19:16Z""",0.28
346,"Date:""2026-05-22T17:19:19Z""",0.26
347,"Date:""2026-05-22T17:19:28Z""",0.26
348,"Date:""2026-05-22T17:19:30Z""",0.35
349,"Date:""2026-05-23T00:20:02Z""",0.26
350,"Date:""2026-05-23T00:20:38Z""",0.26
351,"Date:""2026-05-23T00:21:32Z""",0.26
352,"Date:""2026-05-23T00:21:39Z""",0.26
353,"Date:""2026-05-23T00:21:39Z""",0.26
354,"Date:""2026-05-23T00:21:39Z""",0.26
355,"Date:""2026-05-23T00:22:07Z""",0.26
356,"Date:""2026-05-23T00:22:07Z""",0.26
357,"Date:""2026-05-23T00:22:25Z""",0.26
358,"Date:""2026-05-23T00:22:25Z""",0.26
359,"Date:""2026-05-23T00:22:31Z""",0.26
360,"Date:""2026-05-23T00:36:53Z""",0.26
361,"Date:""2026-05-23T00:49:54Z""",0.46
362,"Date:""2026-05-23T00:50:12Z""",0.35
363,"Date:""2026-05-23T00:51:07Z""",0.43
364,"Date:""2026-05-23T01:02:12Z""",0.26
365,"Date:""2026-05-23T01:07:28Z""",0.39
366,"Date:""2026-05-23T01:08:57Z""",0.42
367,"Date:""2026-05-23T01:20:26Z""",0.39
368,"Date:""2026-05-23T01:22:25Z""",0.29
369,"Date:""2026-05-23T01:23:35Z""",0.27
370,"Date:""2026-05-23T01:35:42Z""",0.43
371,"Date:""2026-05-23T01:38:31Z""",0.27
372,"Date:""2026-05-23T01:52:36Z""",0.26
373,"Date:""2026-05-23T02:09:48Z""",0.45
374,"Date:""2026-05-23T02:12:43Z""",0.42
375,"Date:""2026-05-23T02:13:50Z""",0.49
376,"Date:""2026-05-23T02:13:50Z""",0.49
377,"Date:""2026-05-23T02:23:35Z""",0.26
378,"Date:""2026-05-23T02:28:07Z""",0.47
379,"Date:""2026-05-23T02:44:53Z""",0.43
380,"Date:""2026-05-23T02:52:55Z""",0.39
381,"Date:""2026-05-23T02:52:59Z""",0.4
382,"Date:""2026-05-23T02:56:15Z""",0.27
383,"Date:""2026-05-23T02:58:18Z""",0.33
384,"Date:""2026-05-23T03:00:45Z""",0.39
385,"Date:""2026-05-23T03:03:45Z""",0.26
386,"Date:""2026-05-23T03:07:29Z""",0.26
387,"Date:""2026-05-23T03:08:34Z""",0.26
388,"Date:""2026-05-23T03:08:42Z""",0.26
389,"Date:""2026-05-23T03:13:03Z""",0.26
390,"Date:""2026-05-23T03:17:28Z""",0.26
391,"Date:""2026-05-23T03:17:32Z""",0.26
392,"Date:""2026-05-23T03:24:32Z""",0.26
393,"Date:""2026-05-23T03:24:57Z""",0.26
394,"Date:""2026-05-23T03:26:04Z""",0.26
395,"Date:""2026-05-23T03:28:28Z""",0.26
396,"Date:""2026-05-23T03:31:43Z""",0.26
397,"Date:""2026-05-23T03:36:16Z""",0.26
398,"Date:""2026-05-23T03:36:24Z""",0.26
399,"Date:""2026-05-23T03:36:24Z""",0.26
400,"Date:""2026-05-23T03:36:24Z""",0.26
401,"Date:""2026-05-23T03:41:01Z""",0.26
402,"Date:""2026-05-23T03:48:16Z""",0.26
403,"Date:""2026-05-23T03:53:20Z""",0.26
404,"Date:""2026-05-23T03:54:01Z""",0.26
405,"Date:""2026-05-23T03:59:02Z""",0.26
406,"Date:""2026-05-23T03:59:28Z""",0.26
407,"Date:""2026-05-23T03:59:41Z""",0.26
408,"Date:""2026-05-23T20:33:53Z""",0.26
409,"Date:""2026-05-23T22:02:33Z""",0.26
410,"Date:""2026-05-23T22:03:43Z""",0.26
411,"Date:""2026-05-23T22:03:53Z""",0.26
412,"Date:""2026-05-23T22:04:12Z""",0.26
413,"Date:""2026-05-23T22:06:10Z""",0.26
414,"Date:""2026-05-23T22:18:58Z""",0.26
415,"Date:""2026-05-23T22:20:26Z""",0.26
416,"Date:""2026-05-23T22:51:49Z""",0.26
417,"Date:""2026-05-23T23:36:45Z""",0.26
418,"Date:""2026-05-23T23:37:52Z""",0.26
419,"Date:""2026-05-23T23:39:45Z""",0.26
420,"Date:""2026-05-23T23:40:05Z""",0.26
421,"Date:""2026-05-23T23:46:31Z""",0.26
422,"Date:""2026-05-24T00:07:17Z""",0.26
423,"Date:""2026-05-24T00:49:35Z""",0.26
424,"Date:""2026-05-24T06:01:22Z""",0.26
425,"Date:""2026-05-24T06:10:44Z""",0.26
426,"Date:""2026-05-24T06:10:53Z""",0.26
427,"Date:""2026-05-24T06:10:59Z""",0.26
428,"Date:""2026-05-24T06:11:07Z""",0.26
429,"Date:""2026-05-24T06:11:56Z""",0.26
430,"Date:""2026-05-24T06:12:28Z""",0.26
431,"Date:""2026-05-24T06:32:35Z""",0.26
432,"Date:""2026-05-24T06:37:20Z""",0.26
433,"Date:""2026-05-24T06:54:46Z""",0.26
434,"Date:""2026-05-24T06:55:11Z""",0.26
435,"Date:""2026-05-24T06:55:15Z""",0.26
436,"Date:""2026-05-24T07:12:06Z""",0.26
437,"Date:""2026-05-24T07:16:13Z""",0.26
438,"Date:""2026-05-24T07:30:04Z""",0.26
439,"Date:""2026-05-24T07:32:05Z""",0.26
440,"Date:""2026-05-24T07:36:26Z""",0.26
441,"Date:""2026-05-24T07:36:55Z""",0.26
442,"Date:""2026-05-24T07:38:11Z""",0.26
443,"Date:""2026-05-24T07:38:17Z""",0.26
444,"Date:""2026-05-24T07:41:43Z""",0.26
445,"Date:""2026-05-24T07:43:50Z""",0.26
446,"Date:""2026-05-24T07:48:20Z""",0.26
447,"Date:""2026-05-24T10:20:44Z""",0.26
448,"Date:""2026-05-24T10:20:49Z""",0.26
449,"Date:""2026-05-24T15:23:19Z""",0.26
450,"Date:""2026-05-24T15:23:23Z""",0.26
451,"Date:""2026-05-24T15:23:28Z""",0.26
452,"Date:""2026-05-24T15:26:24Z""",0.26
453,"Date:""2026-05-24T15:26:24Z""",0.26
454,"Date:""2026-05-24T15:32:48Z""",0.26
455,"Date:""2026-05-24T15:32:53Z""",0.26
456,"Date:""2026-05-24T15:33:12Z""",0.27
457,"Date:""2026-05-24T15:33:12Z""",0.27
458,"Date:""2026-05-24T15:33:28Z""",0.26
459,"Date:""2026-05-24T15:34:57Z""",0.26
460,"Date:""2026-05-24T15:37:11Z""",0.26
461,"Date:""2026-05-24T15:37:56Z""",0.27
462,"Date:""2026-05-24T15:55:38Z""",0.26
463,"Date:""2026-05-24T15:55:47Z""",0.26
464,"Date:""2026-05-24T16:00:39Z""",0.26
465,"Date:""2026-05-24T16:02:11Z""",0.26
466,"Date:""2026-05-24T16:15:20Z""",0.26
467,"Date:""2026-05-24T16:16:42Z""",0.26
468,"Date:""2026-05-24T16:17:17Z""",0.26
469,"Date:""2026-05-24T16:33:39Z""",0.26
470,"Date:""2026-05-24T16:36:16Z""",0.26
471,"Date:""2026-05-24T16:49:29Z""",0.26
472,"Date:""2026-05-24T17:50:42Z""",0.26
473,"Date:""2026-05-24T17:54:15Z""",0.26
474,"Date:""2026-05-24T17:55:07Z""",0.26
475,"Date:""2026-05-24T18:15:07Z""",0.26
476,"Date:""2026-05-24T18:16:01Z""",0.26
477,"Date:""2026-05-24T18:21:35Z""",0.26
478,"Date:""2026-05-24T18:30:39Z""",0.26
479,"Date:""2026-05-24T18:30:39Z""",0.26
480,"Date:""2026-05-24T18:31:53Z""",0.26
481,"Date:""2026-05-24T18:32:01Z""",0.26
482,"Date:""2026-05-24T18:51:39Z""",0.26
483,"Date:""2026-05-24T18:54:57Z""",0.26
484,"Date:""2026-05-24T19:58:42Z""",0.26
485,"Date:""2026-05-24T20:02:52Z""",0.26
486,"Date:""2026-05-24T20:22:52Z""",0.26
