GroupName,UnitID,UnitName1,MaxSpeed,MilesDriven,TravelTimeSecs,Textbox3,IdleTimeSecs,Textbox6,IdleTimeSecs2,Textbox11,Textbox15,Textbox16,Textbox17,Textbox18,Textbox19,Textbox22,Textbox23
,1BYW,A1 CHN0177 AIR2,0,"0,00",0H:0M:0S,"0,00",0H:0M:0S,"0,00",0H:0M:0S,"0,00","3.033,04",3D:8H:57M:49S,"80,96",1D:6H:19M:14S,"30,32",4D:15H:17M:3S,"111,28"
,19JO,A1 LUL 144,87,"336,35",11H:42M:44S,"11,71",1H:36M:54S,"1,62",13H:19M:38S,"13,33","3.033,04",3D:8H:57M:49S,"80,96",1D:6H:19M:14S,"30,32",4D:15H:17M:3S,"111,28"
,1BIL,CHN0177,0,"0,00",0H:0M:0S,"0,00",0H:0M:0S,"0,00",0H:0M:0S,"0,00","3.033,04",3D:8H:57M:49S,"80,96",1D:6H:19M:14S,"30,32",4D:15H:17M:3S,"111,28"
,1BGJ,IBZ301,0,"0,00",0H:0M:0S,"0,00",0H:0M:0S,"0,00",0H:0M:0S,"0,00","3.033,04",3D:8H:57M:49S,"80,96",1D:6H:19M:14S,"30,32",4D:15H:17M:3S,"111,28"
,1BY0,IBZ301 AIR2,0,"0,00",0H:0M:0S,"0,00",0H:0M:0S,"0,00",0H:0M:0S,"0,00","3.033,04",3D:8H:57M:49S,"80,96",1D:6H:19M:14S,"30,32",4D:15H:17M:3S,"111,28"
,1CTQ,LQK053,68,"36,19",1H:6M:20S,"1,11",0H:44M:13S,"0,74",1H:50M:33S,"1,84","3.033,04",3D:8H:57M:49S,"80,96",1D:6H:19M:14S,"30,32",4D:15H:17M:3S,"111,28"
,1C04,LQK053 AIR2,0,"0,00",0H:0M:0S,"0,00",0H:0M:0S,"0,00",0H:0M:0S,"0,00","3.033,04",3D:8H:57M:49S,"80,96",1D:6H:19M:14S,"30,32",4D:15H:17M:3S,"111,28"
,1CU6,LQK054,0,"0,00",0H:0M:0S,"0,00",0H:0M:0S,"0,00",0H:0M:0S,"0,00","3.033,04",3D:8H:57M:49S,"80,96",1D:6H:19M:14S,"30,32",4D:15H:17M:3S,"111,28"
,1BQO,LQK054 AIR2,0,"0,00",0H:0M:0S,"0,00",0H:0M:0S,"0,00",0H:0M:0S,"0,00","3.033,04",3D:8H:57M:49S,"80,96",1D:6H:19M:14S,"30,32",4D:15H:17M:3S,"111,28"
,1CM2,LUL144,89,"479,81",11H:26M:21S,"11,44",3H:35M:25S,"3,59",15H:1M:46S,"15,03","3.033,04",3D:8H:57M:49S,"80,96",1D:6H:19M:14S,"30,32",4D:15H:17M:3S,"111,28"
,1BW4,LUL144 AIR2,0,"0,00",0H:0M:0S,"0,00",0H:0M:0S,"0,00",0H:0M:0S,"0,00","3.033,04",3D:8H:57M:49S,"80,96",1D:6H:19M:14S,"30,32",4D:15H:17M:3S,"111,28"
,1CWQ,LUM169,92,"513,04",13H:19M:45S,"13,33",1H:54M:32S,"1,91",15H:14M:17S,"15,24","3.033,04",3D:8H:57M:49S,"80,96",1D:6H:19M:14S,"30,32",4D:15H:17M:3S,"111,28"
,1BN8,LUM169 AIR2,0,"0,00",0H:0M:0S,"0,00",0H:0M:0S,"0,00",0H:0M:0S,"0,00","3.033,04",3D:8H:57M:49S,"80,96",1D:6H:19M:14S,"30,32",4D:15H:17M:3S,"111,28"
,1BP0,LUM169 AIR2.,0,"0,00",0H:0M:0S,"0,00",0H:0M:0S,"0,00",0H:0M:0S,"0,00","3.033,04",3D:8H:57M:49S,"80,96",1D:6H:19M:14S,"30,32",4D:15H:17M:3S,"111,28"
,1CPT,NOY423,72,"12,12",0H:25M:29S,"0,42",0H:21M:37S,"0,36",0H:47M:6S,"0,79","3.033,04",3D:8H:57M:49S,"80,96",1D:6H:19M:14S,"30,32",4D:15H:17M:3S,"111,28"
,1BQ8,NOY423 VF,0,"0,00",0H:0M:0S,"0,00",0H:0M:0S,"0,00",0H:0M:0S,"0,00","3.033,04",3D:8H:57M:49S,"80,96",1D:6H:19M:14S,"30,32",4D:15H:17M:3S,"111,28"
,1CX6,NOY424,0,"0,00",0H:0M:0S,"0,00",0H:13M:40S,"0,23",0H:13M:40S,"0,23","3.033,04",3D:8H:57M:49S,"80,96",1D:6H:19M:14S,"30,32",4D:15H:17M:3S,"111,28"
,1A6X,NOY424 AIR2,0,"0,00",0H:0M:0S,"0,00",0H:0M:0S,"0,00",0H:0M:0S,"0,00","3.033,04",3D:8H:57M:49S,"80,96",1D:6H:19M:14S,"30,32",4D:15H:17M:3S,"111,28"
,1CTA,NUW693,89,"457,09",10H:43M:51S,"10,73",4H:52M:18S,"4,87",15H:36M:9S,"15,60","3.033,04",3D:8H:57M:49S,"80,96",1D:6H:19M:14S,"30,32",4D:15H:17M:3S,"111,28"
,1BO4,NUW693 AIR2,0,"0,00",0H:0M:0S,"0,00",0H:0M:0S,"0,00",0H:0M:0S,"0,00","3.033,04",3D:8H:57M:49S,"80,96",1D:6H:19M:14S,"30,32",4D:15H:17M:3S,"111,28"
,1BWK,NUW693 AIR2,0,"0,00",0H:0M:0S,"0,00",0H:0M:0S,"0,00",0H:0M:0S,"0,00","3.033,04",3D:8H:57M:49S,"80,96",1D:6H:19M:14S,"30,32",4D:15H:17M:3S,"111,28"
,1COX,QJX175,77,"481,58",13H:2M:45S,"13,05",7H:54M:21S,"7,91",20H:57M:6S,"20,95","3.033,04",3D:8H:57M:49S,"80,96",1D:6H:19M:14S,"30,32",4D:15H:17M:3S,"111,28"
,1A3E,QJX175 AIR2,0,"0,00",0H:0M:0S,"0,00",0H:0M:0S,"0,00",0H:0M:0S,"0,00","3.033,04",3D:8H:57M:49S,"80,96",1D:6H:19M:14S,"30,32",4D:15H:17M:3S,"111,28"
,1BS0,QJX175 AIR2.,0,"0,00",0H:0M:0S,"0,00",0H:0M:0S,"0,00",0H:0M:0S,"0,00","3.033,04",3D:8H:57M:49S,"80,96",1D:6H:19M:14S,"30,32",4D:15H:17M:3S,"111,28"
,1CVU,QJY339,93,"630,99",14H:52M:59S,"14,88",6H:55M:4S,"6,92",21H:48M:3S,"21,80","3.033,04",3D:8H:57M:49S,"80,96",1D:6H:19M:14S,"30,32",4D:15H:17M:3S,"111,28"
,1BR4,QJY339 AIR2,0,"0,00",0H:0M:0S,"0,00",0H:0M:0S,"0,00",0H:0M:0S,"0,00","3.033,04",3D:8H:57M:49S,"80,96",1D:6H:19M:14S,"30,32",4D:15H:17M:3S,"111,28"
,1BRK,QJY339 AIR2,0,"0,00",0H:0M:0S,"0,00",0H:0M:0S,"0,00",0H:0M:0S,"0,00","3.033,04",3D:8H:57M:49S,"80,96",1D:6H:19M:14S,"30,32",4D:15H:17M:3S,"111,28"
,1CY8,SMR198,0,"0,00",0H:0M:0S,"0,00",0H:0M:0S,"0,00",0H:0M:0S,"0,00","3.033,04",3D:8H:57M:49S,"80,96",1D:6H:19M:14S,"30,32",4D:15H:17M:3S,"111,28"
,1BPH,SMR198 AIR2,0,"0,00",0H:0M:0S,"0,00",0H:0M:0S,"0,00",0H:0M:0S,"0,00","3.033,04",3D:8H:57M:49S,"80,96",1D:6H:19M:14S,"30,32",4D:15H:17M:3S,"111,28"
,1CRI,SMR391,68,"14,79",0H:29M:23S,"0,49",0H:15M:56S,"0,27",0H:45M:19S,"0,76","3.033,04",3D:8H:57M:49S,"80,96",1D:6H:19M:14S,"30,32",4D:15H:17M:3S,"111,28"
,1BNO,SMR391 VF,0,"0,00",0H:0M:0S,"0,00",0H:0M:0S,"0,00",0H:0M:0S,"0,00","3.033,04",3D:8H:57M:49S,"80,96",1D:6H:19M:14S,"30,32",4D:15H:17M:3S,"111,28"
,1CWW,SXY625,60,"71,08",3H:48M:12S,"3,80",1H:55M:14S,"1,92",5H:43M:26S,"5,72","3.033,04",3D:8H:57M:49S,"80,96",1D:6H:19M:14S,"30,32",4D:15H:17M:3S,"111,28"
,1BXS,SXY625 AIR2,0,"0,00",0H:0M:0S,"0,00",0H:0M:0S,"0,00",0H:0M:0S,"0,00","3.033,04",3D:8H:57M:49S,"80,96",1D:6H:19M:14S,"30,32",4D:15H:17M:3S,"111,28"
,1CSU,SXZ756,0,"0,00",0H:0M:0S,"0,00",0H:0M:0S,"0,00",0H:0M:0S,"0,00","3.033,04",3D:8H:57M:49S,"80,96",1D:6H:19M:14S,"30,32",4D:15H:17M:3S,"111,28"
,1BOK,SXZ756 AIR2,0,"0,00",0H:0M:0S,"0,00",0H:0M:0S,"0,00",0H:0M:0S,"0,00","3.033,04",3D:8H:57M:49S,"80,96",1D:6H:19M:14S,"30,32",4D:15H:17M:3S,"111,28"
,1CPD,TDL795,0,"0,00",0H:0M:0S,"0,00",0H:0M:0S,"0,00",0H:0M:0S,"0,00","3.033,04",3D:8H:57M:49S,"80,96",1D:6H:19M:14S,"30,32",4D:15H:17M:3S,"111,28"
,1BX0,TDL795 AIR2,0,"0,00",0H:0M:0S,"0,00",0H:0M:0S,"0,00",0H:0M:0S,"0,00","3.033,04",3D:8H:57M:49S,"80,96",1D:6H:19M:14S,"30,32",4D:15H:17M:3S,"111,28"
,1CN2,TDL796,0,"0,00",0H:0M:0S,"0,00",0H:0M:0S,"0,00",0H:0M:0S,"0,00","3.033,04",3D:8H:57M:49S,"80,96",1D:6H:19M:14S,"30,32",4D:15H:17M:3S,"111,28"
,1BXK,TDL796 AIR2,0,"0,00",0H:0M:0S,"0,00",0H:0M:0S,"0,00",0H:0M:0S,"0,00","3.033,04",3D:8H:57M:49S,"80,96",1D:6H:19M:14S,"30,32",4D:15H:17M:3S,"111,28"
,1CU3,TDL797,0,"0,00",0H:0M:0S,"0,00",0H:0M:0S,"0,00",0H:0M:0S,"0,00","3.033,04",3D:8H:57M:49S,"80,96",1D:6H:19M:14S,"30,32",4D:15H:17M:3S,"111,28"
,1BXC,TDL797 VF,0,"0,00",0H:0M:0S,"0,00",0H:0M:0S,"0,00",0H:0M:0S,"0,00","3.033,04",3D:8H:57M:49S,"80,96",1D:6H:19M:14S,"30,32",4D:15H:17M:3S,"111,28"
,1COV,WFL149,0,"0,00",0H:0M:0S,"0,00",0H:0M:0S,"0,00",0H:0M:0S,"0,00","3.033,04",3D:8H:57M:49S,"80,96",1D:6H:19M:14S,"30,32",4D:15H:17M:3S,"111,28"
,1A8E,WFL149 AIR2,0,"0,00",0H:0M:0S,"0,00",0H:0M:0S,"0,00",0H:0M:0S,"0,00","3.033,04",3D:8H:57M:49S,"80,96",1D:6H:19M:14S,"30,32",4D:15H:17M:3S,"111,28"

