GroupName,UnitName,StartTime,MovingTimeSecs,MilesDriven,MaxSpeed,StopTime,textbox43,StopLengthSecs,ContactName,textbox28,textbox29,textbox30,textbox32,MovingTimeSecs_1,MilesDriven_1,MaxSpeed_1,StopLengthSecs_1
,Unidad: FSQ694,12/06/2026 7:00 p.m.,00h:00m:00s,"0,00",0,13/06/2026 12:44:4.m.,Denido/Ralenti,24h:23m:34s,"Kr145 145-12, Bogota, Cundinamarca",04h:34m:08s,"97,99",40,101h:01m:17s,16h:15m:18s,"310,41",40,296h:23m:18s
,Unidad: FSQ694,13/06/2026 7:14 p.m.,00h:00m:00s,"0,00",0,13/06/2026 7:14:4.m.,Denido/Ralenti,36h:54m:49s,"Kr145 145-12, Bogota, Cundinamarca",04h:34m:08s,"97,99",40,101h:01m:17s,16h:15m:18s,"310,41",40,296h:23m:18s
,Unidad: FSQ694,15/06/2026 8:09 a.m.,00h:00m:00s,"0,00",0,15/06/2026 8:09:3.m.,Denido/Ralenti,20h:23m:22s,"Kr145 145-12, Bogota, Cundinamarca",04h:34m:08s,"97,99",40,101h:01m:17s,16h:15m:18s,"310,41",40,296h:23m:18s
,Unidad: FSQ694,16/06/2026 4:20 a.m.,00h:00m:00s,"0,00",0,16/06/2026 4:20:2.m.,Denido/Ralenti,00h:09m:28s,"Kr145 145-12, Bogota, Cundinamarca",04h:34m:08s,"97,99",40,101h:01m:17s,16h:15m:18s,"310,41",40,296h:23m:18s
,Unidad: FSQ694,16/06/2026 4:30 a.m.,00h:14m:33s,"3,51",13,16/06/2026 4:45:2.m.,Ralenti/Ign Apagada,00h:15m:43s,"Cl132d 159-20, Bogota, Cundinamarca, Colombia",04h:34m:08s,"97,99",40,101h:01m:17s,16h:15m:18s,"310,41",40,296h:23m:18s
,Unidad: FSQ694,16/06/2026 5:00 a.m.,00h:00m:00s,"0,00",0,16/06/2026 5:00:4.m.,Denido/Ralenti,00h:00m:00s,"Cl132d 159-20, Bogota, Cundinamarca, Colombia",04h:34m:08s,"97,99",40,101h:01m:17s,16h:15m:18s,"310,41",40,296h:23m:18s
,Unidad: FSQ694,16/06/2026 5:01 a.m.,00h:08m:00s,"2,40",27,16/06/2026 5:09:4.m.,Ralenti,00h:03m:19s,"Entrada A La Cl80-81, Bogota, Cundinamarca",04h:34m:08s,"97,99",40,101h:01m:17s,16h:15m:18s,"310,41",40,296h:23m:18s
,Unidad: FSQ694,16/06/2026 5:13 a.m.,00h:03m:41s,"1,69",25,16/06/2026 5:16:4.m.,Ralenti,00h:00m:59s,"Cl80 107-59, Bogota, Cundinamarca",04h:34m:08s,"97,99",40,101h:01m:17s,16h:15m:18s,"310,41",40,296h:23m:18s
,Unidad: FSQ694,16/06/2026 5:17 a.m.,00h:04m:01s,"1,27",21,16/06/2026 5:21:4.m.,Ralenti,00h:01m:00s,"Via Principal-78, Bogota, Cundinamarca",04h:34m:08s,"97,99",40,101h:01m:17s,16h:15m:18s,"310,41",40,296h:23m:18s
,Unidad: FSQ694,16/06/2026 5:22 a.m.,00h:07m:00s,"3,07",22,16/06/2026 5:29:4.m.,Ralenti,00h:01m:00s,"Via Principal-14, Bogota, Cundinamarca",04h:34m:08s,"97,99",40,101h:01m:17s,16h:15m:18s,"310,41",40,296h:23m:18s
,Unidad: FSQ694,16/06/2026 5:30 a.m.,00h:05m:00s,"2,35",27,16/06/2026 5:35:4.m.,Ralenti/Ign Apagada,00h:19m:52s,"Cl75a 62-52, Bogota, Cundinamarca",04h:34m:08s,"97,99",40,101h:01m:17s,16h:15m:18s,"310,41",40,296h:23m:18s
,Unidad: FSQ694,16/06/2026 5:54 a.m.,00h:00m:00s,"0,00",0,16/06/2026 5:54:2.m.,Denido/Ralenti,00h:00m:39s,"Cl75a 62-52, Bogota, Cundinamarca",04h:34m:08s,"97,99",40,101h:01m:17s,16h:15m:18s,"310,41",40,296h:23m:18s
,Unidad: FSQ694,16/06/2026 5:56 a.m.,00h:00m:32s,"0,08",4,16/06/2026 5:56:3.m.,Ignición Apagada,00h:14m:44s,"Cl75b 61-96, Bogota, Cundinamarca",04h:34m:08s,"97,99",40,101h:01m:17s,16h:15m:18s,"310,41",40,296h:23m:18s
,Unidad: FSQ694,16/06/2026 6:11 a.m.,00h:00m:00s,"0,00",0,16/06/2026 6:11:2.m.,Denido/Ralenti,00h:00m:51s,"Cl75b 61-96, Bogota, Cundinamarca",04h:34m:08s,"97,99",40,101h:01m:17s,16h:15m:18s,"310,41",40,296h:23m:18s
,Unidad: FSQ694,16/06/2026 6:13 a.m.,00h:02m:10s,"0,35",6,16/06/2026 6:15:2.m.,Ralenti,00h:02m:00s,"Cl78 58-80, Bogota, Cundinamarca, Colombia",04h:34m:08s,"97,99",40,101h:01m:17s,16h:15m:18s,"310,41",40,296h:23m:18s
,Unidad: FSQ694,16/06/2026 6:17 a.m.,00h:19m:00s,"10,53",34,16/06/2026 6:36:2.m.,Ralenti,00h:01m:00s,"Av Suba 104-34, Bogota, Cundinamarca",04h:34m:08s,"97,99",40,101h:01m:17s,16h:15m:18s,"310,41",40,296h:23m:18s
,Unidad: FSQ694,16/06/2026 6:37 a.m.,00h:07m:00s,"2,45",12,16/06/2026 6:44:2.m.,Ralenti,00h:00m:39s,"Tr127 139abis-13, Bogota, Cundinamarca",04h:34m:08s,"97,99",40,101h:01m:17s,16h:15m:18s,"310,41",40,296h:23m:18s
,Unidad: FSQ694,16/06/2026 6:45 a.m.,00h:02m:21s,"0,58",11,16/06/2026 6:47:2.m.,Ralenti,00h:04m:00s,"Cl139 134, Bogota, Cundinamarca",04h:34m:08s,"97,99",40,101h:01m:17s,16h:15m:18s,"310,41",40,296h:23m:18s
,Unidad: FSQ694,16/06/2026 6:51 a.m.,00h:04m:00s,"1,00",21,16/06/2026 6:55:2.m.,Ralenti/Ign Apagada,00h:28m:59s,"Cl138 149c-32, Bogota, Cundinamarca",04h:34m:08s,"97,99",40,101h:01m:17s,16h:15m:18s,"310,41",40,296h:23m:18s
,Unidad: FSQ694,16/06/2026 7:23 a.m.,00h:00m:00s,"0,00",0,16/06/2026 7:23:5.m.,Denido/Ralenti,00h:00m:00s,"Cl138 149c-32, Bogota, Cundinamarca",04h:34m:08s,"97,99",40,101h:01m:17s,16h:15m:18s,"310,41",40,296h:23m:18s
,Unidad: FSQ694,16/06/2026 7:24 a.m.,00h:02m:00s,"0,85",17,16/06/2026 7:26:5.m.,Ralenti,00h:04m:00s,"Calle 138 #157-2 a 157-98, Bogotá, Bogotá, Colombia",04h:34m:08s,"97,99",40,101h:01m:17s,16h:15m:18s,"310,41",40,296h:23m:18s
,Unidad: FSQ694,16/06/2026 7:30 a.m.,00h:03m:00s,"1,08",7,16/06/2026 7:33:5.m.,Ralenti,00h:05m:00s,"Cl132d 156a-19, Bogota, Cundinamarca",04h:34m:08s,"97,99",40,101h:01m:17s,16h:15m:18s,"310,41",40,296h:23m:18s
,Unidad: FSQ694,16/06/2026 7:38 a.m.,00h:02m:59s,"0,51",14,16/06/2026 7:41:5.m.,Ralenti,00h:01m:01s,"Cl132d 151a-36, Bogota, Cundinamarca",04h:34m:08s,"97,99",40,101h:01m:17s,16h:15m:18s,"310,41",40,296h:23m:18s
,Unidad: FSQ694,16/06/2026 7:42 a.m.,00h:03m:00s,"1,21",21,16/06/2026 7:45:5.m.,Ralenti,00h:00m:25s,"Cl132d 129-12, Bogota, Cundinamarca",04h:34m:08s,"97,99",40,101h:01m:17s,16h:15m:18s,"310,41",40,296h:23m:18s
,Unidad: FSQ694,16/06/2026 7:46 a.m.,00h:06m:35s,"1,85",12,16/06/2026 7:52:5.m.,Ralenti,00h:01m:00s,"Cl132 107a-48, Bogota, Cundinamarca",04h:34m:08s,"97,99",40,101h:01m:17s,16h:15m:18s,"310,41",40,296h:23m:18s
,Unidad: FSQ694,16/06/2026 7:53 a.m.,00h:00m:59s,"0,23",9,16/06/2026 7:54:5.m.,Ralenti,00h:01m:01s,"Entrada A La Kr104-26, Bogota, Cundinamarca",04h:34m:08s,"97,99",40,101h:01m:17s,16h:15m:18s,"310,41",40,296h:23m:18s
,Unidad: FSQ694,16/06/2026 7:55 a.m.,00h:04m:59s,"1,85",30,16/06/2026 8:00:5.m.,Ralenti,00h:02m:01s,"Cl127 93c-67, Bogota, Cundinamarca",04h:34m:08s,"97,99",40,101h:01m:17s,16h:15m:18s,"310,41",40,296h:23m:18s
,Unidad: FSQ694,16/06/2026 8:02 a.m.,00h:01m:00s,"0,27",13,16/06/2026 8:03:5.m.,Ralenti,00h:01m:59s,"Cl127 92-57, Bogota, Cundinamarca",04h:34m:08s,"97,99",40,101h:01m:17s,16h:15m:18s,"310,41",40,296h:23m:18s
,Unidad: FSQ694,16/06/2026 8:05 a.m.,00h:07m:01s,"2,83",25,16/06/2026 8:12:5.m.,Ralenti,00h:01m:00s,"Cl80 82-79, Bogota, Cundinamarca",04h:34m:08s,"97,99",40,101h:01m:17s,16h:15m:18s,"310,41",40,296h:23m:18s
,Unidad: FSQ694,16/06/2026 8:13 a.m.,00h:01m:00s,"0,14",7,16/06/2026 8:14:5.m.,Ralenti,00h:00m:59s,"Cl80 81-52, Bogota, Cundinamarca",04h:34m:08s,"97,99",40,101h:01m:17s,16h:15m:18s,"310,41",40,296h:23m:18s
,Unidad: FSQ694,16/06/2026 8:15 a.m.,00h:10m:01s,"3,69",21,16/06/2026 8:25:5.m.,Ralenti,00h:00m:28s,"Calle 94a #68b-2 a 68b-98, Bogotá, Bogotá, Colombia",04h:34m:08s,"97,99",40,101h:01m:17s,16h:15m:18s,"310,41",40,296h:23m:18s
,Unidad: FSQ694,16/06/2026 8:26 a.m.,00h:01m:32s,"0,06",5,16/06/2026 8:27:5.m.,Ralenti,00h:07m:20s,"Carrera 68B # 94A-1 a 94A-99, Bogotá, Cundinamarca, Colombia",04h:34m:08s,"97,99",40,101h:01m:17s,16h:15m:18s,"310,41",40,296h:23m:18s
,Unidad: FSQ694,16/06/2026 8:35 a.m.,00h:03m:40s,"1,61",22,16/06/2026 8:38:5.m.,Ralenti,00h:01m:00s,"Cl80 69t-26, Bogota, Cundinamarca",04h:34m:08s,"97,99",40,101h:01m:17s,16h:15m:18s,"310,41",40,296h:23m:18s
,Unidad: FSQ694,16/06/2026 8:39 a.m.,00h:03m:00s,"1,59",30,16/06/2026 8:42:5.m.,Ralenti,00h:00m:54s,"Av Boyaca 75-47, Bogota, Cundinamarca",04h:34m:08s,"97,99",40,101h:01m:17s,16h:15m:18s,"310,41",40,296h:23m:18s
,Unidad: FSQ694,16/06/2026 8:43 a.m.,00h:02m:57s,"1,03",9,16/06/2026 8:46:4.m.,Ignición Apagada,03h:07m:13s,"Cl73 74a-83, Bogota, Cundinamarca, Colombia",04h:34m:08s,"97,99",40,101h:01m:17s,16h:15m:18s,"310,41",40,296h:23m:18s
,Unidad: FSQ694,16/06/2026 11:53 a.m.,00h:00m:00s,"0,00",0,16/06/2026 11:53:5.m.,Denido/Ralenti,00h:04m:14s,"Cl73 74a-83, Bogota, Cundinamarca, Colombia",04h:34m:08s,"97,99",40,101h:01m:17s,16h:15m:18s,"310,41",40,296h:23m:18s
,Unidad: FSQ694,16/06/2026 11:59 a.m.,00h:09m:46s,"4,15",27,16/06/2026 12:08:5.m.,Ralenti,00h:00m:59s,"Kr64 72-29, Bogota, Cundinamarca",04h:34m:08s,"97,99",40,101h:01m:17s,16h:15m:18s,"310,41",40,296h:23m:18s
,Unidad: FSQ694,16/06/2026 12:09 p.m.,00h:01m:21s,"0,27",9,16/06/2026 12:11:1.m.,Ignición Apagada,00h:09m:10s,"Kr63 68-20, Bogota, Cundinamarca",04h:34m:08s,"97,99",40,101h:01m:17s,16h:15m:18s,"310,41",40,296h:23m:18s
,Unidad: FSQ694,16/06/2026 12:20 p.m.,00h:00m:00s,"0,00",0,16/06/2026 12:20:2.m.,Denido/Ralenti,00h:00m:30s,"Kr63 68-20, Bogota, Cundinamarca",04h:34m:08s,"97,99",40,101h:01m:17s,16h:15m:18s,"310,41",40,296h:23m:18s
,Unidad: FSQ694,16/06/2026 12:22 p.m.,00h:07m:30s,"1,38",9,16/06/2026 12:29:3.m.,Ralenti/Ign Apagada,00h:48m:10s,"Calle 75a #62-2 a 62-98, Bogotá, Bogotá, Colombia",04h:34m:08s,"97,99",40,101h:01m:17s,16h:15m:18s,"310,41",40,296h:23m:18s
,Unidad: FSQ694,16/06/2026 1:13 p.m.,00h:00m:00s,"0,00",0,16/06/2026 1:13:0.m.,Denido/Ralenti,00h:47m:00s,"Calle 75a #62-2 a 62-98, Bogotá, Bogotá, Colombia",04h:34m:08s,"97,99",40,101h:01m:17s,16h:15m:18s,"310,41",40,296h:23m:18s
,Unidad: FSQ694,16/06/2026 1:59 p.m.,00h:00m:00s,"0,00",0,16/06/2026 1:59:3.m.,Denido/Ralenti,00h:05m:25s,"Calle 75a #62-2 a 62-98, Bogotá, Bogotá, Colombia",04h:34m:08s,"97,99",40,101h:01m:17s,16h:15m:18s,"310,41",40,296h:23m:18s
,Unidad: FSQ694,16/06/2026 2:05 p.m.,00h:01m:35s,"0,42",9,16/06/2026 2:07:3.m.,Ralenti,00h:00m:31s,"Calle 76 # 64-2 a 64-100, Bogotá, Cundinamarca, Colombia",04h:34m:08s,"97,99",40,101h:01m:17s,16h:15m:18s,"310,41",40,296h:23m:18s
,Unidad: FSQ694,16/06/2026 2:08 p.m.,00h:01m:29s,"0,31",6,16/06/2026 2:09:3.m.,Ralenti,00h:00m:29s,"Kr66, Bogota, Cundinamarca",04h:34m:08s,"97,99",40,101h:01m:17s,16h:15m:18s,"310,41",40,296h:23m:18s
,Unidad: FSQ694,16/06/2026 2:10 p.m.,00h:09m:31s,"4,41",24,16/06/2026 2:19:3.m.,Ralenti,00h:01m:00s,"Cl80 89-25, Bogota, Cundinamarca",04h:34m:08s,"97,99",40,101h:01m:17s,16h:15m:18s,"310,41",40,296h:23m:18s
,Unidad: FSQ694,16/06/2026 2:20 p.m.,00h:02m:00s,"0,93",28,16/06/2026 2:22:3.m.,Ralenti,00h:01m:00s,"Cl80 96-29, Bogota, Cundinamarca",04h:34m:08s,"97,99",40,101h:01m:17s,16h:15m:18s,"310,41",40,296h:23m:18s
,Unidad: FSQ694,16/06/2026 2:23 p.m.,00h:04m:00s,"2,59",18,16/06/2026 2:27:3.m.,Ralenti,00h:00m:53s,"Cl80-29, Bogota, Cundinamarca",04h:34m:08s,"97,99",40,101h:01m:17s,16h:15m:18s,"310,41",40,296h:23m:18s
,Unidad: FSQ694,16/06/2026 2:28 p.m.,00h:06m:07s,"2,27",25,16/06/2026 2:34:3.m.,Ralenti,00h:00m:49s,"Cl132bis 152-9, Bogota, Cundinamarca",04h:34m:08s,"97,99",40,101h:01m:17s,16h:15m:18s,"310,41",40,296h:23m:18s
,Unidad: FSQ694,16/06/2026 2:35 p.m.,00h:14m:11s,"3,80",17,16/06/2026 2:49:3.m.,Ralenti,00h:01m:00s,"Cl132d 158-88, Bogota, Cundinamarca",04h:34m:08s,"97,99",40,101h:01m:17s,16h:15m:18s,"310,41",40,296h:23m:18s
,Unidad: FSQ694,16/06/2026 2:50 p.m.,00h:00m:59s,"0,53",11,16/06/2026 2:51:3.m.,Ralenti,00h:00m:03s,"Cl132d 154-39, Bogota, Cundinamarca",04h:34m:08s,"97,99",40,101h:01m:17s,16h:15m:18s,"310,41",40,296h:23m:18s
,Unidad: FSQ694,16/06/2026 2:51 p.m.,00h:06m:57s,"2,96",24,16/06/2026 2:58:3.m.,Ralenti,00h:01m:01s,"Cl80 112-54, Bogota, Cundinamarca",04h:34m:08s,"97,99",40,101h:01m:17s,16h:15m:18s,"310,41",40,296h:23m:18s
,Unidad: FSQ694,16/06/2026 2:59 p.m.,00h:01m:00s,"0,60",16,16/06/2026 3:00:3.m.,Ralenti,00h:02m:00s,"Cl80 107-44, Bogota, Cundinamarca, Colombia",04h:34m:08s,"97,99",40,101h:01m:17s,16h:15m:18s,"310,41",40,296h:23m:18s
,Unidad: FSQ694,16/06/2026 3:02 p.m.,00h:05m:00s,"2,67",30,16/06/2026 3:07:3.m.,Ralenti,00h:02m:00s,"Cl80 82-70, Bogota, Cundinamarca",04h:34m:08s,"97,99",40,101h:01m:17s,16h:15m:18s,"310,41",40,296h:23m:18s
,Unidad: FSQ694,16/06/2026 3:09 p.m.,00h:05m:00s,"2,25",40,16/06/2026 3:14:3.m.,Ralenti,00h:00m:30s,"Av Boyaca 81b-89, Bogota, Cundinamarca",04h:34m:08s,"97,99",40,101h:01m:17s,16h:15m:18s,"310,41",40,296h:23m:18s
,Unidad: FSQ694,16/06/2026 3:15 p.m.,00h:06m:30s,"1,72",17,16/06/2026 3:21:3.m.,Ralenti/Ign Apagada,00h:10m:04s,"Kr68b 93a-65, Bogota, Cundinamarca, COLOMBIA",04h:34m:08s,"97,99",40,101h:01m:17s,16h:15m:18s,"310,41",40,296h:23m:18s
,Unidad: FSQ694,16/06/2026 3:28 p.m.,00h:00m:00s,"0,00",0,16/06/2026 3:28:5.m.,Denido/Ralenti,00h:05m:17s,"Kr68b 93a-65, Bogota, Cundinamarca, COLOMBIA",04h:34m:08s,"97,99",40,101h:01m:17s,16h:15m:18s,"310,41",40,296h:23m:18s
,Unidad: FSQ694,16/06/2026 3:34 p.m.,00h:00m:00s,"0,00",0,16/06/2026 3:34:1.m.,Denido/Ralenti,00h:11m:44s,"Carrera 68b #94-2 a 94-48, Bogotá, Bogotá, Colombia",04h:34m:08s,"97,99",40,101h:01m:17s,16h:15m:18s,"310,41",40,296h:23m:18s
,Unidad: FSQ694,16/06/2026 3:47 p.m.,00h:05m:16s,"1,83",27,16/06/2026 3:52:1.m.,Ralenti,00h:00m:44s,"Kr70 112-92, Bogota, Cundinamarca",04h:34m:08s,"97,99",40,101h:01m:17s,16h:15m:18s,"310,41",40,296h:23m:18s
,Unidad: FSQ694,16/06/2026 3:53 p.m.,00h:04m:16s,"1,27",25,16/06/2026 3:57:1.m.,Ralenti,00h:02m:00s,"Av Suba 125-4, Bogota, Cundinamarca",04h:34m:08s,"97,99",40,101h:01m:17s,16h:15m:18s,"310,41",40,296h:23m:18s
,Unidad: FSQ694,16/06/2026 3:59 p.m.,00h:01m:00s,"0,21",13,16/06/2026 4:00:1.m.,Ralenti,00h:01m:00s,"Av Suba-21, Bogota, Cundinamarca",04h:34m:08s,"97,99",40,101h:01m:17s,16h:15m:18s,"310,41",40,296h:23m:18s
,Unidad: FSQ694,16/06/2026 4:01 p.m.,00h:07m:00s,"3,83",25,16/06/2026 4:08:1.m.,Ralenti,00h:01m:00s,"Av Suba 91-72, Bogota, Cundinamarca",04h:34m:08s,"97,99",40,101h:01m:17s,16h:15m:18s,"310,41",40,296h:23m:18s
,Unidad: FSQ694,16/06/2026 4:09 p.m.,00h:00m:59s,"0,29",9,16/06/2026 4:10:1.m.,Ralenti,00h:01m:01s,"Av Suba 94-66, Bogota, Cundinamarca",04h:34m:08s,"97,99",40,101h:01m:17s,16h:15m:18s,"310,41",40,296h:23m:18s
,Unidad: FSQ694,16/06/2026 4:11 p.m.,00h:02m:00s,"0,29",6,16/06/2026 4:13:1.m.,Ralenti,00h:01m:00s,"Av Suba 97-21, Bogota, Cundinamarca",04h:34m:08s,"97,99",40,101h:01m:17s,16h:15m:18s,"310,41",40,296h:23m:18s
,Unidad: FSQ694,16/06/2026 4:14 p.m.,00h:01m:00s,"0,48",19,16/06/2026 4:15:1.m.,Ralenti,00h:01m:00s,"Av Suba 101, Bogota, Cundinamarca",04h:34m:08s,"97,99",40,101h:01m:17s,16h:15m:18s,"310,41",40,296h:23m:18s
,Unidad: FSQ694,16/06/2026 4:16 p.m.,00h:04m:00s,"1,35",20,16/06/2026 4:20:1.m.,Ralenti,00h:02m:16s,"Av Suba 114-48, Bogota, Cundinamarca",04h:34m:08s,"97,99",40,101h:01m:17s,16h:15m:18s,"310,41",40,296h:23m:18s
,Unidad: FSQ694,16/06/2026 4:22 p.m.,00h:10m:44s,"3,41",20,16/06/2026 4:33:1.m.,Ralenti,00h:01m:00s,"Cl138 152a-46, Bogota, Cundinamarca",04h:34m:08s,"97,99",40,101h:01m:17s,16h:15m:18s,"310,41",40,296h:23m:18s
,Unidad: FSQ694,16/06/2026 4:34 p.m.,00h:02m:00s,"0,45",10,16/06/2026 4:36:1.m.,Ralenti,00h:09m:42s,"Cl138 157-60, Bogota, Cundinamarca",04h:34m:08s,"97,99",40,101h:01m:17s,16h:15m:18s,"310,41",40,296h:23m:18s
,Unidad: FSQ694,16/06/2026 4:45 p.m.,00h:04m:18s,"1,17",12,16/06/2026 4:50:1.m.,Ralenti,00h:04m:00s,"Cl132d 154b-77, Bogota, Cundinamarca",04h:34m:08s,"97,99",40,101h:01m:17s,16h:15m:18s,"310,41",40,296h:23m:18s
,Unidad: FSQ694,16/06/2026 4:54 p.m.,00h:01m:00s,"0,32",10,16/06/2026 4:55:1.m.,Ralenti,00h:01m:00s,"Cl132d 151a-98, Bogota, Cundinamarca",04h:34m:08s,"97,99",40,101h:01m:17s,16h:15m:18s,"310,41",40,296h:23m:18s
,Unidad: FSQ694,16/06/2026 4:56 p.m.,00h:01m:00s,"0,10",4,16/06/2026 4:57:1.m.,Ralenti,00h:01m:00s,"Cl132d 151a-18, Bogota, Cundinamarca",04h:34m:08s,"97,99",40,101h:01m:17s,16h:15m:18s,"310,41",40,296h:23m:18s
,Unidad: FSQ694,16/06/2026 4:58 p.m.,00h:06m:00s,"1,79",22,16/06/2026 5:04:1.m.,Ralenti,00h:01m:00s,"Cl139 134, Bogota, Cundinamarca",04h:34m:08s,"97,99",40,101h:01m:17s,16h:15m:18s,"310,41",40,296h:23m:18s
,Unidad: FSQ694,16/06/2026 5:05 p.m.,00h:06m:00s,"1,74",9,16/06/2026 5:11:1.m.,Ralenti,00h:00m:16s,"Cl145a 143-92, Bogota, Cundinamarca",04h:34m:08s,"97,99",40,101h:01m:17s,16h:15m:18s,"310,41",40,296h:23m:18s
,Unidad: FSQ694,16/06/2026 5:11 p.m.,00h:01m:44s,"0,08",12,16/06/2026 5:13:1.m.,Ralenti,00h:00m:06s,"Kr145 145-20, Bogota, Cundinamarca, Colombia",04h:34m:08s,"97,99",40,101h:01m:17s,16h:15m:18s,"310,41",40,296h:23m:18s
,Unidad: FSQ694,16/06/2026 5:13 p.m.,00h:01m:54s,"0,02",3,16/06/2026 5:15:1.m.,Ralenti/Ign Apagada,10h:58m:04s,"Kr145 145-32, Bogota, Cundinamarca, Colombia",04h:34m:08s,"97,99",40,101h:01m:17s,16h:15m:18s,"310,41",40,296h:23m:18s
,Unidad: KYR910,12/06/2026 7:00 p.m.,00h:00m:00s,"0,00",0,13/06/2026 5:04:1.m.,Denido/Ralenti,10h:05m:58s,"KR 5I - CL 49 Sur, Rafael Uribe Uribe, Bogotá, Colombia",08h:38m:31s,"147,56",35,100h:07m:17s,16h:15m:18s,"310,41",40,296h:23m:18s
,Unidad: KYR910,13/06/2026 5:06 a.m.,00h:03m:18s,"1,27",26,13/06/2026 5:10:1.m.,Ralenti,00h:00m:17s,"Kr10 50as-25, Bogota, Cundinamarca",08h:38m:31s,"147,56",35,100h:07m:17s,16h:15m:18s,"310,41",40,296h:23m:18s
,Unidad: KYR910,13/06/2026 5:10 a.m.,00h:02m:43s,"1,30",24,13/06/2026 5:13:1.m.,Ralenti,00h:00m:45s,"Av Caracas 48as-37, Bogota, Cundinamarca",08h:38m:31s,"147,56",35,100h:07m:17s,16h:15m:18s,"310,41",40,296h:23m:18s
,Unidad: KYR910,13/06/2026 5:14 a.m.,00h:01m:15s,"0,45",17,13/06/2026 5:15:1.m.,Ralenti,00h:01m:00s,"Dg48s 19a-86, Bogota, Cundinamarca",08h:38m:31s,"147,56",35,100h:07m:17s,16h:15m:18s,"310,41",40,296h:23m:18s
,Unidad: KYR910,13/06/2026 5:16 a.m.,00h:05m:00s,"2,48",24,13/06/2026 5:21:1.m.,Ralenti,00h:00m:59s,"Av Boyaca S 29-44, Bogota, Cundinamarca",08h:38m:31s,"147,56",35,100h:07m:17s,16h:15m:18s,"310,41",40,296h:23m:18s
,Unidad: KYR910,13/06/2026 5:22 a.m.,00h:06m:01s,"3,03",22,13/06/2026 5:28:1.m.,Ralenti,00h:00m:59s,"Av Boyaca 39bs-95, Bogota, Cundinamarca",08h:38m:31s,"147,56",35,100h:07m:17s,16h:15m:18s,"310,41",40,296h:23m:18s
,Unidad: KYR910,13/06/2026 5:29 a.m.,00h:01m:01s,"0,63",25,13/06/2026 5:30:1.m.,Ralenti,00h:02m:00s,"Av Boyaca 37bs-14, Bogota, Cundinamarca",08h:38m:31s,"147,56",35,100h:07m:17s,16h:15m:18s,"310,41",40,296h:23m:18s
,Unidad: KYR910,13/06/2026 5:32 a.m.,00h:01m:00s,"0,26",11,13/06/2026 5:33:1.m.,Ralenti,00h:01m:00s,"Av Boyaca 36s-75, Bogota, Cundinamarca",08h:38m:31s,"147,56",35,100h:07m:17s,16h:15m:18s,"310,41",40,296h:23m:18s
,Unidad: KYR910,13/06/2026 5:34 a.m.,00h:09m:00s,"4,36",25,13/06/2026 5:43:1.m.,Ralenti,00h:00m:33s,"Kr79a 11b-24, Bogota, Cundinamarca",08h:38m:31s,"147,56",35,100h:07m:17s,16h:15m:18s,"310,41",40,296h:23m:18s
,Unidad: KYR910,13/06/2026 5:43 a.m.,00h:04m:27s,"1,38",15,13/06/2026 5:48:1.m.,Ralenti,00h:00m:55s,"Cl15a 83-67, Bogota, Cundinamarca",08h:38m:31s,"147,56",35,100h:07m:17s,16h:15m:18s,"310,41",40,296h:23m:18s
,Unidad: KYR910,13/06/2026 5:49 a.m.,00h:03m:05s,"1,34",14,13/06/2026 5:52:1.m.,Ralenti,00h:01m:00s,"Av Ciudad De Cali 21-68, Bogota, Cundinamarca",08h:38m:31s,"147,56",35,100h:07m:17s,16h:15m:18s,"310,41",40,296h:23m:18s
,Unidad: KYR910,13/06/2026 5:53 a.m.,00h:02m:59s,"0,34",12,13/06/2026 5:56:1.m.,Ignición Apagada,00h:05m:11s,"Cl22 82-31, Bogota, Cundinamarca",08h:38m:31s,"147,56",35,100h:07m:17s,16h:15m:18s,"310,41",40,296h:23m:18s
,Unidad: KYR910,13/06/2026 6:01 a.m.,00h:00m:00s,"0,00",0,13/06/2026 6:01:3.m.,Denido/Ralenti,00h:20m:40s,"Cl22 82-31, Bogota, Cundinamarca",08h:38m:31s,"147,56",35,100h:07m:17s,16h:15m:18s,"310,41",40,296h:23m:18s
,Unidad: KYR910,13/06/2026 6:22 a.m.,00h:00m:00s,"0,00",0,13/06/2026 6:22:1.m.,Denido/Ralenti,00h:00m:00s,"Cl22 82-31, Bogota, Cundinamarca",08h:38m:31s,"147,56",35,100h:07m:17s,16h:15m:18s,"310,41",40,296h:23m:18s
,Unidad: KYR910,13/06/2026 6:22 a.m.,00h:07m:37s,"3,43",27,13/06/2026 6:30:1.m.,Ralenti,00h:01m:00s,"Kr85 8bis-44, Bogota, Cundinamarca",08h:38m:31s,"147,56",35,100h:07m:17s,16h:15m:18s,"310,41",40,296h:23m:18s
,Unidad: KYR910,13/06/2026 6:31 a.m.,00h:04m:00s,"1,42",12,13/06/2026 6:35:1.m.,Ralenti,00h:02m:00s,"Av Las Americas 81b, Bogota, Cundinamarca",08h:38m:31s,"147,56",35,100h:07m:17s,16h:15m:18s,"310,41",40,296h:23m:18s
,Unidad: KYR910,13/06/2026 6:37 a.m.,00h:03m:00s,"1,40",21,13/06/2026 6:40:1.m.,Ralenti,00h:01m:00s,"Kr78k 6s-37, Bogota, Cundinamarca",08h:38m:31s,"147,56",35,100h:07m:17s,16h:15m:18s,"310,41",40,296h:23m:18s
,Unidad: KYR910,13/06/2026 6:41 a.m.,00h:01m:59s,"0,69",27,13/06/2026 6:43:1.m.,Ralenti,00h:01m:01s,"Kr78k 37as, Bogota, Cundinamarca",08h:38m:31s,"147,56",35,100h:07m:17s,16h:15m:18s,"310,41",40,296h:23m:18s
,Unidad: KYR910,13/06/2026 6:44 a.m.,00h:04m:00s,"0,93",19,13/06/2026 6:48:1.m.,Ralenti,00h:01m:00s,"Tr78b 41fs-19, Bogota, Cundinamarca",08h:38m:31s,"147,56",35,100h:07m:17s,16h:15m:18s,"310,41",40,296h:23m:18s
,Unidad: KYR910,13/06/2026 6:49 a.m.,00h:01m:00s,"0,06",10,13/06/2026 6:50:1.m.,Ralenti,00h:00m:39s,"Tr78b 41fs-80, Bogota, Cundinamarca",08h:38m:31s,"147,56",35,100h:07m:17s,16h:15m:18s,"310,41",40,296h:23m:18s
,Unidad: KYR910,13/06/2026 6:50 a.m.,00h:01m:21s,"0,23",8,13/06/2026 6:52:1.m.,Ralenti,00h:00m:40s,"Cl42s 78h-63, Bogota, Cundinamarca",08h:38m:31s,"147,56",35,100h:07m:17s,16h:15m:18s,"310,41",40,296h:23m:18s
,Unidad: KYR910,13/06/2026 6:52 a.m.,00h:02m:20s,"0,56",8,13/06/2026 6:55:1.m.,Ralenti,00h:01m:00s,"Av 1 De Mayo 44bs-59, Bogota, Cundinamarca",08h:38m:31s,"147,56",35,100h:07m:17s,16h:15m:18s,"310,41",40,296h:23m:18s
,Unidad: KYR910,13/06/2026 6:56 a.m.,00h:01m:00s,"0,85",6,13/06/2026 6:57:1.m.,Ralenti,00h:00m:33s,"Entrada A La Kr79-49, Bogota, Cundinamarca",08h:38m:31s,"147,56",35,100h:07m:17s,16h:15m:18s,"310,41",40,296h:23m:18s
,Unidad: KYR910,13/06/2026 6:57 a.m.,00h:04m:27s,"1,22",9,13/06/2026 7:02:1.m.,Ralenti,00h:01m:10s,"Cl57as 79h-30, Bogota, Cundinamarca",08h:38m:31s,"147,56",35,100h:07m:17s,16h:15m:18s,"310,41",40,296h:23m:18s
,Unidad: KYR910,13/06/2026 7:03 a.m.,00h:01m:50s,"0,74",10,13/06/2026 7:05:1.m.,Ralenti,00h:01m:19s,"Entrada A La Kr80-46, Bogota, Cundinamarca, Colombia",08h:38m:31s,"147,56",35,100h:07m:17s,16h:15m:18s,"310,41",40,296h:23m:18s
,Unidad: KYR910,13/06/2026 7:06 a.m.,00h:08m:38s,"2,40",21,13/06/2026 7:15:0.m.,Ignición Apagada,00h:36m:35s,"Cra. 81b #72a Sur-1 a 72a Sur-95, Bogotá, Bogotá, Colombia",08h:38m:31s,"147,56",35,100h:07m:17s,16h:15m:18s,"310,41",40,296h:23m:18s
,Unidad: KYR910,13/06/2026 7:51 a.m.,00h:00m:00s,"0,00",0,13/06/2026 7:51:4.m.,Denido/Ralenti,00h:00m:00s,"Cra. 81b #72a Sur-1 a 72a Sur-95, Bogotá, Bogotá, Colombia",08h:38m:31s,"147,56",35,100h:07m:17s,16h:15m:18s,"310,41",40,296h:23m:18s
,Unidad: KYR910,13/06/2026 7:51 a.m.,00h:06m:46s,"1,96",14,13/06/2026 7:58:4.m.,Ralenti,00h:04m:00s,"Cl62s 82h-16, Bogota, Cundinamarca",08h:38m:31s,"147,56",35,100h:07m:17s,16h:15m:18s,"310,41",40,296h:23m:18s
,Unidad: KYR910,13/06/2026 8:02 a.m.,00h:01m:00s,"0,16",11,13/06/2026 8:03:4.m.,Ralenti,00h:01m:00s,"Cl62s 84a-53, Bogota, Cundinamarca",08h:38m:31s,"147,56",35,100h:07m:17s,16h:15m:18s,"310,41",40,296h:23m:18s
,Unidad: KYR910,13/06/2026 8:04 a.m.,00h:07m:21s,"1,82",21,13/06/2026 8:12:0.m.,Ignición Apagada,00h:01m:18s,"Cl74biss 87b-57, Bogota, Cundinamarca, Colombia",08h:38m:31s,"147,56",35,100h:07m:17s,16h:15m:18s,"310,41",40,296h:23m:18s
,Unidad: KYR910,13/06/2026 8:13 a.m.,00h:00m:00s,"0,00",0,13/06/2026 8:13:2.m.,Denido/Ralenti,00h:00m:00s,"Cl74biss 87b-57, Bogota, Cundinamarca, Colombia",08h:38m:31s,"147,56",35,100h:07m:17s,16h:15m:18s,"310,41",40,296h:23m:18s
,Unidad: KYR910,13/06/2026 8:13 a.m.,00h:05m:04s,"1,19",12,13/06/2026 8:18:4.m.,Ralenti,00h:01m:20s,"Kr87c 62bs-7, Bogota, Cundinamarca",08h:38m:31s,"147,56",35,100h:07m:17s,16h:15m:18s,"310,41",40,296h:23m:18s
,Unidad: KYR910,13/06/2026 8:20 a.m.,00h:01m:40s,"0,37",9,13/06/2026 8:21:4.m.,Ralenti,00h:04m:00s,"Cl62s 86b-76, Bogota, Cundinamarca, Colombia",08h:38m:31s,"147,56",35,100h:07m:17s,16h:15m:18s,"310,41",40,296h:23m:18s
,Unidad: KYR910,13/06/2026 8:25 a.m.,00h:00m:59s,"0,10",5,13/06/2026 8:26:4.m.,Ralenti,00h:05m:01s,"Cl62s 86a-33, Bogota, Cundinamarca",08h:38m:31s,"147,56",35,100h:07m:17s,16h:15m:18s,"310,41",40,296h:23m:18s
,Unidad: KYR910,13/06/2026 8:31 a.m.,00h:07m:00s,"2,19",12,13/06/2026 8:38:4.m.,Ralenti,00h:02m:10s,"Cl73s 81b-18, Bogota, Cundinamarca, Colombia",08h:38m:31s,"147,56",35,100h:07m:17s,16h:15m:18s,"310,41",40,296h:23m:18s
,Unidad: KYR910,13/06/2026 8:40 a.m.,00h:04m:50s,"1,43",30,13/06/2026 8:45:4.m.,Ralenti,00h:24m:00s,"Tr80j 78s-70, Bogota, Cundinamarca",08h:38m:31s,"147,56",35,100h:07m:17s,16h:15m:18s,"310,41",40,296h:23m:18s
,Unidad: KYR910,13/06/2026 9:09 a.m.,00h:01m:00s,"0,43",3,13/06/2026 9:10:4.m.,Ralenti,00h:04m:43s,"Kr80i 83ds-78, Bogota, Cundinamarca",08h:38m:31s,"147,56",35,100h:07m:17s,16h:15m:18s,"310,41",40,296h:23m:18s
,Unidad: KYR910,13/06/2026 9:15 a.m.,00h:08m:36s,"1,92",25,13/06/2026 9:24:0.m.,Ignición Apagada,00h:00m:42s,"South America, Bosa, Capital District",08h:38m:31s,"147,56",35,100h:07m:17s,16h:15m:18s,"310,41",40,296h:23m:18s
,Unidad: KYR910,13/06/2026 9:24 a.m.,00h:00m:00s,"0,00",0,13/06/2026 9:25:0.m.,Denido/Ralenti,00h:16m:47s,"South America, Bosa, Capital District",08h:38m:31s,"147,56",35,100h:07m:17s,16h:15m:18s,"310,41",40,296h:23m:18s
,Unidad: KYR910,13/06/2026 9:41 a.m.,00h:00m:00s,"0,00",0,13/06/2026 9:41:5.m.,Denido/Ralenti,00h:00m:00s,"South America, Bosa, Capital District",08h:38m:31s,"147,56",35,100h:07m:17s,16h:15m:18s,"310,41",40,296h:23m:18s
,Unidad: KYR910,13/06/2026 9:42 a.m.,00h:00m:17s,"0,03",3,13/06/2026 9:42:5.m.,Ignición Apagada,00h:00m:59s,"Kr87bbisa 73cs-88, Bogota, Cundinamarca, Colombia",08h:38m:31s,"147,56",35,100h:07m:17s,16h:15m:18s,"310,41",40,296h:23m:18s
,Unidad: KYR910,13/06/2026 9:43 a.m.,00h:00m:00s,"0,00",0,13/06/2026 9:43:5.m.,Denido/Ralenti,00h:00m:00s,"Kr87bbisa 73cs-88, Bogota, Cundinamarca, Colombia",08h:38m:31s,"147,56",35,100h:07m:17s,16h:15m:18s,"310,41",40,296h:23m:18s
,Unidad: KYR910,13/06/2026 9:45 a.m.,00h:05m:44s,"1,19",14,13/06/2026 9:50:5.m.,Ralenti,00h:00m:27s,"Kr87c 62as-55, Bogota, Cundinamarca",08h:38m:31s,"147,56",35,100h:07m:17s,16h:15m:18s,"310,41",40,296h:23m:18s
,Unidad: KYR910,13/06/2026 9:51 a.m.,00h:03m:33s,"0,47",8,13/06/2026 9:54:5.m.,Ralenti,00h:01m:00s,"Cl62s 86a-33, Bogota, Cundinamarca",08h:38m:31s,"147,56",35,100h:07m:17s,16h:15m:18s,"310,41",40,296h:23m:18s
,Unidad: KYR910,13/06/2026 9:55 a.m.,00h:00m:59s,"0,05",3,13/06/2026 9:56:5.m.,Ralenti,00h:03m:49s,"Cl62s 85b-77, Bogota, Cundinamarca",08h:38m:31s,"147,56",35,100h:07m:17s,16h:15m:18s,"310,41",40,296h:23m:18s
,Unidad: KYR910,13/06/2026 10:00 a.m.,00h:05m:09s,"2,11",16,13/06/2026 10:05:4.m.,Ignición Apagada,00h:11m:04s,"Cl73s 81b-55, Bogota, Cundinamarca, Colombia",08h:38m:31s,"147,56",35,100h:07m:17s,16h:15m:18s,"310,41",40,296h:23m:18s
,Unidad: KYR910,13/06/2026 10:16 a.m.,00h:00m:00s,"0,00",0,13/06/2026 10:16:5.m.,Denido/Ralenti,00h:00m:00s,"Cl73s 81b-55, Bogota, Cundinamarca, Colombia",08h:38m:31s,"147,56",35,100h:07m:17s,16h:15m:18s,"310,41",40,296h:23m:18s
,Unidad: KYR910,13/06/2026 10:17 a.m.,00h:02m:34s,"0,56",13,13/06/2026 10:19:5.m.,Ralenti,00h:07m:00s,"Calle 71AS # 82A-2 a 82A-100, Bogotá, Cundinamarca, Colombia",08h:38m:31s,"147,56",35,100h:07m:17s,16h:15m:18s,"310,41",40,296h:23m:18s
,Unidad: KYR910,13/06/2026 10:26 a.m.,00h:01m:00s,"0,76",3,13/06/2026 10:27:5.m.,Ralenti,00h:04m:00s,"Cl. 64 Sur #84a-1 a 84a-17, Bogotá, Bogotá, Colombia",08h:38m:31s,"147,56",35,100h:07m:17s,16h:15m:18s,"310,41",40,296h:23m:18s
,Unidad: KYR910,13/06/2026 10:31 a.m.,00h:01m:00s,"1,34",11,13/06/2026 10:32:5.m.,Ralenti,00h:01m:00s,"Cl59s 80h-54, Bogota, Cundinamarca, Colombia",08h:38m:31s,"147,56",35,100h:07m:17s,16h:15m:18s,"310,41",40,296h:23m:18s
,Unidad: KYR910,13/06/2026 10:33 a.m.,00h:00m:59s,"0,13",6,13/06/2026 10:34:5.m.,Ralenti,00h:07m:01s,"Cl59biss 80b-58, Bogota, Cundinamarca",08h:38m:31s,"147,56",35,100h:07m:17s,16h:15m:18s,"310,41",40,296h:23m:18s
,Unidad: KYR910,13/06/2026 10:41 a.m.,00h:06m:00s,"2,59",15,13/06/2026 10:47:5.m.,Ralenti,00h:01m:00s,"Autosur # 1 a 59, Bogotá, Cundinamarca, Colombia",08h:38m:31s,"147,56",35,100h:07m:17s,16h:15m:18s,"310,41",40,296h:23m:18s
,Unidad: KYR910,13/06/2026 10:48 a.m.,00h:11m:59s,"1,58",12,13/06/2026 11:00:5.m.,Ralenti,00h:01m:01s,"Av Autosur 64, Bogota, Cundinamarca",08h:38m:31s,"147,56",35,100h:07m:17s,16h:15m:18s,"310,41",40,296h:23m:18s
,Unidad: KYR910,13/06/2026 11:01 a.m.,00h:05m:12s,"1,69",17,13/06/2026 11:07:0.m.,Ignición Apagada,00h:13m:54s,"Kr54 48s-56, Bogota, Cundinamarca, Colombia",08h:38m:31s,"147,56",35,100h:07m:17s,16h:15m:18s,"310,41",40,296h:23m:18s
,Unidad: KYR910,13/06/2026 11:21 a.m.,00h:00m:00s,"0,00",0,13/06/2026 11:21:0.m.,Denido/Ralenti,00h:00m:00s,"Kr54 49s-29, Bogota, Cundinamarca",08h:38m:31s,"147,56",35,100h:07m:17s,16h:15m:18s,"310,41",40,296h:23m:18s
,Unidad: KYR910,13/06/2026 11:24 a.m.,00h:11m:20s,,14,13/06/2026 11:35:5.m.,Ralenti,00h:01m:01s,"Av Boyaca 37ds-45, Bogota, Cundinamarca",08h:38m:31s,"147,56",35,100h:07m:17s,16h:15m:18s,"310,41",40,296h:23m:18s
,Unidad: KYR910,13/06/2026 11:36 a.m.,00h:01m:00s,"0,35",17,13/06/2026 11:37:5.m.,Ralenti,00h:01m:00s,"Av Boyaca 37s-46, Bogota, Cundinamarca",08h:38m:31s,"147,56",35,100h:07m:17s,16h:15m:18s,"310,41",40,296h:23m:18s
,Unidad: KYR910,13/06/2026 11:38 a.m.,00h:05m:00s,"2,29",24,13/06/2026 11:43:5.m.,Ralenti,00h:01m:00s,"Av Boyaca 7a, Bogota, Cundinamarca",08h:38m:31s,"147,56",35,100h:07m:17s,16h:15m:18s,"310,41",40,296h:23m:18s
,Unidad: KYR910,13/06/2026 11:44 a.m.,00h:03m:00s,"0,32",6,13/06/2026 11:47:5.m.,Ralenti,00h:01m:59s,"Av Boyaca-43, Bogota, Cundinamarca",08h:38m:31s,"147,56",35,100h:07m:17s,16h:15m:18s,"310,41",40,296h:23m:18s
,Unidad: KYR910,13/06/2026 11:49 a.m.,00h:01m:00s,"0,14",5,13/06/2026 11:50:5.m.,Ralenti,00h:03m:01s,"Av Boyaca-60, Bogota, Cundinamarca",08h:38m:31s,"147,56",35,100h:07m:17s,16h:15m:18s,"310,41",40,296h:23m:18s
,Unidad: KYR910,13/06/2026 11:53 a.m.,00h:02m:00s,"0,23",4,13/06/2026 11:55:5.m.,Ralenti,00h:07m:00s,"Av Boyaca 9-41, Bogota, Cundinamarca",08h:38m:31s,"147,56",35,100h:07m:17s,16h:15m:18s,"310,41",40,296h:23m:18s
,Unidad: KYR910,13/06/2026 12:02 p.m.,00h:01m:59s,"0,35",4,13/06/2026 12:04:5.m.,Ralenti,00h:03m:01s,"Av Boyaca-40, Bogota, Cundinamarca",08h:38m:31s,"147,56",35,100h:07m:17s,16h:15m:18s,"310,41",40,296h:23m:18s
,Unidad: KYR910,13/06/2026 12:07 p.m.,00h:02m:00s,"0,16",4,13/06/2026 12:09:5.m.,Ralenti,00h:01m:00s,"Av Boyaca 11b-55, Bogota, Cundinamarca",08h:38m:31s,"147,56",35,100h:07m:17s,16h:15m:18s,"310,41",40,296h:23m:18s
,Unidad: KYR910,13/06/2026 12:10 p.m.,00h:00m:59s,"0,26",6,13/06/2026 12:11:5.m.,Ralenti,00h:01m:01s,"Av Boyaca 12bis-22, Bogota, Cundinamarca",08h:38m:31s,"147,56",35,100h:07m:17s,16h:15m:18s,"310,41",40,296h:23m:18s
,Unidad: KYR910,13/06/2026 12:12 p.m.,00h:05m:37s,"1,80",29,13/06/2026 12:18:3.m.,Ignición Apagada,00h:04m:26s,"Cl16 72-85, Bogota, Cundinamarca",08h:38m:31s,"147,56",35,100h:07m:17s,16h:15m:18s,"310,41",40,296h:23m:18s
,Unidad: KYR910,13/06/2026 12:22 p.m.,00h:00m:00s,"0,00",0,13/06/2026 12:22:5.m.,Denido/Ralenti,00h:00m:00s,"Av Boyaca 15-30, Bogota, Cundinamarca",08h:38m:31s,"147,56",35,100h:07m:17s,16h:15m:18s,"310,41",40,296h:23m:18s
,Unidad: KYR910,13/06/2026 12:22 p.m.,00h:08m:46s,,12,13/06/2026 12:31:4.m.,Ralenti,00h:00m:59s,"Botanical Garden, Bogota,D.C., Capital District",08h:38m:31s,"147,56",35,100h:07m:17s,16h:15m:18s,"310,41",40,296h:23m:18s
,Unidad: KYR910,13/06/2026 12:32 p.m.,00h:46m:10s,"1,93",4,13/06/2026 1:18:5.m.,Ralenti/Ign Apagada,00h:44m:44s,"Carrera 70 # 19-1 a 19-99, Bogotá, Cundinamarca, Colombia",08h:38m:31s,"147,56",35,100h:07m:17s,16h:15m:18s,"310,41",40,296h:23m:18s
,Unidad: KYR910,13/06/2026 2:03 p.m.,00h:00m:00s,"0,00",0,13/06/2026 2:04:0.m.,Denido/Ralenti,00h:09m:27s,"Carrera 70 # 19-1 a 19-99, Bogotá, Cundinamarca, Colombia",08h:38m:31s,"147,56",35,100h:07m:17s,16h:15m:18s,"310,41",40,296h:23m:18s
,Unidad: KYR910,13/06/2026 2:13 p.m.,00h:00m:00s,"0,00",0,13/06/2026 2:13:3.m.,Denido/Ralenti,00h:00m:00s,"Via Principal-42, Bogota, Cundinamarca",08h:38m:31s,"147,56",35,100h:07m:17s,16h:15m:18s,"310,41",40,296h:23m:18s
,Unidad: KYR910,13/06/2026 2:13 p.m.,00h:14m:19s,,19,13/06/2026 2:28:1.m.,Ralenti,00h:02m:00s,"Cl26 7-22, Bogota, Cundinamarca",08h:38m:31s,"147,56",35,100h:07m:17s,16h:15m:18s,"310,41",40,296h:23m:18s
,Unidad: KYR910,13/06/2026 2:30 p.m.,00h:03m:10s,"1,14",18,13/06/2026 2:33:2.m.,Ignición Apagada,03h:02m:21s,"Cl33 6-91, Bogota, Cundinamarca, Colombia",08h:38m:31s,"147,56",35,100h:07m:17s,16h:15m:18s,"310,41",40,296h:23m:18s
,Unidad: KYR910,13/06/2026 5:35 p.m.,00h:00m:00s,"0,00",0,13/06/2026 5:35:4.m.,Denido/Ralenti,00h:03m:29s,"Cl33 6-91, Bogota, Cundinamarca, Colombia",08h:38m:31s,"147,56",35,100h:07m:17s,16h:15m:18s,"310,41",40,296h:23m:18s
,Unidad: KYR910,13/06/2026 5:40 p.m.,00h:20m:31s,"8,05",27,13/06/2026 6:00:4.m.,Ralenti,00h:00m:59s,"Kr6e 10s-74, Bogota, Cundinamarca",08h:38m:31s,"147,56",35,100h:07m:17s,16h:15m:18s,"310,41",40,296h:23m:18s
,Unidad: KYR910,13/06/2026 6:01 p.m.,00h:17m:01s,"6,69",22,13/06/2026 6:18:4.m.,Ralenti/Ign Apagada,00h:55m:09s,"Cl48qs 4-4, Bogota, Cundinamarca",08h:38m:31s,"147,56",35,100h:07m:17s,16h:15m:18s,"310,41",40,296h:23m:18s
,Unidad: KYR910,13/06/2026 6:48 p.m.,00h:00m:00s,"0,00",0,13/06/2026 6:49:2.m.,Denido/Ralenti,04h:42m:30s,"Kr5l 49s-43, Bogota, Cundinamarca, Colombia",08h:38m:31s,"147,56",35,100h:07m:17s,16h:15m:18s,"310,41",40,296h:23m:18s
,Unidad: KYR910,13/06/2026 11:31 p.m.,00h:00m:00s,"0,00",0,13/06/2026 11:31:5.m.,Denido/Ralenti,00h:00m:16s,"Kr5m 49as-50, Bogota, Cundinamarca, Colombia",08h:38m:31s,"147,56",35,100h:07m:17s,16h:15m:18s,"310,41",40,296h:23m:18s
,Unidad: KYR910,13/06/2026 11:33 p.m.,00h:01m:45s,"0,03",7,13/06/2026 11:34:5.m.,Ralenti,00h:02m:15s,"KR 5I - CL 49 Sur, Rafael Uribe Uribe, Bogotá, Colombia",08h:38m:31s,"147,56",35,100h:07m:17s,16h:15m:18s,"310,41",40,296h:23m:18s
,Unidad: KYR910,13/06/2026 11:37 p.m.,00h:00m:15s,"0,03",13,13/06/2026 11:37:2.m.,Ignición Apagada,11h:42m:41s,"Cl. 49a Sur # 5M-17, Rafael Uribe Uribe, Bogotá, D.C., Bogotá, Bogotá, D.C., Colombia",08h:38m:31s,"147,56",35,100h:07m:17s,16h:15m:18s,"310,41",40,296h:23m:18s
,Unidad: KYR910,14/06/2026 11:20 a.m.,00h:00m:00s,"0,00",0,14/06/2026 11:20:0.m.,Denido/Ralenti,00h:00m:00s,"Cl. 49a Sur # 5M-17, Rafael Uribe Uribe, Bogotá, D.C., Bogotá, Bogotá, D.C., Colombia",08h:38m:31s,"147,56",35,100h:07m:17s,16h:15m:18s,"310,41",40,296h:23m:18s
,Unidad: KYR910,14/06/2026 11:20 a.m.,00h:00m:32s,"0,05",4,14/06/2026 11:20:4.m.,Ignición Apagada,07h:33m:52s,"Kr5l 49s-60, Bogota, Cundinamarca, Colombia",08h:38m:31s,"147,56",35,100h:07m:17s,16h:15m:18s,"310,41",40,296h:23m:18s
,Unidad: KYR910,14/06/2026 6:54 p.m.,00h:00m:00s,"0,00",0,14/06/2026 6:54:4.m.,Denido/Ralenti,00h:11m:41s,"Kr5l 49s-60, Bogota, Cundinamarca, Colombia",08h:38m:31s,"147,56",35,100h:07m:17s,16h:15m:18s,"310,41",40,296h:23m:18s
,Unidad: KYR910,14/06/2026 7:01 p.m.,00h:00m:00s,"0,00",0,14/06/2026 7:01:2.m.,Denido/Ralenti,17h:00m:51s,"Kr5l 49s-60, Bogota, Cundinamarca, Colombia",08h:38m:31s,"147,56",35,100h:07m:17s,16h:15m:18s,"310,41",40,296h:23m:18s
,Unidad: KYR910,15/06/2026 12:02 p.m.,00h:00m:00s,"0,00",0,15/06/2026 12:03:0.m.,Denido/Ralenti,18h:55m:08s,"Kr5l 49s-60, Bogota, Cundinamarca, Colombia",08h:38m:31s,"147,56",35,100h:07m:17s,16h:15m:18s,"310,41",40,296h:23m:18s
,Unidad: KYR910,16/06/2026 6:58 a.m.,00h:00m:00s,"0,00",0,16/06/2026 6:58:1.m.,Denido/Ralenti,00h:00m:00s,"KR 5I - CL 49 Sur, Rafael Uribe Uribe, Bogotá, Colombia",08h:38m:31s,"147,56",35,100h:07m:17s,16h:15m:18s,"310,41",40,296h:23m:18s
,Unidad: KYR910,16/06/2026 6:59 a.m.,00h:17m:06s,"5,52",20,16/06/2026 7:16:1.m.,Ralenti,00h:02m:00s,"Cl61s 20f-4, Bogota, Cundinamarca",08h:38m:31s,"147,56",35,100h:07m:17s,16h:15m:18s,"310,41",40,296h:23m:18s
,Unidad: KYR910,16/06/2026 7:18 a.m.,00h:01m:00s,"0,87",21,16/06/2026 7:19:1.m.,Ralenti,00h:01m:00s,"Via Principal-42, Bogota, Cundinamarca",08h:38m:31s,"147,56",35,100h:07m:17s,16h:15m:18s,"310,41",40,296h:23m:18s
,Unidad: KYR910,16/06/2026 7:20 a.m.,00h:05m:00s,"1,95",26,16/06/2026 7:25:1.m.,Ralenti,00h:06m:00s,"Cl68s 70d-56, Bogota, Cundinamarca",08h:38m:31s,"147,56",35,100h:07m:17s,16h:15m:18s,"310,41",40,296h:23m:18s
,Unidad: KYR910,16/06/2026 7:31 a.m.,00h:01m:00s,"0,05",5,16/06/2026 7:32:1.m.,Ralenti,00h:01m:00s,"Cl68s 70d-26, Bogota, Cundinamarca",08h:38m:31s,"147,56",35,100h:07m:17s,16h:15m:18s,"310,41",40,296h:23m:18s
,Unidad: KYR910,16/06/2026 7:33 a.m.,00h:01m:00s,"0,14",4,16/06/2026 7:34:1.m.,Ralenti,00h:03m:00s,"Cl68s 62ds-54, Bogota, Cundinamarca",08h:38m:31s,"147,56",35,100h:07m:17s,16h:15m:18s,"310,41",40,296h:23m:18s
,Unidad: KYR910,16/06/2026 7:37 a.m.,00h:01m:00s,"0,11",3,16/06/2026 7:38:1.m.,Ralenti,00h:01m:00s,"Kr70c 62cs-64, Bogota, Cundinamarca",08h:38m:31s,"147,56",35,100h:07m:17s,16h:15m:18s,"310,41",40,296h:23m:18s
,Unidad: KYR910,16/06/2026 7:39 a.m.,00h:03m:36s,"1,22",20,16/06/2026 7:42:4.m.,Ignición Apagada,00h:09m:06s,"Kr72 57bs-92, Bogota, Cundinamarca",08h:38m:31s,"147,56",35,100h:07m:17s,16h:15m:18s,"310,41",40,296h:23m:18s
,Unidad: KYR910,16/06/2026 7:51 a.m.,00h:00m:00s,"0,00",0,16/06/2026 7:51:5.m.,Denido/Ralenti,00h:20m:44s,"Kr72 57bs-92, Bogota, Cundinamarca",08h:38m:31s,"147,56",35,100h:07m:17s,16h:15m:18s,"310,41",40,296h:23m:18s
,Unidad: KYR910,16/06/2026 8:12 a.m.,00h:00m:00s,"0,00",0,16/06/2026 8:12:4.m.,Denido/Ralenti,00h:01m:11s,"Kr72 57bs-92, Bogota, Cundinamarca",08h:38m:31s,"147,56",35,100h:07m:17s,16h:15m:18s,"310,41",40,296h:23m:18s
,Unidad: KYR910,16/06/2026 8:13 a.m.,00h:00m:00s,"0,00",0,16/06/2026 8:14:0.m.,Denido/Ralenti,00h:08m:17s,"Kr72 57bs-92, Bogota, Cundinamarca",08h:38m:31s,"147,56",35,100h:07m:17s,16h:15m:18s,"310,41",40,296h:23m:18s
,Unidad: KYR910,16/06/2026 8:22 a.m.,00h:00m:00s,"0,00",0,16/06/2026 8:22:3.m.,Denido/Ralenti,00h:01m:34s,"Kr72 57bs-92, Bogota, Cundinamarca",08h:38m:31s,"147,56",35,100h:07m:17s,16h:15m:18s,"310,41",40,296h:23m:18s
,Unidad: KYR910,16/06/2026 8:24 a.m.,00h:00m:00s,"0,00",0,16/06/2026 8:24:0.m.,Denido/Ralenti,00h:00m:00s,"Kr72 57bs-92, Bogota, Cundinamarca",08h:38m:31s,"147,56",35,100h:07m:17s,16h:15m:18s,"310,41",40,296h:23m:18s
,Unidad: KYR910,16/06/2026 8:24 a.m.,00h:04m:47s,"2,14",27,16/06/2026 8:29:2.m.,Ralenti,00h:01m:00s,"Cl59s 78b-15, Bogota, Cundinamarca",08h:38m:31s,"147,56",35,100h:07m:17s,16h:15m:18s,"310,41",40,296h:23m:18s
,Unidad: KYR910,16/06/2026 8:30 a.m.,00h:04m:00s,"1,92",35,16/06/2026 8:34:2.m.,Ralenti,00h:00m:42s,"Av Ciudad De Cali-30, Bogota, Cundinamarca",08h:38m:31s,"147,56",35,100h:07m:17s,16h:15m:18s,"310,41",40,296h:23m:18s
,Unidad: KYR910,16/06/2026 8:35 a.m.,00h:01m:17s,"0,55",17,16/06/2026 8:36:2.m.,Ralenti,00h:01m:01s,"Cl59cs 87b-22, Bogota, Cundinamarca, Colombia",08h:38m:31s,"147,56",35,100h:07m:17s,16h:15m:18s,"310,41",40,296h:23m:18s
,Unidad: KYR910,16/06/2026 8:37 a.m.,00h:01m:00s,"0,47",27,16/06/2026 8:38:2.m.,Ralenti,00h:01m:00s,"Cl59cs 87n-85, Bogota, Cundinamarca",08h:38m:31s,"147,56",35,100h:07m:17s,16h:15m:18s,"310,41",40,296h:23m:18s
,Unidad: KYR910,16/06/2026 8:39 a.m.,00h:04m:00s,"1,27",27,16/06/2026 8:43:2.m.,Ralenti,00h:01m:00s,"Calle 56HS # 89-100, Bogotá Distrito Capital, Cundinamarca, Colombia",08h:38m:31s,"147,56",35,100h:07m:17s,16h:15m:18s,"310,41",40,296h:23m:18s
,Unidad: KYR910,16/06/2026 8:44 a.m.,00h:04m:59s,"1,63",13,16/06/2026 8:49:2.m.,Ralenti,00h:00m:50s,"Kr95 54s-8, Bogota, Cundinamarca",08h:38m:31s,"147,56",35,100h:07m:17s,16h:15m:18s,"310,41",40,296h:23m:18s
,Unidad: KYR910,16/06/2026 8:50 a.m.,00h:04m:10s,"1,51",19,16/06/2026 8:54:2.m.,Ralenti/Ign Apagada,00h:03m:27s,"Cl54s 92a-65, Bogota, Cundinamarca",08h:38m:31s,"147,56",35,100h:07m:17s,16h:15m:18s,"310,41",40,296h:23m:18s
,Unidad: KYR910,16/06/2026 8:57 a.m.,00h:00m:00s,"0,00",0,16/06/2026 8:57:3.m.,Denido/Ralenti,00h:01m:00s,"Cl54s 92a-65, Bogota, Cundinamarca",08h:38m:31s,"147,56",35,100h:07m:17s,16h:15m:18s,"310,41",40,296h:23m:18s
,Unidad: KYR910,16/06/2026 8:59 a.m.,00h:15m:28s,"5,52",32,16/06/2026 9:15:0.m.,Ignición Apagada,00h:35m:56s,"Kr91 81as-51, Bogota, Cundinamarca, Colombia",08h:38m:31s,"147,56",35,100h:07m:17s,16h:15m:18s,"310,41",40,296h:23m:18s
,Unidad: KYR910,16/06/2026 9:50 a.m.,00h:00m:00s,"0,00",0,16/06/2026 9:50:5.m.,Denido/Ralenti,00h:00m:00s,"Kr91 81as-51, Bogota, Cundinamarca, Colombia",08h:38m:31s,"147,56",35,100h:07m:17s,16h:15m:18s,"310,41",40,296h:23m:18s
,Unidad: KYR910,16/06/2026 9:51 a.m.,00h:08m:25s,"3,38",22,16/06/2026 9:59:5.m.,Ralenti,00h:00m:59s,"Carrera 88c #59c Sur-7 a 59c Sur-99, Bogotá, Bogotá, Colombia",08h:38m:31s,"147,56",35,100h:07m:17s,16h:15m:18s,"310,41",40,296h:23m:18s
,Unidad: KYR910,16/06/2026 10:00 a.m.,00h:01m:01s,"0,55",9,16/06/2026 10:01:5.m.,Ralenti,00h:00m:13s,"Kr87c 61as-10, Bogota, Cundinamarca",08h:38m:31s,"147,56",35,100h:07m:17s,16h:15m:18s,"310,41",40,296h:23m:18s
,Unidad: KYR910,16/06/2026 10:02 a.m.,00h:01m:34s,"0,19",7,16/06/2026 10:03:4.m.,Ignición Apagada,00h:14m:49s,"Cl62s 87-23, Bogota, Cundinamarca",08h:38m:31s,"147,56",35,100h:07m:17s,16h:15m:18s,"310,41",40,296h:23m:18s
,Unidad: KYR910,16/06/2026 10:18 a.m.,00h:00m:00s,"0,00",0,16/06/2026 10:18:3.m.,Denido/Ralenti,00h:20m:23s,"Cl62s 87-23, Bogota, Cundinamarca",08h:38m:31s,"147,56",35,100h:07m:17s,16h:15m:18s,"310,41",40,296h:23m:18s
,Unidad: KYR910,16/06/2026 10:39 a.m.,00h:00m:00s,"0,00",0,16/06/2026 10:39:0.m.,Denido/Ralenti,00h:20m:18s,"Cl62s 87-23, Bogota, Cundinamarca",08h:38m:31s,"147,56",35,100h:07m:17s,16h:15m:18s,"310,41",40,296h:23m:18s
,Unidad: KYR910,16/06/2026 10:59 a.m.,00h:00m:00s,"0,00",0,16/06/2026 10:59:2.m.,Denido/Ralenti,00h:00m:28s,"Cl62s 87-23, Bogota, Cundinamarca",08h:38m:31s,"147,56",35,100h:07m:17s,16h:15m:18s,"310,41",40,296h:23m:18s
,Unidad: KYR910,16/06/2026 11:00 a.m.,00h:05m:33s,"1,51",30,16/06/2026 11:06:2.m.,Ralenti,00h:01m:00s,"Cl63s 89a-65, Bogota, Cundinamarca",08h:38m:31s,"147,56",35,100h:07m:17s,16h:15m:18s,"310,41",40,296h:23m:18s
,Unidad: KYR910,16/06/2026 11:07 a.m.,00h:11m:00s,"4,15",22,16/06/2026 11:18:2.m.,Ralenti,00h:00m:41s,"Kr91 81as-51, Bogota, Cundinamarca, Colombia",08h:38m:31s,"147,56",35,100h:07m:17s,16h:15m:18s,"310,41",40,296h:23m:18s
,Unidad: KYR910,16/06/2026 11:19 a.m.,00h:02m:18s,"0,95",16,16/06/2026 11:21:2.m.,Ralenti,00h:01m:01s,"Cra 95A, Bogotá, Bogotá, Colombia",08h:38m:31s,"147,56",35,100h:07m:17s,16h:15m:18s,"310,41",40,296h:23m:18s
,Unidad: KYR910,16/06/2026 11:22 a.m.,00h:04m:59s,"1,74",21,16/06/2026 11:27:2.m.,Ralenti,00h:01m:12s,"Cl63s 91-26, Bogota, Cundinamarca",08h:38m:31s,"147,56",35,100h:07m:17s,16h:15m:18s,"310,41",40,296h:23m:18s
,Unidad: KYR910,16/06/2026 11:28 a.m.,00h:02m:49s,"0,82",9,16/06/2026 11:31:2.m.,Ralenti,00h:01m:00s,"Via Principal-69, Bogota, Cundinamarca",08h:38m:31s,"147,56",35,100h:07m:17s,16h:15m:18s,"310,41",40,296h:23m:18s
,Unidad: KYR910,16/06/2026 11:32 a.m.,00h:06m:51s,"2,53",17,16/06/2026 11:39:1.m.,Ignición Apagada,00h:21m:46s,"CL 52 Sur - KR 100, Bosa, Bogotá, Colombia",08h:38m:31s,"147,56",35,100h:07m:17s,16h:15m:18s,"310,41",40,296h:23m:18s
,Unidad: KYR910,16/06/2026 12:00 p.m.,00h:00m:00s,"0,00",0,16/06/2026 12:00:5.m.,Denido/Ralenti,00h:31m:05s,"CL 52 Sur - KR 100, Bosa, Bogotá, Colombia",08h:38m:31s,"147,56",35,100h:07m:17s,16h:15m:18s,"310,41",40,296h:23m:18s
,Unidad: KYR910,16/06/2026 12:22 p.m.,00h:00m:00s,"0,00",0,16/06/2026 12:22:2.m.,Denido/Ralenti,00h:31m:01s,"CL 52 Sur - KR 100, Bosa, Bogotá, Colombia",08h:38m:31s,"147,56",35,100h:07m:17s,16h:15m:18s,"310,41",40,296h:23m:18s
,Unidad: KYR910,16/06/2026 12:47 p.m.,00h:00m:00s,"0,00",0,16/06/2026 12:47:2.m.,Denido/Ralenti,00h:06m:13s,"CL 52 Sur - KR 100, Bosa, Bogotá, Colombia",08h:38m:31s,"147,56",35,100h:07m:17s,16h:15m:18s,"310,41",40,296h:23m:18s
,Unidad: KYR910,16/06/2026 12:53 p.m.,00h:00m:00s,"0,00",0,16/06/2026 12:53:3.m.,Denido/Ralenti,00h:21m:24s,"CL 52 Sur - KR 100, Bosa, Bogotá, Colombia",08h:38m:31s,"147,56",35,100h:07m:17s,16h:15m:18s,"310,41",40,296h:23m:18s
,Unidad: KYR910,16/06/2026 1:09 p.m.,00h:00m:00s,"0,00",0,16/06/2026 1:09:0.m.,Denido/Ralenti,00h:00m:00s,"CL 52 Sur - KR 100, Bosa, Bogotá, Colombia",08h:38m:31s,"147,56",35,100h:07m:17s,16h:15m:18s,"310,41",40,296h:23m:18s
,Unidad: KYR910,16/06/2026 1:09 p.m.,00h:03m:59s,"0,80",7,16/06/2026 1:13:2.m.,Ignición Apagada,00h:38m:21s,"Carrera 95A #49c Sur-2 a 49c Sur-76, Bogotá, Bogotá, Colombia",08h:38m:31s,"147,56",35,100h:07m:17s,16h:15m:18s,"310,41",40,296h:23m:18s
,Unidad: KYR910,16/06/2026 1:51 p.m.,00h:00m:00s,"0,00",0,16/06/2026 1:51:4.m.,Denido/Ralenti,00h:00m:00s,"Carrera 95A #49c Sur-2 a 49c Sur-76, Bogotá, Bogotá, Colombia",08h:38m:31s,"147,56",35,100h:07m:17s,16h:15m:18s,"310,41",40,296h:23m:18s
,Unidad: KYR910,16/06/2026 1:52 p.m.,00h:07m:29s,"2,48",16,16/06/2026 1:59:4.m.,Ralenti,00h:02m:00s,"Cl43s-67, Bogota, Cundinamarca",08h:38m:31s,"147,56",35,100h:07m:17s,16h:15m:18s,"310,41",40,296h:23m:18s
,Unidad: KYR910,16/06/2026 2:01 p.m.,00h:01m:00s,"0,35",21,16/06/2026 2:02:4.m.,Ralenti,00h:00m:59s,"Via Principal-96, Bogota, Cundinamarca",08h:38m:31s,"147,56",35,100h:07m:17s,16h:15m:18s,"310,41",40,296h:23m:18s
,Unidad: KYR910,16/06/2026 2:03 p.m.,00h:02m:01s,"0,63",17,16/06/2026 2:05:4.m.,Ralenti,00h:01m:00s,"Cl43s 80-31, Bogota, Cundinamarca",08h:38m:31s,"147,56",35,100h:07m:17s,16h:15m:18s,"310,41",40,296h:23m:18s
,Unidad: KYR910,16/06/2026 2:06 p.m.,00h:03m:00s,"0,71",12,16/06/2026 2:09:4.m.,Ralenti,00h:04m:00s,"Cl43s 78hbisa-30, Bogota, Cundinamarca",08h:38m:31s,"147,56",35,100h:07m:17s,16h:15m:18s,"310,41",40,296h:23m:18s
,Unidad: KYR910,16/06/2026 2:13 p.m.,00h:02m:00s,"1,82",30,16/06/2026 2:15:4.m.,Ralenti,00h:01m:20s,"Kr71b 56-89, Bogota, Cundinamarca",08h:38m:31s,"147,56",35,100h:07m:17s,16h:15m:18s,"310,41",40,296h:23m:18s
,Unidad: KYR910,16/06/2026 2:17 p.m.,00h:09m:40s,"2,98",26,16/06/2026 2:26:4.m.,Ralenti,00h:01m:00s,"Dg45s 52-11, Bogota, Cundinamarca",08h:38m:31s,"147,56",35,100h:07m:17s,16h:15m:18s,"310,41",40,296h:23m:18s
,Unidad: KYR910,16/06/2026 2:27 p.m.,00h:01m:00s,"0,08",5,16/06/2026 2:28:4.m.,Ralenti,00h:01m:00s,"Dg45s 51-48, Bogota, Cundinamarca, Colombia",08h:38m:31s,"147,56",35,100h:07m:17s,16h:15m:18s,"310,41",40,296h:23m:18s
,Unidad: KYR910,16/06/2026 2:29 p.m.,00h:06m:00s,"2,45",31,16/06/2026 2:35:4.m.,Ralenti,00h:01m:00s,"Av Autosur 31s-89, Bogota, Cundinamarca",08h:38m:31s,"147,56",35,100h:07m:17s,16h:15m:18s,"310,41",40,296h:23m:18s
,Unidad: KYR910,16/06/2026 2:36 p.m.,00h:04m:00s,"1,42",28,16/06/2026 2:40:4.m.,Ralenti,00h:01m:00s,"Av Nqs 2s-69, Bogota, Cundinamarca",08h:38m:31s,"147,56",35,100h:07m:17s,16h:15m:18s,"310,41",40,296h:23m:18s
,Unidad: KYR910,16/06/2026 2:41 p.m.,00h:03m:20s,"0,76",15,16/06/2026 2:45:0.m.,Ignición Apagada,00h:02m:01s,"Cl3 29-41, Bogota, Cundinamarca",08h:38m:31s,"147,56",35,100h:07m:17s,16h:15m:18s,"310,41",40,296h:23m:18s
,Unidad: KYR910,16/06/2026 2:47 p.m.,00h:00m:00s,"0,00",0,16/06/2026 2:47:0.m.,Denido/Ralenti,00h:01m:17s,"Cl3 29-41, Bogota, Cundinamarca",08h:38m:31s,"147,56",35,100h:07m:17s,16h:15m:18s,"310,41",40,296h:23m:18s
,Unidad: KYR910,16/06/2026 2:48 p.m.,00h:00m:00s,"0,00",0,16/06/2026 2:48:2.m.,Denido/Ralenti,00h:10m:56s,"Cl3 29-41, Bogota, Cundinamarca",08h:38m:31s,"147,56",35,100h:07m:17s,16h:15m:18s,"310,41",40,296h:23m:18s
,Unidad: KYR910,16/06/2026 2:59 p.m.,00h:00m:00s,"0,00",0,16/06/2026 2:59:2.m.,Denido/Ralenti,00h:01m:37s,"Cl3 29-41, Bogota, Cundinamarca",08h:38m:31s,"147,56",35,100h:07m:17s,16h:15m:18s,"310,41",40,296h:23m:18s
,Unidad: KYR910,16/06/2026 3:02 p.m.,00h:05m:23s,"2,11",19,16/06/2026 3:07:2.m.,Ralenti,00h:00m:50s,"Kr27 19s-29, Bogota, Cundinamarca",08h:38m:31s,"147,56",35,100h:07m:17s,16h:15m:18s,"310,41",40,296h:23m:18s
,Unidad: KYR910,16/06/2026 3:08 p.m.,00h:21m:10s,"6,20",16,16/06/2026 3:29:2.m.,Ralenti,00h:00m:59s,"Cl49s 5l-34, Bogota, Cundinamarca",08h:38m:31s,"147,56",35,100h:07m:17s,16h:15m:18s,"310,41",40,296h:23m:18s
,Unidad: KYR910,16/06/2026 3:30 p.m.,00h:06m:44s,"2,01",17,16/06/2026 3:37:0.m.,Ignición Apagada,00h:04m:10s,"Kr2b 2-44, Bogota, Cundinamarca, Colombia",08h:38m:31s,"147,56",35,100h:07m:17s,16h:15m:18s,"310,41",40,296h:23m:18s
,Unidad: KYR910,16/06/2026 3:41 p.m.,00h:00m:00s,"0,00",0,16/06/2026 3:41:1.m.,Denido/Ralenti,00h:47m:54s,"Kr2b 2-44, Bogota, Cundinamarca, Colombia",08h:38m:31s,"147,56",35,100h:07m:17s,16h:15m:18s,"310,41",40,296h:23m:18s
,Unidad: KYR910,16/06/2026 4:09 p.m.,00h:00m:00s,"0,00",0,16/06/2026 4:09:2.m.,Denido/Ralenti,00h:28m:16s,"Kr2b 2-44, Bogota, Cundinamarca, Colombia",08h:38m:31s,"147,56",35,100h:07m:17s,16h:15m:18s,"310,41",40,296h:23m:18s
,Unidad: KYR910,16/06/2026 4:37 p.m.,00h:00m:00s,"0,00",0,16/06/2026 4:38:0.m.,Denido/Ralenti,01h:46m:07s,"Kr2b 2-44, Bogota, Cundinamarca, Colombia",08h:38m:31s,"147,56",35,100h:07m:17s,16h:15m:18s,"310,41",40,296h:23m:18s
,Unidad: KYR910,16/06/2026 6:24 p.m.,00h:00m:00s,"0,00",0,16/06/2026 6:24:1.m.,Denido/Ralenti,00h:02m:41s,"Kr2b 2-44, Bogota, Cundinamarca, Colombia",08h:38m:31s,"147,56",35,100h:07m:17s,16h:15m:18s,"310,41",40,296h:23m:18s
,Unidad: KYR910,16/06/2026 6:26 p.m.,00h:00m:00s,"0,00",0,16/06/2026 6:26:0.m.,Denido/Ralenti,00h:00m:00s,"Kr2b 2-44, Bogota, Cundinamarca, Colombia",08h:38m:31s,"147,56",35,100h:07m:17s,16h:15m:18s,"310,41",40,296h:23m:18s
,Unidad: KYR910,16/06/2026 6:26 p.m.,00h:04m:12s,"1,32",19,16/06/2026 6:31:1.m.,Ralenti,00h:01m:00s,"Cl49cs 5d-63, Bogota, Cundinamarca",08h:38m:31s,"147,56",35,100h:07m:17s,16h:15m:18s,"310,41",40,296h:23m:18s
,Unidad: KYR910,16/06/2026 6:32 p.m.,00h:07m:33s,"2,11",24,16/06/2026 6:39:4.m.,Ignición Apagada,12h:14m:07s,"Kr5l 49s-53, Bogota, Cundinamarca, Colombia",08h:38m:31s,"147,56",35,100h:07m:17s,16h:15m:18s,"310,41",40,296h:23m:18s
,Unidad: NOX568 ,12/06/2026 7:00 p.m.,00h:00m:00s,"0,00",0,14/06/2026 1:10:4.m.,Denido/Ralenti,42h:24m:16s,"Calle 47S # 1-2 a 1-100, Bogotá, Cundinamarca, Colombia",03h:02m:39s,"64,86",37,95h:14m:44s,16h:15m:18s,"310,41",40,296h:23m:18s
,Unidad: NOX568 ,14/06/2026 1:25 p.m.,00h:00m:00s,"0,00",0,14/06/2026 1:25:1.m.,Denido/Ralenti,00h:00m:00s,"Calle 47S # 1-2 a 1-100, Bogotá, Cundinamarca, Colombia",03h:02m:39s,"64,86",37,95h:14m:44s,16h:15m:18s,"310,41",40,296h:23m:18s
,Unidad: NOX568 ,14/06/2026 1:25 p.m.,00h:01m:39s,"0,02",3,14/06/2026 1:27:1.m.,Ralenti/Ign Apagada,40h:33m:55s,"Calle 47S # 1-2 a 1-100, Bogotá, Cundinamarca, Colombia",03h:02m:39s,"64,86",37,95h:14m:44s,16h:15m:18s,"310,41",40,296h:23m:18s
,Unidad: NOX568 ,16/06/2026 6:01 a.m.,00h:00m:00s,"0,00",0,16/06/2026 6:01:0.m.,Denido/Ralenti,00h:08m:12s,"Calle 47S # 1-2 a 1-100, Bogotá, Cundinamarca, Colombia",03h:02m:39s,"64,86",37,95h:14m:44s,16h:15m:18s,"310,41",40,296h:23m:18s
,Unidad: NOX568 ,16/06/2026 6:10 a.m.,00h:15m:48s,"4,83",22,16/06/2026 6:26:0.m.,Ralenti,00h:00m:12s,"Cl11as 1e-6, Bogota, Cundinamarca",03h:02m:39s,"64,86",37,95h:14m:44s,16h:15m:18s,"310,41",40,296h:23m:18s
,Unidad: NOX568 ,16/06/2026 6:26 a.m.,00h:08m:48s,"2,57",21,16/06/2026 6:35:0.m.,Ralenti,00h:00m:25s,"Cra 1 A #4a-2 a 4a-30, Bogotá, Bogotá, Colombia",03h:02m:39s,"64,86",37,95h:14m:44s,16h:15m:18s,"310,41",40,296h:23m:18s
,Unidad: NOX568 ,16/06/2026 6:35 a.m.,00h:03m:35s,"0,77",14,16/06/2026 6:39:0.m.,Ralenti,00h:01m:40s,"Kr3e 9b-37, Bogota, Cundinamarca",03h:02m:39s,"64,86",37,95h:14m:44s,16h:15m:18s,"310,41",40,296h:23m:18s
,Unidad: NOX568 ,16/06/2026 6:40 a.m.,00h:11m:20s,"4,46",30,16/06/2026 6:52:0.m.,Ralenti/Ign Apagada,00h:01m:08s,"Cl33 6-78, Bogota, Cundinamarca, Colombia",03h:02m:39s,"64,86",37,95h:14m:44s,16h:15m:18s,"310,41",40,296h:23m:18s
,Unidad: NOX568 ,16/06/2026 6:52 a.m.,00h:00m:00s,"0,00",0,16/06/2026 6:53:0.m.,Denido/Ralenti,01h:12m:39s,"Cl33 6-78, Bogota, Cundinamarca, Colombia",03h:02m:39s,"64,86",37,95h:14m:44s,16h:15m:18s,"310,41",40,296h:23m:18s
,Unidad: NOX568 ,16/06/2026 8:05 a.m.,00h:00m:00s,"0,00",0,16/06/2026 8:05:4.m.,Denido/Ralenti,00h:02m:22s,"Cl33 6-78, Bogota, Cundinamarca, Colombia",03h:02m:39s,"64,86",37,95h:14m:44s,16h:15m:18s,"310,41",40,296h:23m:18s
,Unidad: NOX568 ,16/06/2026 8:08 a.m.,00h:00m:00s,"0,00",0,16/06/2026 8:08:1.m.,Denido/Ralenti,00h:05m:07s,"Cl33 6-78, Bogota, Cundinamarca, Colombia",03h:02m:39s,"64,86",37,95h:14m:44s,16h:15m:18s,"310,41",40,296h:23m:18s
,Unidad: NOX568 ,16/06/2026 8:13 a.m.,00h:00m:00s,"0,00",0,16/06/2026 8:14:0.m.,Denido/Ralenti,02h:13m:49s,"Cl33 6-78, Bogota, Cundinamarca, Colombia",03h:02m:39s,"64,86",37,95h:14m:44s,16h:15m:18s,"310,41",40,296h:23m:18s
,Unidad: NOX568 ,16/06/2026 10:27 a.m.,00h:00m:00s,"0,00",0,16/06/2026 10:27:5.m.,Denido/Ralenti,00h:00m:20s,"Cl33 6-78, Bogota, Cundinamarca, Colombia",03h:02m:39s,"64,86",37,95h:14m:44s,16h:15m:18s,"310,41",40,296h:23m:18s
,Unidad: NOX568 ,16/06/2026 10:29 a.m.,00h:20m:41s,"9,01",37,16/06/2026 10:49:5.m.,Ralenti,00h:00m:39s,"Cl1c 27-71, Bogota, Cundinamarca",03h:02m:39s,"64,86",37,95h:14m:44s,16h:15m:18s,"310,41",40,296h:23m:18s
,Unidad: NOX568 ,16/06/2026 10:50 a.m.,00h:03m:12s,"0,66",19,16/06/2026 10:53:4.m.,Ignición Apagada,02h:48m:18s,"Cl1 24, Bogota, Cundinamarca, Colombia",03h:02m:39s,"64,86",37,95h:14m:44s,16h:15m:18s,"310,41",40,296h:23m:18s
,Unidad: NOX568 ,16/06/2026 1:42 p.m.,00h:00m:00s,"0,00",0,16/06/2026 1:42:3.m.,Denido/Ralenti,00h:34m:06s,"Cl1 24, Bogota, Cundinamarca, Colombia",03h:02m:39s,"64,86",37,95h:14m:44s,16h:15m:18s,"310,41",40,296h:23m:18s
,Unidad: NOX568 ,16/06/2026 2:16 p.m.,00h:00m:00s,"0,00",0,16/06/2026 2:16:4.m.,Denido/Ralenti,00h:00m:23s,"Cl1 24, Bogota, Cundinamarca, Colombia",03h:02m:39s,"64,86",37,95h:14m:44s,16h:15m:18s,"310,41",40,296h:23m:18s
,Unidad: NOX568 ,16/06/2026 2:18 p.m.,00h:03m:36s,"0,92",16,16/06/2026 2:21:4.m.,Ralenti,00h:01m:01s,"Cl2s 30a-64, Bogota, Cundinamarca",03h:02m:39s,"64,86",37,95h:14m:44s,16h:15m:18s,"310,41",40,296h:23m:18s
,Unidad: NOX568 ,16/06/2026 2:22 p.m.,00h:02m:59s,"0,63",22,16/06/2026 2:25:4.m.,Ralenti,00h:01m:01s,"Av Nqs 2-81, Bogota, Cundinamarca",03h:02m:39s,"64,86",37,95h:14m:44s,16h:15m:18s,"310,41",40,296h:23m:18s
,Unidad: NOX568 ,16/06/2026 2:26 p.m.,00h:14m:00s,"8,29",34,16/06/2026 2:40:4.m.,Ralenti,00h:01m:59s,"Cl68 53-72, Bogota, Cundinamarca",03h:02m:39s,"64,86",37,95h:14m:44s,16h:15m:18s,"310,41",40,296h:23m:18s
,Unidad: NOX568 ,16/06/2026 2:42 p.m.,00h:02m:00s,"0,97",18,16/06/2026 2:44:4.m.,Ignición Apagada,00h:04m:56s,"Botanical Garden, Funza, Capital District",03h:02m:39s,"64,86",37,95h:14m:44s,16h:15m:18s,"310,41",40,296h:23m:18s
,Unidad: NOX568 ,16/06/2026 2:49 p.m.,00h:00m:00s,"0,00",0,16/06/2026 2:49:5.m.,Denido/Ralenti,00h:00m:51s,"Botanical Garden, Funza, Capital District",03h:02m:39s,"64,86",37,95h:14m:44s,16h:15m:18s,"310,41",40,296h:23m:18s
,Unidad: NOX568 ,16/06/2026 2:50 p.m.,00h:00m:00s,"0,00",0,16/06/2026 2:50:4.m.,Denido/Ralenti,00h:02m:20s,"Botanical Garden, Funza, Capital District",03h:02m:39s,"64,86",37,95h:14m:44s,16h:15m:18s,"310,41",40,296h:23m:18s
,Unidad: NOX568 ,16/06/2026 2:53 p.m.,00h:00m:00s,"0,00",0,16/06/2026 2:53:3.m.,Denido/Ralenti,00h:06m:44s,"Botanical Garden, Funza, Capital District",03h:02m:39s,"64,86",37,95h:14m:44s,16h:15m:18s,"310,41",40,296h:23m:18s
,Unidad: NOX568 ,16/06/2026 3:00 p.m.,00h:00m:00s,"0,00",0,16/06/2026 3:00:1.m.,Denido/Ralenti,00h:00m:00s,"Calle 68 # 63-2 a 63-100, Bogotá, Cundinamarca, Colombia",03h:02m:39s,"64,86",37,95h:14m:44s,16h:15m:18s,"310,41",40,296h:23m:18s
,Unidad: NOX568 ,16/06/2026 3:00 p.m.,00h:05m:27s,"1,53",21,16/06/2026 3:06:1.m.,Ralenti,00h:00m:33s,"Cl68 53-57, Bogota, Cundinamarca",03h:02m:39s,"64,86",37,95h:14m:44s,16h:15m:18s,"310,41",40,296h:23m:18s
,Unidad: NOX568 ,16/06/2026 3:06 p.m.,00h:30m:27s,"13,60",35,16/06/2026 3:37:1.m.,Ralenti,00h:01m:11s,"Kr2 10s-71, Bogota, Cundinamarca",03h:02m:39s,"64,86",37,95h:14m:44s,16h:15m:18s,"310,41",40,296h:23m:18s
,Unidad: NOX568 ,16/06/2026 3:38 p.m.,00h:08m:50s,"2,70",19,16/06/2026 3:47:2.m.,Ralenti/Ign Apagada,00h:09m:22s,"Cl31cs 3e-38, Bogota, Cundinamarca",03h:02m:39s,"64,86",37,95h:14m:44s,16h:15m:18s,"310,41",40,296h:23m:18s
,Unidad: NOX568 ,16/06/2026 3:52 p.m.,00h:00m:00s,"0,00",0,16/06/2026 3:52:4.m.,Denido/Ralenti,00h:00m:00s,"Cl31cs 3e-38, Bogota, Cundinamarca",03h:02m:39s,"64,86",37,95h:14m:44s,16h:15m:18s,"310,41",40,296h:23m:18s
,Unidad: NOX568 ,16/06/2026 3:53 p.m.,00h:02m:59s,"1,13",12,16/06/2026 3:56:4.m.,Ralenti,00h:04m:01s,"Tr3 27as-16, Bogota, Cundinamarca",03h:02m:39s,"64,86",37,95h:14m:44s,16h:15m:18s,"310,41",40,296h:23m:18s
,Unidad: NOX568 ,16/06/2026 4:00 p.m.,00h:05m:00s,"1,98",22,16/06/2026 4:05:4.m.,Ralenti,00h:00m:57s,"Kr10 11s-89, Bogota, Cundinamarca",03h:02m:39s,"64,86",37,95h:14m:44s,16h:15m:18s,"310,41",40,296h:23m:18s
,Unidad: NOX568 ,16/06/2026 4:06 p.m.,00h:13m:02s,"3,07",22,16/06/2026 4:19:4.m.,Ralenti/Ign Apagada,00h:31m:13s,"Cl1 24, Bogota, Cundinamarca, Colombia",03h:02m:39s,"64,86",37,95h:14m:44s,16h:15m:18s,"310,41",40,296h:23m:18s
,Unidad: NOX568 ,16/06/2026 4:49 p.m.,00h:00m:00s,"0,00",0,16/06/2026 4:49:0.m.,Denido/Ralenti,00h:00m:25s,"Cl1 24, Bogota, Cundinamarca, Colombia",03h:02m:39s,"64,86",37,95h:14m:44s,16h:15m:18s,"310,41",40,296h:23m:18s
,Unidad: NOX568 ,16/06/2026 4:50 p.m.,00h:01m:34s,"0,40",6,16/06/2026 4:52:0.m.,Ralenti,00h:00m:36s,"Cl2s 26a-40, Bogota, Cundinamarca",03h:02m:39s,"64,86",37,95h:14m:44s,16h:15m:18s,"310,41",40,296h:23m:18s
,Unidad: NOX568 ,16/06/2026 4:52 p.m.,00h:07m:24s,"1,80",21,16/06/2026 5:00:0.m.,Ralenti,00h:03m:01s,"Av 1 De Mayo 21-36, Bogota, Cundinamarca",03h:02m:39s,"64,86",37,95h:14m:44s,16h:15m:18s,"310,41",40,296h:23m:18s
,Unidad: NOX568 ,16/06/2026 5:03 p.m.,00h:06m:59s,"2,04",17,16/06/2026 5:10:0.m.,Ralenti,00h:00m:03s,"Cl27as 10-11, Bogota, Cundinamarca, Colombia",03h:02m:39s,"64,86",37,95h:14m:44s,16h:15m:18s,"310,41",40,296h:23m:18s
,Unidad: NOX568 ,16/06/2026 5:10 p.m.,00h:05m:57s,"1,71",19,16/06/2026 5:16:0.m.,Ralenti,00h:02m:01s,"Via Principal-11, Bogota, Cundinamarca",03h:02m:39s,"64,86",37,95h:14m:44s,16h:15m:18s,"310,41",40,296h:23m:18s
,Unidad: NOX568 ,16/06/2026 5:18 p.m.,00h:06m:59s,"1,69",16,16/06/2026 5:25:0.m.,Ralenti/Ign Apagada,00h:35m:47s,"Cl47s 1-58, Bogota, Cundinamarca, Colombia",03h:02m:39s,"64,86",37,95h:14m:44s,16h:15m:18s,"310,41",40,296h:23m:18s
,Unidad: NOX568 ,16/06/2026 5:58 p.m.,00h:00m:00s,"0,00",0,16/06/2026 5:58:4.m.,Denido/Ralenti,00h:00m:00s,"Cl47s 1-58, Bogota, Cundinamarca, Colombia",03h:02m:39s,"64,86",37,95h:14m:44s,16h:15m:18s,"310,41",40,296h:23m:18s
,Unidad: NOX568 ,16/06/2026 5:59 p.m.,00h:00m:23s,"0,08",6,16/06/2026 6:00:1.m.,Ignición Apagada,00h:04m:18s,"Cl47s 1-35, Bogota, Cundinamarca, Colombia",03h:02m:39s,"64,86",37,95h:14m:44s,16h:15m:18s,"310,41",40,296h:23m:18s
,Unidad: NOX568 ,16/06/2026 6:04 p.m.,00h:00m:00s,"0,00",0,16/06/2026 6:04:3.m.,Denido/Ralenti,03h:14m:53s,"Cl47s 1-35, Bogota, Cundinamarca, Colombia",03h:02m:39s,"64,86",37,95h:14m:44s,16h:15m:18s,"310,41",40,296h:23m:18s

