"Unidad","Conductor","Evento","Dirección","Fecha","Tiempo (UTC-5)","Duración del Evento","Distancia (km)"
"FSQ694","Conductor FSQ694","Ignición Apagada","Cra. 145 #145, Bogotá, Colombia","21/04/2026","12:00:00 AM","4 hr, 25 min, 10 seg","0"
"FSQ694","Conductor FSQ694","Ignición Encendido","Cra. 145 #145, Bogotá, Colombia","21/04/2026","4:25:10 AM","1 hr, 7 min, 15 seg","0"
"FSQ694","Conductor FSQ694","Inactivo","Cra. 145 #145, Bogotá, Colombia","21/04/2026","4:25:10 AM","7 min, 44 seg","0"
"FSQ694","Conductor FSQ694","Inactivo","Cra. 145 #145, Bogotá, Colombia","21/04/2026","4:34:10 AM","5 min, 1 seg","0.02"
"FSQ694","Conductor FSQ694","Inicio de Viaje","Cra. 145 #145-37 a 145-1, Bogotá, Colombia","21/04/2026","4:39:23 AM","0 min, 0 seg","0"
"FSQ694","Conductor FSQ694","Inactivo","Cl. 138 #154a-13, Bogotá, Colombia","21/04/2026","4:47:11 AM","6 min, 0 seg","0.4"
"FSQ694","Conductor FSQ694","Inactivo","Cl. 132d #159-5, Bogotá, Colombia","21/04/2026","4:56:11 AM","7 min, 0 seg","0.05"
"FSQ694","Conductor FSQ694","Inactivo","Cl. 132d #156A-9, Bogotá, Colombia","21/04/2026","5:04:11 AM","2 min, 58 seg","0.15"
"FSQ694","Conductor FSQ694","Inactivo","50 #107-68, Bogotá, Colombia","21/04/2026","5:17:10 AM","2 min, 1 seg","0.12"
"FSQ694","Conductor FSQ694","Inactivo","Cl. 75A #62-55, Bogotá, Colombia","21/04/2026","5:31:11 AM","1 min, 14 seg","0.08"
"FSQ694","Conductor FSQ694","Fin de Viaje","Cl. 75A #62-55, Bogotá, Colombia","21/04/2026","5:32:24 AM","0 min, 0 seg","0"
"FSQ694","Conductor FSQ694","Ignición Apagada","Cl. 75A #62-55, Bogotá, Colombia","21/04/2026","5:32:25 AM","23 min, 27 seg","0"
"FSQ694","Conductor FSQ694","Ignición Encendido","Cl. 75A #62-55, Bogotá, Colombia","21/04/2026","5:55:52 AM","0 min, 27 seg","0"
"FSQ694","Conductor FSQ694","Ignición Apagada","Cl. 75A #62-55, Bogotá, Colombia","21/04/2026","5:56:19 AM","0 min, 11 seg","0"
"FSQ694","Conductor FSQ694","Ignición Encendido","Cl. 75A #62-55, Bogotá, Colombia","21/04/2026","5:56:30 AM","2 min, 4 seg","0"
"FSQ694","Conductor FSQ694","Inactivo","Cl. 75A #62-55, Bogotá, Colombia","21/04/2026","5:56:30 AM","1 min, 23 seg","0"
"FSQ694","Conductor FSQ694","Inicio de Viaje","Cra. 62 #75a-20 a 75a-60, Bogotá, Colombia","21/04/2026","5:58:07 AM","0 min, 0 seg","0"
"FSQ694","Conductor FSQ694","Fin de Viaje","Cl. 75b #61-70, Bogotá, Colombia","21/04/2026","5:58:33 AM","0 min, 0 seg","0"
"FSQ694","Conductor FSQ694","Ignición Apagada","Cl. 75b #61-70, Bogotá, Colombia","21/04/2026","5:58:34 AM","14 min, 47 seg","0"
"FSQ694","Conductor FSQ694","Ignición Encendido","Cl. 75b #61-70, Bogotá, Colombia","21/04/2026","6:13:21 AM","42 min, 38 seg","0"
"FSQ694","Conductor FSQ694","Inactivo","Cl. 75b #61-70, Bogotá, Colombia","21/04/2026","6:13:21 AM","1 min, 1 seg","0"
"FSQ694","Conductor FSQ694","Inicio de Viaje","Cl. 75b #61-2 a 61-98, Bogotá, Colombia","21/04/2026","6:14:22 AM","0 min, 0 seg","0"
"FSQ694","Conductor FSQ694","Fin de Viaje","Cl. 138 # 149C-8, Suba, Bogotá, D.C., Bogotá, Bogotá, D.C., Colombia","21/04/2026","6:55:58 AM","0 min, 0 seg","0"
"FSQ694","Conductor FSQ694","Ignición Apagada","Cl. 138 # 149C-8, Suba, Bogotá, D.C., Bogotá, Bogotá, D.C., Colombia","21/04/2026","6:55:59 AM","30 min, 8 seg","0"
"FSQ694","Conductor FSQ694","Ignición Encendido","Cl. 138 # 149C-8, Suba, Bogotá, D.C., Bogotá, Bogotá, D.C., Colombia","21/04/2026","7:26:07 AM","1 hr, 21 min, 29 seg","0"
"FSQ694","Conductor FSQ694","Inactivo","Cl. 138 # 149C-8, Suba, Bogotá, D.C., Bogotá, Bogotá, D.C., Colombia","21/04/2026","7:26:07 AM","2 min, 1 seg","0"
"FSQ694","Conductor FSQ694","Inicio de Viaje","Cra. 151 #138-59 a 138-1, Bogotá, Colombia","21/04/2026","7:28:08 AM","0 min, 0 seg","0"
"FSQ694","Conductor FSQ694","Inactivo","Cl. 138 #157-21, Bogotá, Colombia","21/04/2026","7:32:08 AM","3 min, 38 seg","0.01"
"FSQ694","Conductor FSQ694","Inactivo","Cl. 132d #154a-17, Bogotá, Colombia","21/04/2026","7:40:08 AM","3 min, 0 seg","0.06"
"FSQ694","Conductor FSQ694","Inactivo","Cl. 127 #93c-47 a 93c-1, Bogotá, Colombia","21/04/2026","7:58:08 AM","4 min, 0 seg","0.59"
"FSQ694","Conductor FSQ694","Inactivo","Av Cl 80 #82a-49, Bogotá, Colombia","21/04/2026","8:10:08 AM","1 min, 59 seg","0.22"
"FSQ694","Conductor FSQ694","Inactivo","Cra 68B #17, Bogotá, Colombia","21/04/2026","8:27:08 AM","10 min, 35 seg","0.04"
"FSQ694","Conductor FSQ694","Fin de Viaje","Cl. 68 #63 - 30, Bogotá, Colombia","21/04/2026","8:47:35 AM","0 min, 0 seg","0"
"FSQ694","Conductor FSQ694","Ignición Apagada","Cl. 68 #63 - 30, Bogotá, Colombia","21/04/2026","8:47:36 AM","10 min, 57 seg","0"
"FSQ694","Conductor FSQ694","Ignición Encendido","Cl. 68 #63 - 30, Bogotá, Colombia","21/04/2026","8:58:33 AM","45 min, 9 seg","0"
"FSQ694","Conductor FSQ694","Inactivo","Cl. 68 #63 - 30, Bogotá, Colombia","21/04/2026","8:58:33 AM","2 min, 3 seg","0"
"FSQ694","Conductor FSQ694","Inicio de Viaje","Cl. 68 #63-2 a 63-98, Bogotá, Colombia","21/04/2026","9:00:58 AM","0 min, 0 seg","0"
"FSQ694","Conductor FSQ694","Inactivo","Cra. 69h # 79-6, Engativá, Bogotá, D.C., Bogotá, Bogotá, D.C., Colombia","21/04/2026","9:08:34 AM","3 min, 0 seg","0.17"
"FSQ694","Conductor FSQ694","Inactivo","Av de la Constitución #102a-6, Bogotá, Colombia","21/04/2026","9:15:33 AM","1 min, 1 seg","0.19"
"FSQ694","Conductor FSQ694","Inactivo","Ac 145 #94c-42, Bogotá, Colombia","21/04/2026","9:27:33 AM","1 min, 1 seg","0.15"
"FSQ694","Conductor FSQ694","Inactivo","Ac 145 #103b-27, Bogotá, Colombia","21/04/2026","9:32:33 AM","1 min, 1 seg","0.07"
"FSQ694","Conductor FSQ694","Inactivo","Cl. 139 #127c-4, Bogotá, Colombia","21/04/2026","9:40:34 AM","3 min, 8 seg","0.12"
"FSQ694","Conductor FSQ694","Fin de Viaje","Cl. 139 #127c-4, Bogotá, Colombia","21/04/2026","9:43:41 AM","0 min, 0 seg","0"
"FSQ694","Conductor FSQ694","Ignición Apagada","Cl. 139 #127c-4, Bogotá, Colombia","21/04/2026","9:43:42 AM","1 hr, 9 min, 35 seg","0"
"FSQ694","Conductor FSQ694","Ignición Encendido","Cl. 139 #127c-4, Bogotá, Colombia","21/04/2026","10:53:17 AM","6 min, 1 seg","0"
"FSQ694","Conductor FSQ694","Inactivo","Cl. 139 #127c-4, Bogotá, Colombia","21/04/2026","10:53:17 AM","1 min, 1 seg","0"
"FSQ694","Conductor FSQ694","Inicio de Viaje","Cl. 139 #128a-99 a 128a-1, Bogotá, Colombia","21/04/2026","10:54:18 AM","0 min, 0 seg","0"
"FSQ694","Conductor FSQ694","Fin de Viaje","Cl. 133 #133-15, Bogotá, Colombia","21/04/2026","10:59:17 AM","0 min, 0 seg","0"
"FSQ694","Conductor FSQ694","Ignición Apagada","Cl. 133 #133-15, Bogotá, Colombia","21/04/2026","10:59:18 AM","1 hr, 19 min, 29 seg","0"
"FSQ694","Conductor FSQ694","Ignición Encendido","Cl. 133 #133-15, Bogotá, Colombia","21/04/2026","12:18:47 PM","50 min, 27 seg","0"
"FSQ694","Conductor FSQ694","Inactivo","Cl. 133 #133-15, Bogotá, Colombia","21/04/2026","12:18:47 PM","7 min, 55 seg","0"
"FSQ694","Conductor FSQ694","Inicio de Viaje","Cra. 131 #133-99 a 133-3, Bogotá, Colombia","21/04/2026","12:26:42 PM","0 min, 0 seg","0"
"FSQ694","Conductor FSQ694","Inactivo","Cra. 115 #145-52, Bogotá, Colombia","21/04/2026","12:40:48 PM","2 min, 23 seg","0.01"
"FSQ694","Conductor FSQ694","Fin de Viaje","Cl. 75A #62-42, Bogotá, Colombia","21/04/2026","1:09:13 PM","0 min, 0 seg","0"
"FSQ694","Conductor FSQ694","Ignición Apagada","Cl. 75A #62-42, Bogotá, Colombia","21/04/2026","1:09:14 PM","47 min, 58 seg","0"
"FSQ694","Conductor FSQ694","Ignición Encendido","Cl. 75A #62-42, Bogotá, Colombia","21/04/2026","1:57:12 PM","1 hr, 41 min, 29 seg","0"
"FSQ694","Conductor FSQ694","Inactivo","Cl. 75A #62-42, Bogotá, Colombia","21/04/2026","1:57:12 PM","15 min, 23 seg","0"
"FSQ694","Conductor FSQ694","Inicio de Viaje","Cra. 62 #75a-20 a 75a-60, Bogotá, Colombia","21/04/2026","2:12:35 PM","0 min, 0 seg","0"
"FSQ694","Conductor FSQ694","Inactivo","Cra. 159 # 132D-9, Suba, Bogotá, D.C., Bogotá, Bogotá, D.C., Colombia","21/04/2026","2:57:13 PM","1 min, 59 seg","0.05"
"FSQ694","Conductor FSQ694","Inactivo","50 #114-79, Bogotá, Colombia","21/04/2026","3:07:13 PM","2 min, 0 seg","0.29"
"FSQ694","Conductor FSQ694","Inactivo","50 #96-9, Bogotá, Colombia","21/04/2026","3:14:12 PM","2 min, 1 seg","0.14"
"FSQ694","Conductor FSQ694","Inactivo","Av Cl 80 #76c-45 a 76c-1, Bogotá, Colombia","21/04/2026","3:20:12 PM","1 min, 1 seg","0.08"
"FSQ694","Conductor FSQ694","Inactivo","Cl. 94a #68b-13, Bogotá, Colombia","21/04/2026","3:32:13 PM","3 min, 17 seg","0.28"
"FSQ694","Conductor FSQ694","Inactivo","Cra 68B #7, Bogotá, Colombia","21/04/2026","3:37:13 PM","1 min, 28 seg","0"
"FSQ694","Conductor FSQ694","Fin de Viaje","Cra 68B #7, Bogotá, Colombia","21/04/2026","3:38:40 PM","0 min, 0 seg","0"
"FSQ694","Conductor FSQ694","Ignición Apagada","Cra 68B #7, Bogotá, Colombia","21/04/2026","3:38:41 PM","8 min, 41 seg","0"
"FSQ694","Conductor FSQ694","Ignición Encendido","Cra 68B #7, Bogotá, Colombia","21/04/2026","3:47:22 PM","1 hr, 37 min, 15 seg","0"
"FSQ694","Conductor FSQ694","Inactivo","Cra 68B #7, Bogotá, Colombia","21/04/2026","3:47:22 PM","6 min, 11 seg","0"
"FSQ694","Conductor FSQ694","Inicio de Viaje","Cl. 95 #68b-18 a 68b-62, Bogotá, Colombia","21/04/2026","3:53:32 PM","0 min, 0 seg","0.01"
"FSQ694","Conductor FSQ694","Inactivo","Av Suba #120-53, Bogotá, Colombia","21/04/2026","4:02:22 PM","1 min, 1 seg","0.03"
"FSQ694","Conductor FSQ694","Inactivo","Ac 145 #103b-80 a 103b-98, Bogotá, Colombia","21/04/2026","4:18:22 PM","1 min, 1 seg","0.16"
"FSQ694","Conductor FSQ694","Inactivo","Cl. 138 # 149C-10, Suba, Bogotá, D.C., Bogotá, Bogotá, D.C., Colombia","21/04/2026","4:28:23 PM","2 min, 0 seg","0.03"
"FSQ694","Conductor FSQ694","Inactivo","Cl. 138 # 153A-48, Suba, Bogotá, D.C., Bogotá, Bogotá, D.C., Colombia","21/04/2026","4:32:23 PM","10 min, 30 seg","0.11"
"FSQ694","Conductor FSQ694","Inactivo","Cl. 132d #154c-16, Bogotá, Colombia","21/04/2026","4:47:22 PM","17 min, 0 seg","0.04"
"FSQ694","Conductor FSQ694","Fin de Viaje","Cra. 145 #145 - 10, Bogotá, Colombia","21/04/2026","5:24:36 PM","0 min, 0 seg","0"
"FSQ694","Conductor FSQ694","Ignición Apagada","Cra. 145 #145 - 10, Bogotá, Colombia","21/04/2026","5:24:37 PM","6 hr, 35 min, 22 seg","0"
"KYR910","Conductor KYR910","Ignición Apagada","Cra 14 # 130-43, Usme, Bogotá, D.C., Bogotá, Bogotá, D.C., Colombia","21/04/2026","12:00:00 AM","7 hr, 27 min, 9 seg","0"
"KYR910","Conductor KYR910","Ignición Encendido","Cra. 5m #49-31, Bogotá, Colombia","21/04/2026","7:27:09 AM","16 min, 44 seg","0"
"KYR910","Conductor KYR910","Inactivo","Cra 5l #49 Sur-32, Bogotá, Colombia","21/04/2026","7:28:52 AM","1 min, 59 seg","0"
"KYR910","Conductor KYR910","Inicio de Viaje","Cl. 49 Sur #5l-30 a 5l-42, Bogotá, Colombia","21/04/2026","7:31:06 AM","0 min, 0 seg","0"
"KYR910","Conductor KYR910","Fin de Viaje","Cl. 57 Sur #18b-2 a 18b-86, Bogotá, Colombia","21/04/2026","7:43:52 AM","0 min, 0 seg","0"
"KYR910","Conductor KYR910","Ignición Apagada","Cl. 57 Sur #18b-2 a 18b-86, Bogotá, Colombia","21/04/2026","7:43:53 AM","1 min, 34 seg","0"
"KYR910","Conductor KYR910","Ignición Encendido","Cl. 57 Sur #18b-2 a 18b-86, Bogotá, Colombia","21/04/2026","7:45:27 AM","8 min, 40 seg","0"
"KYR910","Conductor KYR910","Inicio de Viaje","Cl. 58 Sur #19a-60 a 19a-98, Bogotá, Colombia","21/04/2026","7:46:21 AM","0 min, 0 seg","0.18"
"KYR910","Conductor KYR910","Fin de Viaje","Cl. 59 Sur #43a-37 a 43a-1, Bogotá, Colombia","21/04/2026","7:54:06 AM","0 min, 0 seg","0"
"KYR910","Conductor KYR910","Ignición Apagada","Cl. 59 Sur #43a-37 a 43a-1, Bogotá, Colombia","21/04/2026","7:54:07 AM","27 min, 25 seg","0"
"KYR910","Conductor KYR910","Ignición Encendido","Cl. 59 Sur #43a-37 a 43a-1, Bogotá, Colombia","21/04/2026","8:21:32 AM","1 hr, 9 min, 31 seg","0"
"KYR910","Conductor KYR910","Inactivo","Cl. 59 Sur #43a-37 a 43a-1, Bogotá, Colombia","21/04/2026","8:21:32 AM","2 min, 59 seg","0"
"KYR910","Conductor KYR910","Inicio de Viaje","Cra. 43 #58c Sur-98 a 58c Sur-2, Bogotá, Colombia","21/04/2026","8:24:45 AM","0 min, 0 seg","0"
"KYR910","Conductor KYR910","Inactivo","Cra. 33A # 53A-12, Tunjuelito, Bogotá, D.C., Bogotá, Bogotá, D.C., Colombia","21/04/2026","8:33:32 AM","1 min, 1 seg","0.06"
"KYR910","Conductor KYR910","Inactivo","Cra. 33 #47b Sur-25, Bogotá, Colombia","21/04/2026","8:36:33 AM","4 min, 0 seg","0.25"
"KYR910","Conductor KYR910","Inactivo","Cra 27 #23 Sur-78, Bogotá, Colombia","21/04/2026","8:46:32 AM","1 min, 1 seg","0.03"
"KYR910","Conductor KYR910","Inactivo","Tv. 19, Bogotá, Colombia","21/04/2026","8:55:33 AM","2 min, 0 seg","0.16"
"KYR910","Conductor KYR910","Inactivo","Cra. 10 #6-40, Bogotá, Colombia","21/04/2026","9:15:33 AM","3 min, 0 seg","0"
"KYR910","Conductor KYR910","Fin de Viaje","Cra. 5 #6b-49, Bogotá, Colombia","21/04/2026","9:31:02 AM","0 min, 0 seg","0"
"KYR910","Conductor KYR910","Ignición Apagada","Cra. 5 #6b-49, Bogotá, Colombia","21/04/2026","9:31:03 AM","12 min, 8 seg","0"
"KYR910","Conductor KYR910","Ignición Encendido","Cra. 5 #6b-49, Bogotá, Colombia","21/04/2026","9:43:11 AM","0 min, 6 seg","0"
"KYR910","Conductor KYR910","Ignición Apagada","Cra. 5 #6b-49, Bogotá, Colombia","21/04/2026","9:43:17 AM","23 min, 14 seg","0"
"KYR910","Conductor KYR910","Ignición Encendido","Cra. 5 #6b-49, Bogotá, Colombia","21/04/2026","10:06:31 AM","0 min, 31 seg","0"
"KYR910","Conductor KYR910","Ignición Apagada","Cra. 5 #6b-49, Bogotá, Colombia","21/04/2026","10:07:02 AM","11 min, 30 seg","0"
"KYR910","Conductor KYR910","Ignición Encendido","Cra. 5 #6b-49, Bogotá, Colombia","21/04/2026","10:18:32 AM","3 min, 51 seg","0"
"KYR910","Conductor KYR910","Inactivo","Cra. 5 #6b-49, Bogotá, Colombia","21/04/2026","10:18:32 AM","3 min, 51 seg","0"
"KYR910","Conductor KYR910","Ignición Apagada","Cra. 5 #6b-49, Bogotá, Colombia","21/04/2026","10:22:23 AM","9 min, 23 seg","0"
"KYR910","Conductor KYR910","Ignición Encendido","Cra. 5 #6b-49, Bogotá, Colombia","21/04/2026","10:31:46 AM","0 min, 39 seg","0"
"KYR910","Conductor KYR910","Ignición Apagada","Cra. 5 #6b-49, Bogotá, Colombia","21/04/2026","10:32:25 AM","6 min, 16 seg","0"
"KYR910","Conductor KYR910","Ignición Encendido","Cra. 5 #6b-49, Bogotá, Colombia","21/04/2026","10:38:41 AM","0 min, 28 seg","0"
"KYR910","Conductor KYR910","Ignición Apagada","Cra. 5 #6b-49, Bogotá, Colombia","21/04/2026","10:39:09 AM","3 hr, 18 min, 57 seg","0"
"KYR910","Conductor KYR910","Ignición Encendido","Cl. 59 Sur #43a-20, Bogotá, Colombia","21/04/2026","1:58:06 PM","1 min, 15 seg","0"
"KYR910","Conductor KYR910","Inicio de Viaje","Cl. 59 Sur #43a-24, Bogotá, Colombia","21/04/2026","1:58:21 PM","0 min, 0 seg","0"
"KYR910","Conductor KYR910","Fin de Viaje","Cl. 58c Sur #42a-37, Bogotá, Colombia","21/04/2026","1:59:07 PM","0 min, 0 seg","0.07"
"KYR910","Conductor KYR910","Ignición Apagada","Cl. 58c Sur #42a-24, Bogotá, Colombia","21/04/2026","1:59:21 PM","0 min, 20 seg","0"
"KYR910","Conductor KYR910","Ignición Encendido","Cl. 58c Sur #42a-24, Bogotá, Colombia","21/04/2026","1:59:41 PM","54 min, 21 seg","0"
"KYR910","Conductor KYR910","Inactivo","Cl. 58c Sur #42a-24, Bogotá, Colombia","21/04/2026","1:59:41 PM","4 min, 26 seg","0"
"KYR910","Conductor KYR910","Inicio de Viaje","Cl. 61 Sur, Bogotá, Colombia","21/04/2026","2:04:06 PM","0 min, 0 seg","0.02"
"KYR910","Conductor KYR910","Inactivo","Cl. 48 Sur #27-36, Bogotá, Colombia","21/04/2026","2:17:06 PM","3 min, 1 seg","0.22"
"KYR910","Conductor KYR910","Inactivo","Cra. 33 #44 Sur-26, Bogotá, Colombia","21/04/2026","2:22:06 PM","2 min, 1 seg","0.18"
"KYR910","Conductor KYR910","Inactivo","Ave Cra 30 #15a Sur-51, Bogotá, Colombia","21/04/2026","2:29:07 PM","2 min, 0 seg","0.29"
"KYR910","Conductor KYR910","Inactivo","Av. 8 Sur, Bogotá, Colombia","21/04/2026","2:32:07 PM","2 min, 0 seg","0.15"
"KYR910","Conductor KYR910","Inactivo","Av NQS #1d-10, Bogotá, Colombia","21/04/2026","2:35:06 PM","2 min, 1 seg","0.15"
"KYR910","Conductor KYR910","Inactivo","Ave Cra 30 #5a-94, Bogotá, Colombia","21/04/2026","2:38:07 PM","2 min, 19 seg","0.23"
"KYR910","Conductor KYR910","Inactivo","Cra. 31 #8-28, Bogotá, Colombia","21/04/2026","2:44:07 PM","2 min, 0 seg","0.05"
"KYR910","Conductor KYR910","Fin de Viaje","Cl. 11 #30-26, Bogotá, Colombia","21/04/2026","2:54:01 PM","0 min, 0 seg","0"
"KYR910","Conductor KYR910","Ignición Apagada","Cl. 11 #30-26, Bogotá, Colombia","21/04/2026","2:54:02 PM","23 min, 42 seg","0"
"KYR910","Conductor KYR910","Ignición Encendido","Cl. 11 #30-26, Bogotá, Colombia","21/04/2026","3:17:44 PM","33 min, 4 seg","0"
"KYR910","Conductor KYR910","Inicio de Viaje","Ave Cra 30 # 10-83, Puente Aranda, Bogotá, D.C., Bogotá, Bogotá, D.C., Colombia","21/04/2026","3:18:08 PM","0 min, 0 seg","0"
"KYR910","Conductor KYR910","Inactivo","Av NQS, Bogotá, Colombia","21/04/2026","3:22:46 PM","2 min, 0 seg","0.02"
"KYR910","Conductor KYR910","Inactivo","Av. Cdad. de Quito #1d-21, Puente Aranda, Bogotá, Colombia","21/04/2026","3:28:45 PM","1 min, 1 seg","0"
"KYR910","Conductor KYR910","Inactivo","Cl. 36 Sur #24-50, Bogotá, Colombia","21/04/2026","3:40:45 PM","2 min, 1 seg","0.12"
"KYR910","Conductor KYR910","Fin de Viaje","Cl. 24 Sur # 12F-36, Rafael Uribe Uribe, Bogotá, D.C., Bogotá, Bogotá, D.C., Colombia","21/04/2026","3:50:47 PM","0 min, 0 seg","0"
"KYR910","Conductor KYR910","Ignición Apagada","Cl. 24 Sur # 12F-36, Rafael Uribe Uribe, Bogotá, D.C., Bogotá, Bogotá, D.C., Colombia","21/04/2026","3:50:48 PM","5 min, 30 seg","0"
"KYR910","Conductor KYR910","Ignición Encendido","Cl. 24 Sur # 12F-36, Rafael Uribe Uribe, Bogotá, D.C., Bogotá, Bogotá, D.C., Colombia","21/04/2026","3:56:18 PM","18 min, 29 seg","0"
"KYR910","Conductor KYR910","Inicio de Viaje","Cra. 13 #24 Sur-54 a 24 Sur-32, Bogotá, Colombia","21/04/2026","3:57:08 PM","0 min, 0 seg","0"
"KYR910","Conductor KYR910","Inactivo","Cra. 13 #27c Sur-35, Bogotá, Colombia","21/04/2026","4:01:19 PM","1 min, 45 seg","0.09"
"KYR910","Conductor KYR910","Fin de Viaje","Cl. 48x Sur #5p-6, Bogotá, Colombia","21/04/2026","4:14:46 PM","0 min, 0 seg","0"
"KYR910","Conductor KYR910","Ignición Apagada","Cl. 48x Sur #5p-6, Bogotá, Colombia","21/04/2026","4:14:47 PM","2 min, 4 seg","0"
"KYR910","Conductor KYR910","Ignición Encendido","Cl. 48x Sur #5p-6, Bogotá, Colombia","21/04/2026","4:16:51 PM","1 min, 26 seg","0"
"KYR910","Conductor KYR910","Inicio de Viaje","Tv. 5n Bis #48x Sur-1, Bogotá, Colombia","21/04/2026","4:17:11 PM","0 min, 0 seg","0.02"
"KYR910","Conductor KYR910","Fin de Viaje","Cl. 49 Sur #5q-13, Bogotá, Colombia","21/04/2026","4:17:40 PM","0 min, 0 seg","0"
"KYR910","Conductor KYR910","Ignición Apagada","Cl. 49 Sur #5n-99 a 5n-51, Bogotá, Colombia","21/04/2026","4:18:17 PM","7 min, 47 seg","0"
"KYR910","Conductor KYR910","Ignición Encendido","Cl. 49 Sur #5n-99 a 5n-51, Bogotá, Colombia","21/04/2026","4:26:04 PM","0 min, 31 seg","0"
"KYR910","Conductor KYR910","Ignición Apagada","Cl. 49 Sur #5n-85, Bogotá, Colombia","21/04/2026","4:26:35 PM","14 min, 30 seg","0"
"KYR910","Conductor KYR910","Ignición Encendido","Cl. 49 Sur #5n-85, Bogotá, Colombia","21/04/2026","4:41:05 PM","0 min, 29 seg","0"
"KYR910","Conductor KYR910","Ignición Apagada","Cl. 49 Sur #5n-50, Bogotá, Colombia","21/04/2026","4:41:34 PM","1 min, 35 seg","0"
"KYR910","Conductor KYR910","Ignición Encendido","Cl. 49 Sur #5n-50, Bogotá, Colombia","21/04/2026","4:43:09 PM","1 min, 47 seg","0"
"KYR910","Conductor KYR910","Inicio de Viaje","Cl. 49 Sur #5l-34, Bogotá, Colombia","21/04/2026","4:43:59 PM","0 min, 0 seg","0.05"
"KYR910","Conductor KYR910","Fin de Viaje","Cl. 49 Sur #5l-34, Bogotá, Colombia","21/04/2026","4:44:00 PM","0 min, 0 seg","0.05"
"KYR910","Conductor KYR910","Ignición Apagada","Cra. 5m #49-15, Bogotá, Colombia","21/04/2026","4:44:56 PM","24 min, 21 seg","0"
"KYR910","Conductor KYR910","Ignición Encendido","Cra. 5m #49-15, Bogotá, Colombia","21/04/2026","5:09:17 PM","0 min, 51 seg","0"
"KYR910","Conductor KYR910","Inicio de Viaje","Cl. 49 Sur #5l-30, Bogotá, Colombia","21/04/2026","5:09:28 PM","0 min, 0 seg","0"
"KYR910","Conductor KYR910","Fin de Viaje","Cl. 49 Sur #5l-30 a 5l-42, Bogotá, Colombia","21/04/2026","5:09:32 PM","0 min, 0 seg","0.01"
"KYR910","Conductor KYR910","Ignición Apagada","Cra. 5m #49-31, Bogotá, Colombia","21/04/2026","5:10:08 PM","3 hr, 43 min, 20 seg","0"
"KYR910","Conductor KYR910","Ignición Encendido","Cra. 5m #49-31, Bogotá, Colombia","21/04/2026","8:53:28 PM","0 min, 41 seg","0"
"KYR910","Conductor KYR910","Inicio de Viaje","Cra 5l #49 Sur-35, Bogotá, Colombia","21/04/2026","8:53:43 PM","0 min, 0 seg","0"
"KYR910","Conductor KYR910","Fin de Viaje","Cra 5l #49 Sur-35, Bogotá, Colombia","21/04/2026","8:53:44 PM","0 min, 0 seg","0"
"KYR910","Conductor KYR910","Ignición Apagada","Cra 5l #49 Sur-35, Bogotá, Colombia","21/04/2026","8:54:09 PM","3 hr, 5 min, 50 seg","0"
"NOX568 ","Conductor NOX568","Ignición Apagada","Cl. 47 Sur #1-2 a 1-16, Bogotá, Colombia","21/04/2026","12:00:00 AM","10 hr, 3 min, 16 seg","0"
"NOX568 ","Conductor NOX568","Ignición Encendido","Cl. 47 Sur #1-2 a 1-16, Bogotá, Colombia","21/04/2026","10:03:16 AM","2 min, 33 seg","0"
"NOX568 ","Conductor NOX568","Inactivo","Cl. 47 Sur #1-2 a 1-16, Bogotá, Colombia","21/04/2026","10:03:16 AM","2 min, 33 seg","0"
"NOX568 ","Conductor NOX568","Ignición Apagada","Cl. 47 Sur #1-2 a 1-16, Bogotá, Colombia","21/04/2026","10:05:49 AM","2 hr, 28 min, 28 seg","0"
"NOX568 ","Conductor NOX568","Ignición Encendido","Cl. 47 Sur #1-2 a 1-16, Bogotá, Colombia","21/04/2026","12:34:17 PM","0 min, 37 seg","0"
"NOX568 ","Conductor NOX568","Ignición Apagada","Cl. 47 Sur #1-2 a 1-16, Bogotá, Colombia","21/04/2026","12:34:54 PM","8 min, 45 seg","0"
"NOX568 ","Conductor NOX568","Ignición Encendido","Cl. 47 Sur #1-2 a 1-16, Bogotá, Colombia","21/04/2026","12:43:39 PM","2 min, 14 seg","0"
"NOX568 ","Conductor NOX568","Inicio de Viaje","Cl. 47 Sur #1-2 a 1-16, Bogotá, Colombia","21/04/2026","12:44:34 PM","0 min, 0 seg","0"
"NOX568 ","Conductor NOX568","Fin de Viaje","Cl. 47 Sur #1-67, Bogotá, Colombia","21/04/2026","12:45:52 PM","0 min, 0 seg","0"
"NOX568 ","Conductor NOX568","Ignición Apagada","Cl. 47 Sur #1-67, Bogotá, Colombia","21/04/2026","12:45:53 PM","60 min, 54 seg","0"
"NOX568 ","Conductor NOX568","Ignición Encendido","Cl. 47 Sur #1-67, Bogotá, Colombia","21/04/2026","1:46:47 PM","23 min, 52 seg","0"
"NOX568 ","Conductor NOX568","Inactivo","Cl. 47 Sur #1-67, Bogotá, Colombia","21/04/2026","1:46:47 PM","1 min, 18 seg","0"
"NOX568 ","Conductor NOX568","Inicio de Viaje","Cl. 47 Sur #1-81 a 1-37, Bogotá, Colombia","21/04/2026","1:48:05 PM","0 min, 0 seg","0"
"NOX568 ","Conductor NOX568","Inactivo","Cl. 27 Sur #14-39, Rafael Uribe Uribe, Bogotá, Cundinamarca, Colombia","21/04/2026","2:03:48 PM","6 min, 51 seg","0"
"NOX568 ","Conductor NOX568","Fin de Viaje","Av. Caracas #27 Sur-50, Bogotá, Colombia","21/04/2026","2:10:38 PM","0 min, 0 seg","0"
"NOX568 ","Conductor NOX568","Ignición Apagada","Av. Caracas #27 Sur-50, Bogotá, Colombia","21/04/2026","2:10:39 PM","7 min, 49 seg","0"
"NOX568 ","Conductor NOX568","Ignición Encendido","Av. Caracas #27 Sur-50, Bogotá, Colombia","21/04/2026","2:18:28 PM","14 min, 26 seg","0"
"NOX568 ","Conductor NOX568","Inicio de Viaje","Av. Caracas #27 Sur-47 a 27 Sur-65, Bogotá, Colombia","21/04/2026","2:18:57 PM","0 min, 0 seg","0"
"NOX568 ","Conductor NOX568","Inactivo","Cl. 22 Sur #10-54, Bogotá, Colombia","21/04/2026","2:25:29 PM","3 min, 0 seg","0.14"
"NOX568 ","Conductor NOX568","Fin de Viaje","Cra. 3a #10a Sur-1 a 10a Sur-53, Bogotá, Colombia","21/04/2026","2:32:53 PM","0 min, 0 seg","0"
"NOX568 ","Conductor NOX568","Ignición Apagada","Cra. 3a #10a Sur-1 a 10a Sur-53, Bogotá, Colombia","21/04/2026","2:32:54 PM","14 min, 1 seg","0"
"NOX568 ","Conductor NOX568","Ignición Encendido","Cra. 3a #10a Sur-1 a 10a Sur-53, Bogotá, Colombia","21/04/2026","2:46:55 PM","32 min, 37 seg","0"
"NOX568 ","Conductor NOX568","Inactivo","Cra. 3a #10a Sur-1 a 10a Sur-53, Bogotá, Colombia","21/04/2026","2:46:55 PM","1 min, 1 seg","0"
"NOX568 ","Conductor NOX568","Inicio de Viaje","Carrera 68 C No. 22, Cl. 10 Sur, Bogotá, Colombia","21/04/2026","2:48:12 PM","0 min, 0 seg","0"
"NOX568 ","Conductor NOX568","Fin de Viaje","Cl. 68 #63 30, Bogotá, Colombia","21/04/2026","3:19:31 PM","0 min, 0 seg","0"
"NOX568 ","Conductor NOX568","Ignición Apagada","Cl. 68 #63 30, Bogotá, Colombia","21/04/2026","3:19:32 PM","4 min, 44 seg","0"
"NOX568 ","Conductor NOX568","Ignición Encendido","Cl. 68 #63 30, Bogotá, Colombia","21/04/2026","3:24:16 PM","1 hr, 22 min, 54 seg","0"
"NOX568 ","Conductor NOX568","Inicio de Viaje","Cl. 68 #63-2 a 63-98, Bogotá, Colombia","21/04/2026","3:25:10 PM","0 min, 0 seg","0"
"NOX568 ","Conductor NOX568","Inactivo","Av Cl 80 #72b-64, Bogotá, Colombia","21/04/2026","3:36:17 PM","2 min, 0 seg","0.08"
"NOX568 ","Conductor NOX568","Inactivo","50 #92-2 a 92-44, Bogotá, Colombia","21/04/2026","3:43:17 PM","2 min, 0 seg","0.01"
"NOX568 ","Conductor NOX568","Fin de Viaje","Vía Sin Nombre, San Francisco, Cundinamarca, Colombia","21/04/2026","4:47:09 PM","0 min, 0 seg","0"
"NOX568 ","Conductor NOX568","Ignición Apagada","Vía Sin Nombre, San Francisco, Cundinamarca, Colombia","21/04/2026","4:47:10 PM","2 hr, 29 min, 24 seg","0"
"NOX568 ","Conductor NOX568","Ignición Encendido","Vía Sin Nombre, San Francisco, Cundinamarca, Colombia","21/04/2026","7:16:34 PM","28 min, 42 seg","0"
"NOX568 ","Conductor NOX568","Inactivo","Vía Sin Nombre, San Francisco, Cundinamarca, Colombia","21/04/2026","7:16:34 PM","3 min, 25 seg","0"
"NOX568 ","Conductor NOX568","Inicio de Viaje","XM9X+QW, San Francisco, Cundinamarca, Colombia","21/04/2026","7:19:58 PM","0 min, 0 seg","0"
"NOX568 ","Conductor NOX568","Fin de Viaje","Carrera 5 # 1A-21, El Vino, La Vega, Cundinamarca, Colombia","21/04/2026","7:45:15 PM","0 min, 0 seg","0"
"NOX568 ","Conductor NOX568","Ignición Apagada","Carrera 5 # 1A-21, El Vino, La Vega, Cundinamarca, Colombia","21/04/2026","7:45:16 PM","16 min, 43 seg","0"
"NOX568 ","Conductor NOX568","Ignición Encendido","Carrera 5 # 1A-21, El Vino, La Vega, Cundinamarca, Colombia","21/04/2026","8:01:59 PM","60 min, 16 seg","0"
"NOX568 ","Conductor NOX568","Inactivo","Carrera 5 # 1A-21, El Vino, La Vega, Cundinamarca, Colombia","21/04/2026","8:01:59 PM","1 min, 50 seg","0"
"NOX568 ","Conductor NOX568","Inicio de Viaje","Carrera 5 # 1A-11, El Vino, La Vega, Cundinamarca, Colombia","21/04/2026","8:03:49 PM","0 min, 0 seg","0"
"NOX568 ","Conductor NOX568","Inactivo","Av Ciudad de Cali #63f-39, Bogotá, Colombia","21/04/2026","8:50:00 PM","3 min, 0 seg","0.33"
"NOX568 ","Conductor NOX568","Fin de Viaje","Av. El Dorado #32-61, Teusaquillo, Bogotá, Colombia","21/04/2026","9:02:14 PM","0 min, 0 seg","0"
"NOX568 ","Conductor NOX568","Ignición Apagada","Av. El Dorado #32-61, Teusaquillo, Bogotá, Colombia","21/04/2026","9:02:15 PM","3 min, 9 seg","0"
"NOX568 ","Conductor NOX568","Ignición Encendido","Av. El Dorado #32-61, Teusaquillo, Bogotá, Colombia","21/04/2026","9:05:24 PM","0 min, 1 seg","0"
"NOX568 ","Conductor NOX568","Ignición Apagada","Av. El Dorado #32-61, Teusaquillo, Bogotá, Colombia","21/04/2026","9:05:25 PM","1 min, 23 seg","0"
"NOX568 ","Conductor NOX568","Ignición Encendido","Av. El Dorado #32-61, Teusaquillo, Bogotá, Colombia","21/04/2026","9:06:48 PM","33 min, 59 seg","0"
"NOX568 ","Conductor NOX568","Inicio de Viaje","Av. El Dorado #32-2 a 32-92, Bogotá, Colombia","21/04/2026","9:07:45 PM","0 min, 0 seg","0"
"NOX568 ","Conductor NOX568","Fin de Viaje","Cl. 47 Sur # 1-71, San Cristóbal, Bogotá, D.C., Bogotá, Bogotá, D.C., Colombia","21/04/2026","9:40:46 PM","0 min, 0 seg","0"
"NOX568 ","Conductor NOX568","Ignición Apagada","Cl. 47 Sur # 1-71, San Cristóbal, Bogotá, D.C., Bogotá, Bogotá, D.C., Colombia","21/04/2026","9:40:47 PM","1 hr, 3 min, 56 seg","0"
"NOX568 ","Conductor NOX568","Ignición Encendido","Cl. 47 Sur # 1-71, San Cristóbal, Bogotá, D.C., Bogotá, Bogotá, D.C., Colombia","21/04/2026","10:44:43 PM","2 min, 53 seg","0"
"NOX568 ","Conductor NOX568","Inactivo","Cl. 47 Sur # 1-71, San Cristóbal, Bogotá, D.C., Bogotá, Bogotá, D.C., Colombia","21/04/2026","10:44:43 PM","2 min, 53 seg","0"
"NOX568 ","Conductor NOX568","Ignición Apagada","Cl. 47 Sur #1-17, Bogotá, Colombia","21/04/2026","10:47:36 PM","1 hr, 12 min, 23 seg","0"