Camera ESN,Reason,Powered By,Created Time,Power Off Time,Recover Time,Last Gps Data
8B5221H4,restoreCable,cable,May 13 2026 4:41:26 pm,,May 13 2026 4:41:02 pm,Lat: -75.548041 Lng: 6.250855
8B5221H4,lostWhileParking,battery,May 13 2026 4:27:58 pm,May 13 2026 4:27:56 pm,,Lat: -75.548413 Lng: 6.250836
8B5221H4,restoreCable,cable,May 13 2026 4:27:57 pm,,May 13 2026 4:27:42 pm,Lat: -75.548386 Lng: 6.250845
8B5221H4,lostWhileParking,battery,May 13 2026 4:22:02 pm,May 13 2026 4:22:00 pm,,Lat: -75.548445 Lng: 6.250873
8B5221H4,restoreCable,cable,May 13 2026 4:19:32 pm,,May 13 2026 4:19:06 pm,Lat: -75.548316 Lng: 6.25045
8B5221H4,lostWhileParking,battery,May 13 2026 4:00:55 pm,May 13 2026 4:00:54 pm,,Lat: -75.54797 Lng: 6.250437
8B5221H4,restoreCable,cable,May 13 2026 9:29:16 am,,May 13 2026 9:28:51 am,Lat: -75.54857 Lng: 6.249745
8B5221H4,lostWhileParking,battery,May 13 2026 9:24:54 am,May 13 2026 9:24:53 am,,Lat: -75.548887 Lng: 6.24958
8B5221H4,restoreCable,cable,May 13 2026 9:23:55 am,,May 13 2026 9:23:30 am,Lat: -75.549219 Lng: 6.249213
8B5221H4,restoreCable,cable,May 13 2026 9:15:13 am,,May 13 2026 9:14:47 am,Lat: -75.54922 Lng: 6.249214
8B5221H4,lostWhileParking,battery,May 13 2026 9:15:05 am,May 13 2026 9:15:04 am,,Lat: -75.549218 Lng: 6.249213
8B5221H4,lostWhileParking,battery,May 13 2026 9:00:23 am,May 13 2026 9:00:22 am,,Lat: -75.549255 Lng: 6.248926
8B5221H4,restoreCable,cable,May 13 2026 8:59:50 am,,May 13 2026 8:59:28 am,Lat: -75.549651 Lng: 6.248328
8B5221H4,lostWhileParking,battery,May 13 2026 8:56:02 am,May 13 2026 8:56:01 am,,Lat: -75.550047 Lng: 6.248738
8B5221H4,restoreCable,cable,May 13 2026 8:55:49 am,,May 13 2026 8:55:26 am,Lat: -75.550012 Lng: 6.249342
8B5221H4,lostWhileParking,battery,May 13 2026 8:18:05 am,May 13 2026 8:18:04 am,,Lat: -75.550037 Lng: 6.249921
8B5221H4,restoreCable,cable,May 13 2026 8:16:47 am,,May 13 2026 8:16:24 am,Lat: -75.551178 Lng: 6.249625
8B5221H4,restoreCable,cable,May 13 2026 8:14:11 am,,May 13 2026 8:13:48 am,Lat: -75.551212 Lng: 6.249403
8B5221H4,lostWhileParking,battery,May 13 2026 8:14:04 am,May 13 2026 8:13:56 am,,Lat: -75.55121 Lng: 6.249404
8B5221H4,lostWhileParking,battery,May 13 2026 8:00:21 am,May 13 2026 8:00:20 am,,Lat: -75.551178 Lng: 6.249212
8B5221H4,restoreCable,cable,May 13 2026 7:21:32 am,,May 13 2026 7:21:09 am,Lat: -75.560587 Lng: 6.245648
8B5221H4,lostWhileParking,battery,May 13 2026 6:46:10 am,May 13 2026 6:46:09 am,,Lat: -75.560603 Lng: 6.245853
8B5221H4,restoreCable,cable,May 13 2026 6:45:22 am,,May 13 2026 6:45:09 am,Lat: -75.560271 Lng: 6.245724
8B5221H4,lostWhileParking,battery,May 13 2026 6:16:25 am,May 13 2026 6:16:24 am,,Lat: -75.559947 Lng: 6.245602
8B5221H4,restoreCable,cable,May 13 2026 6:14:21 am,,May 13 2026 6:13:58 am,Lat: -75.55615 Lng: 6.249846
8B5221H4,lostWhileParking,battery,May 13 2026 6:05:33 am,May 13 2026 6:05:33 am,,Lat: -75.556661 Lng: 6.24975
8B5221H4,restoreCable,cable,May 13 2026 5:59:15 am,,May 13 2026 5:58:52 am,Lat: -75.549346 Lng: 6.249508
8B5221H4,lostWhileParking,battery,May 13 2026 5:52:33 am,May 13 2026 5:52:32 am,,Lat: -75.549278 Lng: 6.249564
8B5221H4,restoreCable,cable,May 13 2026 5:50:37 am,,May 13 2026 5:50:14 am,Lat: -75.548377 Lng: 6.250667
8B5221H4,lostWhileParking,battery,May 13 2026 5:48:23 am,May 13 2026 5:48:22 am,,Lat: -75.548377 Lng: 6.250662
8B5221H4,restoreCable,cable,May 13 2026 5:47:11 am,,May 13 2026 5:46:48 am,Lat: -75.548379 Lng: 6.250686
8B5221H4,lostWhileParking,battery,May 13 2026 5:34:25 am,May 13 2026 5:34:24 am,,Lat: -75.548482 Lng: 6.250918
8B5221H4,restoreCable,cable,May 13 2026 5:31:32 am,,May 13 2026 5:31:19 am,Lat: -75.54847 Lng: 6.250919
8B5221H4,lostWhileParking,battery,May 13 2026 5:26:41 am,May 13 2026 5:26:40 am,,Lat: -75.54839 Lng: 6.250709
8B5221H4,restoreCable,cable,May 13 2026 5:14:18 am,,May 13 2026 5:13:54 am,Lat: -75.547871 Lng: 6.250538
8B5221H4,lostWhileParking,battery,May 12 2026 9:53:24 pm,May 12 2026 9:53:24 pm,,Lat: -75.547926 Lng: 6.250619
8B5221H4,restoreCable,cable,May 12 2026 12:21:20 pm,,May 12 2026 12:20:45 pm,Lat: -75.55477 Lng: 6.253157
8B5221H4,lostWhileParking,battery,May 12 2026 12:19:38 pm,May 12 2026 12:19:37 pm,,Lat: -75.555285 Lng: 6.252365
8B5221H4,restoreCable,cable,May 12 2026 9:32:26 am,,May 12 2026 9:30:51 am,Lat: -75.548388 Lng: 6.25005
8B5221H4,lostWhileParking,battery,May 12 2026 9:25:38 am,May 12 2026 9:25:37 am,,Lat: -75.548485 Lng: 6.250871
8B5221H4,restoreCable,cable,May 12 2026 9:23:36 am,,May 12 2026 9:23:11 am,Lat: -75.550004 Lng: 6.249362
8B5221H4,lostWhileParking,battery,May 12 2026 8:57:08 am,May 12 2026 8:57:07 am,,Lat: -75.550041 Lng: 6.249926
8B5221H4,restoreCable,cable,May 12 2026 8:56:47 am,,May 12 2026 8:56:22 am,Lat: -75.550046 Lng: 6.249957
8B5221H4,lostWhileParking,battery,May 12 2026 8:55:08 am,May 12 2026 8:55:07 am,,Lat: -75.55039 Lng: 6.249867
8B5221H4,restoreCable,cable,May 12 2026 8:54:35 am,,May 12 2026 8:54:10 am,Lat: -75.550725 Lng: 6.249719
8B5221H4,restoreCable,cable,May 12 2026 8:50:40 am,,May 12 2026 8:50:15 am,Lat: -75.551255 Lng: 6.249414
8B5221H4,lostWhileParking,battery,May 12 2026 8:50:36 am,May 12 2026 8:50:35 am,,Lat: -75.551251 Lng: 6.249416
8B5221H4,lostWhileParking,battery,May 12 2026 8:35:10 am,May 12 2026 8:35:08 am,,Lat: -75.551135 Lng: 6.249209
8B5221H4,restoreCable,cable,May 12 2026 8:28:15 am,,May 12 2026 8:27:50 am,Lat: -75.554049 Lng: 6.248923
8B5221H4,lostWhileParking,battery,May 12 2026 8:26:39 am,May 12 2026 8:26:38 am,,Lat: -75.553248 Lng: 6.248497
8B5221H4,restoreCable,cable,May 12 2026 8:10:45 am,,May 12 2026 8:10:20 am,Lat: -75.558265 Lng: 6.251309
8B5221H4,lostWhileParking,battery,May 12 2026 8:01:47 am,May 12 2026 8:01:46 am,,Lat: -75.557156 Lng: 6.250408
8B5221H4,restoreCable,cable,May 12 2026 7:56:14 am,,May 12 2026 7:55:48 am,Lat: -75.555693 Lng: 6.248206
8B5221H4,lostWhileParking,battery,May 12 2026 7:50:10 am,May 12 2026 7:50:09 am,,Lat: -75.555688 Lng: 6.248205
8B5221H4,restoreCable,cable,May 12 2026 7:48:47 am,,May 12 2026 7:48:22 am,Lat: -75.554531 Lng: 6.246218
8B5221H4,lostWhileParking,battery,May 12 2026 7:43:52 am,May 12 2026 7:43:50 am,,Lat: -75.554531 Lng: 6.246219
8B5221H4,restoreCable,cable,May 12 2026 7:41:20 am,,May 12 2026 7:40:55 am,Lat: -75.552816 Lng: 6.246495
8B5221H4,lostWhileParking,battery,May 12 2026 7:31:21 am,May 12 2026 7:31:19 am,,Lat: -75.552366 Lng: 6.247034
8B5221H4,restoreCable,cable,May 12 2026 7:29:49 am,,May 12 2026 7:29:02 am,Lat: -75.553684 Lng: 6.247885
8B5221H4,lostWhileParking,battery,May 12 2026 7:28:43 am,May 12 2026 7:28:42 am,,Lat: -75.553693 Lng: 6.24789
8B5221H4,restoreCable,cable,May 12 2026 7:18:13 am,,May 12 2026 7:17:49 am,Lat: -75.560532 Lng: 6.245823
8B5221H4,lostWhileParking,battery,May 12 2026 6:36:40 am,May 12 2026 6:36:39 am,,Lat: -75.560532 Lng: 6.245822
8B5221H4,restoreCable,cable,May 12 2026 6:36:06 am,,May 12 2026 6:35:58 am,Lat: -75.560543 Lng: 6.245867
8B5221H4,lostWhileParking,battery,May 12 2026 6:35:53 am,May 12 2026 6:35:52 am,,Lat: -75.560543 Lng: 6.245867
8B5221H4,restoreCable,cable,May 12 2026 6:34:05 am,,May 12 2026 6:33:40 am,Lat: -75.560075 Lng: 6.245731
8B5221H4,lostWhileParking,battery,May 12 2026 6:20:10 am,May 12 2026 6:20:08 am,,Lat: -75.55998 Lng: 6.245649
8B5221H4,restoreCable,cable,May 12 2026 6:13:42 am,,May 12 2026 6:13:26 am,Lat: -75.556646 Lng: 6.249693
8B5221H4,lostWhileParking,battery,May 12 2026 6:08:02 am,May 12 2026 6:08:00 am,,Lat: -75.55664 Lng: 6.249678
8B5221H4,restoreCable,cable,May 12 2026 6:05:21 am,,May 12 2026 6:04:56 am,Lat: -75.552459 Lng: 6.248994
8B5221H4,lostWhileParking,battery,May 12 2026 6:02:01 am,May 12 2026 6:02:00 am,,Lat: -75.551789 Lng: 6.249017
8B5221H4,restoreCable,cable,May 12 2026 5:58:10 am,,May 12 2026 5:57:44 am,Lat: -75.54953 Lng: 6.248997
8B5221H4,lostWhileParking,battery,May 12 2026 5:55:16 am,May 12 2026 5:55:15 am,,Lat: -75.549182 Lng: 6.24941
8B5221H4,restoreCable,cable,May 12 2026 5:50:59 am,,May 12 2026 5:50:33 am,Lat: -75.548401 Lng: 6.250501
8B5221H4,lostWhileParking,battery,May 12 2026 5:50:51 am,May 12 2026 5:46:35 am,,Lat: -75.548373 Lng: 6.250669
8B5221H4,lostWhileParking,battery,May 12 2026 5:32:23 am,May 12 2026 5:32:22 am,,Lat: -75.548456 Lng: 6.25092
8B5221H4,restoreCable,cable,May 12 2026 5:21:05 am,,,Lat: -75.547876 Lng: 6.250576
8B5221H4,lostWhileParking,battery,May 11 2026 4:25:21 pm,May 11 2026 4:25:20 pm,,Lat: -75.547916 Lng: 6.250605
8B5221H4,restoreCable,cable,May 11 2026 3:54:14 pm,,May 11 2026 3:54:10 pm,Lat: -75.547842 Lng: 6.250656
8B5221H4,lostWhileParking,battery,May 11 2026 3:54:04 pm,May 11 2026 3:54:03 pm,,Lat: -75.547841 Lng: 6.250664
8B5221H4,restoreCable,cable,May 11 2026 11:52:34 am,,May 11 2026 11:52:09 am,Lat: -75.55141 Lng: 6.249088
8B5221H4,restoreCable,cable,May 11 2026 11:46:39 am,,May 11 2026 11:46:13 am,Lat: -75.551925 Lng: 6.249034
8B5221H4,lostWhileParking,battery,May 11 2026 11:46:39 am,May 11 2026 11:46:24 am,,Lat: -75.551947 Lng: 6.249016
8B5221H4,restoreCable,cable,May 11 2026 11:45:07 am,,May 11 2026 11:44:41 am,Lat: -75.552517 Lng: 6.249121
8B5221H4,lostWhileParking,battery,May 11 2026 11:45:05 am,May 11 2026 11:45:03 am,,Lat: -75.552517 Lng: 6.249114
8B5221H4,lostWhileParking,battery,May 11 2026 11:42:24 am,May 11 2026 11:42:23 am,,Lat: -75.552192 Lng: 6.249524
8B5221H4,restoreCable,cable,May 11 2026 10:55:47 am,,May 11 2026 10:55:22 am,Lat: -75.553902 Lng: 6.248875
8B5221H4,lostWhileParking,battery,May 11 2026 10:48:34 am,May 11 2026 10:48:33 am,,Lat: -75.553264 Lng: 6.248532
8B5221H4,restoreCable,cable,May 11 2026 10:09:18 am,,May 11 2026 10:08:53 am,Lat: -75.548444 Lng: 6.248155
8B5221H4,lostWhileParking,battery,May 11 2026 10:07:01 am,May 11 2026 10:07:00 am,,Lat: -75.547854 Lng: 6.247961
8B5221H4,restoreCable,cable,May 11 2026 8:32:44 am,,May 11 2026 8:32:18 am,Lat: -75.551107 Lng: 6.249108
8B5221H4,restoreCable,cable,May 11 2026 8:17:50 am,,May 11 2026 8:16:25 am,Lat: -75.549598 Lng: 6.249397
8B5221H4,lostWhileParking,battery,May 11 2026 8:17:46 am,May 11 2026 8:17:38 am,,Lat: -75.551108 Lng: 6.249108
8B5221H4,lostWhileParking,battery,May 11 2026 8:12:43 am,May 11 2026 8:12:42 am,,Lat: -75.553701 Lng: 6.253544
8B5221H4,restoreCable,cable,May 11 2026 8:12:36 am,,May 11 2026 8:12:21 am,Lat: -75.553728 Lng: 6.253561
8B5221H4,lostWhileParking,battery,May 11 2026 8:08:40 am,May 11 2026 8:08:39 am,,Lat: -75.549205 Lng: 6.249459
8B5221H4,restoreCable,cable,May 11 2026 7:54:58 am,,May 11 2026 7:54:33 am,Lat: -75.551438 Lng: 6.247044
8B5221H4,lostWhileParking,battery,May 11 2026 7:43:02 am,May 11 2026 7:43:01 am,,Lat: -75.552363 Lng: 6.247021
8B5221H4,restoreCable,cable,May 11 2026 7:42:22 am,,May 11 2026 7:41:57 am,Lat: -75.55282 Lng: 6.247384
8B5221H4,lostWhileParking,battery,May 11 2026 7:40:58 am,May 11 2026 7:40:57 am,,Lat: -75.553762 Lng: 6.247956
8B5221H4,restoreCable,cable,May 11 2026 7:40:07 am,,May 11 2026 7:39:42 am,Lat: -75.554648 Lng: 6.248496
8B5221H4,lostWhileParking,battery,May 11 2026 7:37:54 am,May 11 2026 7:37:53 am,,Lat: -75.55552 Lng: 6.248928
8B5221H4,restoreCable,cable,May 11 2026 7:37:47 am,,May 11 2026 7:37:32 am,Lat: -75.555482 Lng: 6.249012
8B5221H4,lostWhileParking,battery,May 11 2026 7:35:58 am,May 11 2026 7:35:57 am,,Lat: -75.555629 Lng: 6.249141
8B5221H4,restoreCable,cable,May 11 2026 7:35:28 am,,May 11 2026 7:34:54 am,Lat: -75.556571 Lng: 6.249764
8B5221H4,lostWhileParking,battery,May 11 2026 7:29:38 am,May 11 2026 7:29:38 am,,Lat: -75.557194 Lng: 6.249568
8B5221H4,restoreCable,cable,May 11 2026 7:25:47 am,,May 11 2026 7:25:22 am,Lat: -75.560326 Lng: 6.245418
8B5221H4,lostWhileParking,battery,May 11 2026 7:13:00 am,May 11 2026 7:12:59 am,,Lat: -75.560573 Lng: 6.245669
8B5221H4,restoreCable,cable,May 11 2026 7:12:52 am,,May 11 2026 7:12:27 am,Lat: -75.560558 Lng: 6.245809
8B5221H4,lostWhileParking,battery,May 11 2026 6:41:32 am,May 11 2026 6:41:31 am,,Lat: -75.560558 Lng: 6.245808
8B5221H4,restoreCable,cable,May 11 2026 6:29:44 am,,May 11 2026 6:29:19 am,Lat: -75.556674 Lng: 6.24976
8B5221H4,lostWhileParking,battery,May 11 2026 6:19:48 am,May 11 2026 6:19:47 am,,Lat: -75.556674 Lng: 6.249775
8B5221H4,restoreCable,cable,May 11 2026 6:12:01 am,,May 11 2026 6:11:46 am,Lat: -75.548363 Lng: 6.250835
8B5221H4,lostWhileParking,battery,May 11 2026 6:04:09 am,May 11 2026 6:04:08 am,,Lat: -75.548363 Lng: 6.250834
8B5221H4,restoreCable,cable,May 11 2026 6:04:07 am,,May 11 2026 6:03:42 am,Lat: -75.548363 Lng: 6.250836
8B5221H4,lostWhileParking,battery,May 11 2026 5:50:01 am,May 11 2026 5:49:59 am,,Lat: -75.548457 Lng: 6.250925
8B5221H4,restoreCable,cable,May 11 2026 5:48:44 am,,May 11 2026 5:48:18 am,Lat: -75.548339 Lng: 6.250617
8B5221H4,lostWhileParking,battery,May 11 2026 5:45:17 am,May 11 2026 5:45:16 am,,Lat: -75.548472 Lng: 6.250538
8B5221H4,restoreCable,cable,May 11 2026 5:40:55 am,,May 11 2026 5:40:29 am,Lat: -75.548397 Lng: 6.250717
8B5221H4,lostWhileParking,battery,May 11 2026 5:31:20 am,May 11 2026 5:31:18 am,,Lat: -75.548397 Lng: 6.250717
8B5221H4,restoreCable,cable,May 11 2026 5:21:40 am,,,Lat: -75.548371 Lng: 6.249917
8B5221H4,lostWhileParking,battery,May 09 2026 10:52:34 pm,May 09 2026 10:52:27 pm,,Lat: -75.548596 Lng: 6.249784
8B5221H4,restoreCable,cable,May 09 2026 2:39:48 pm,,May 09 2026 2:39:26 pm,Lat: -75.548433 Lng: 6.250783
8B5221H4,lostWhileParking,battery,May 09 2026 2:26:04 pm,May 09 2026 2:26:04 pm,,Lat: -75.54849 Lng: 6.250882
8B5221H4,restoreCable,cable,May 09 2026 2:24:24 pm,,May 09 2026 2:24:00 pm,Lat: -75.548653 Lng: 6.251059
8B5221H4,lostWhileParking,battery,May 09 2026 2:20:38 pm,May 09 2026 2:20:37 pm,,Lat: -75.548659 Lng: 6.251021
8B5221H4,restoreCable,cable,May 09 2026 2:14:07 pm,,May 09 2026 2:13:43 pm,Lat: -75.552645 Lng: 6.246402
8B5221H4,lostWhileParking,battery,May 09 2026 2:12:25 pm,May 09 2026 2:12:25 pm,,Lat: -75.552597 Lng: 6.246324
8B5221H4,restoreCable,cable,May 09 2026 2:08:28 pm,,,Lat: -75.547283 Lng: 6.245846
8B5221H4,lostWhileParking,,May 09 2026 2:08:22 pm,May 09 2026 2:01:09 pm,,Lat: -75.547283 Lng: 6.245846
8B5221H4,lostWhileParking,battery,May 09 2026 2:01:18 pm,May 09 2026 2:01:09 pm,,Lat: -75.547282 Lng: 6.245823
8B5221H4,restoreCable,cable,May 09 2026 1:58:17 pm,,May 09 2026 1:57:41 pm,Lat: -75.548391 Lng: 6.246745
8B5221H4,lostWhileParking,battery,May 09 2026 1:51:36 pm,May 09 2026 1:51:35 pm,,Lat: -75.548031 Lng: 6.246825
8B5221H4,restoreCable,cable,May 09 2026 1:51:06 pm,,May 09 2026 1:50:41 pm,Lat: -75.547488 Lng: 6.246792
8B5221H4,lostWhileParking,battery,May 09 2026 1:49:51 pm,May 09 2026 1:49:49 pm,,Lat: -75.547677 Lng: 6.246981
8B5221H4,restoreCable,cable,May 09 2026 1:47:34 pm,,May 09 2026 1:47:08 pm,Lat: -75.545762 Lng: 6.246481
8B5221H4,lostWhileParking,battery,May 09 2026 1:45:45 pm,May 09 2026 1:45:44 pm,,Lat: -75.545796 Lng: 6.246558
8B5221H4,restoreCable,cable,May 09 2026 1:44:18 pm,,May 09 2026 1:43:53 pm,Lat: -75.546785 Lng: 6.247533
8B5221H4,lostWhileParking,battery,May 09 2026 1:42:50 pm,May 09 2026 1:42:49 pm,,Lat: -75.54655 Lng: 6.247388
8B5221H4,restoreCable,cable,May 09 2026 1:39:35 pm,,May 09 2026 1:39:10 pm,Lat: -75.547928 Lng: 6.247611
8B5221H4,lostWhileParking,battery,May 09 2026 1:38:32 pm,May 09 2026 1:38:30 pm,,Lat: -75.547934 Lng: 6.247577
8B5221H4,restoreCable,cable,May 09 2026 1:34:09 pm,,May 09 2026 1:33:44 pm,Lat: -75.5484 Lng: 6.250917
8B5221H4,lostWhileParking,battery,May 09 2026 1:31:51 pm,May 09 2026 1:31:50 pm,,Lat: -75.548517 Lng: 6.250869
8B5221H4,restoreCable,cable,May 09 2026 1:30:31 pm,,May 09 2026 1:30:06 pm,Lat: -75.548101 Lng: 6.249815
8B5221H4,lostWhileParking,battery,May 09 2026 1:25:36 pm,May 09 2026 1:25:34 pm,,Lat: -75.547771 Lng: 6.249971
8B5221H4,restoreCable,cable,May 09 2026 11:41:59 am,,May 09 2026 11:41:45 am,Lat: -75.557183 Lng: 6.250326
8B5221H4,lostWhileParking,battery,May 09 2026 11:33:02 am,May 09 2026 11:33:02 am,,Lat: -75.55704 Lng: 6.250334
8B5221H4,restoreCable,cable,May 09 2026 9:08:34 am,,May 09 2026 9:08:19 am,Lat: -75.552014 Lng: 6.249904
8B5221H4,lostWhileParking,battery,May 09 2026 9:04:37 am,May 09 2026 9:04:37 am,,Lat: -75.551918 Lng: 6.24988
8B5221H4,restoreCable,cable,May 09 2026 7:58:41 am,,May 09 2026 7:58:17 am,Lat: -75.54688 Lng: 6.250499
8B5221H4,lostWhileParking,battery,May 09 2026 7:53:41 am,May 09 2026 7:53:40 am,,Lat: -75.546999 Lng: 6.250636
8B5221H4,restoreCable,cable,May 09 2026 7:34:34 am,,May 09 2026 7:34:09 am,Lat: -75.554188 Lng: 6.248393
8B5221H4,lostWhileParking,battery,May 09 2026 7:32:23 am,May 09 2026 7:32:23 am,,Lat: -75.55419 Lng: 6.248393
8B5221H4,restoreCable,cable,May 09 2026 7:18:42 am,,May 09 2026 7:18:18 am,Lat: -75.559974 Lng: 6.245625
8B5221H4,lostWhileParking,battery,May 09 2026 7:11:48 am,May 09 2026 7:11:42 am,,Lat: -75.559956 Lng: 6.245614
8B5221H4,restoreCable,cable,May 09 2026 6:30:53 am,,May 09 2026 6:30:28 am,Lat: -75.556554 Lng: 6.249767
8B5221H4,lostWhileParking,battery,May 09 2026 6:23:48 am,May 09 2026 6:23:48 am,,Lat: -75.556575 Lng: 6.249669
8B5221H4,restoreCable,cable,May 09 2026 6:16:43 am,,May 09 2026 6:16:18 am,Lat: -75.551331 Lng: 6.247588
8B5221H4,lostWhileParking,battery,May 09 2026 6:15:24 am,May 09 2026 6:15:24 am,,Lat: -75.550606 Lng: 6.247172
8B5221H4,restoreCable,cable,May 09 2026 6:08:22 am,,May 09 2026 6:08:08 am,Lat: -75.549238 Lng: 6.2494
8B5221H4,lostWhileParking,battery,May 09 2026 6:05:49 am,May 09 2026 6:05:48 am,,Lat: -75.549234 Lng: 6.249398
8B5221H4,restoreCable,cable,May 09 2026 5:51:17 am,,May 09 2026 5:50:52 am,Lat: -75.548454 Lng: 6.250648
8B5221H4,lostWhileParking,battery,May 09 2026 5:34:52 am,May 09 2026 5:34:51 am,,Lat: -75.548458 Lng: 6.250954
8B5221H4,restoreCable,cable,May 09 2026 5:15:54 am,,,Lat: -75.548347 Lng: 6.24985
8B5221H4,restoreCable,cable,May 08 2026 6:15:47 pm,,May 08 2026 6:15:22 pm,Lat: -75.548239 Lng: 6.249805
8B5221H4,lostWhileParking,battery,May 08 2026 6:15:38 pm,May 08 2026 6:15:30 pm,,Lat: -75.548268 Lng: 6.249767
8B5221H4,lostWhileParking,battery,May 08 2026 5:44:20 pm,May 08 2026 5:44:19 pm,,Lat: -75.548266 Lng: 6.249792
8B5221H4,restoreCable,cable,May 08 2026 1:47:16 pm,,May 08 2026 1:46:51 pm,Lat: -75.54734 Lng: 6.245801
8B5221H4,lostWhileParking,battery,May 08 2026 1:32:29 pm,May 08 2026 1:32:28 pm,,Lat: -75.54734 Lng: 6.245802
8B5221H4,restoreCable,cable,May 08 2026 1:27:43 pm,,May 08 2026 1:27:18 pm,Lat: -75.548346 Lng: 6.246832
8B5221H4,lostWhileParking,battery,May 08 2026 1:23:06 pm,May 08 2026 1:23:05 pm,,Lat: -75.548053 Lng: 6.246811
8B5221H4,restoreCable,cable,May 08 2026 8:44:05 am,,May 08 2026 8:43:40 am,Lat: -75.550077 Lng: 6.248802
8B5221H4,lostWhileParking,battery,May 08 2026 8:42:17 am,May 08 2026 8:42:16 am,,Lat: -75.550077 Lng: 6.248803
8B5221H4,restoreCable,cable,May 08 2026 8:39:33 am,,May 08 2026 8:39:17 am,Lat: -75.552078 Lng: 6.246986
8B5221H4,lostWhileParking,battery,May 08 2026 8:27:16 am,May 08 2026 8:27:15 am,,Lat: -75.552352 Lng: 6.247064
8B5221H4,restoreCable,cable,May 08 2026 6:20:12 am,,May 08 2026 6:19:57 am,Lat: -75.556703 Lng: 6.249802
8B5221H4,lostWhileParking,battery,May 08 2026 6:13:51 am,May 08 2026 6:13:50 am,,Lat: -75.556668 Lng: 6.249812
8B5221H4,restoreCable,cable,May 08 2026 5:12:16 am,,May 08 2026 5:11:53 am,Lat: -75.548336 Lng: 6.250723
8B5221H4,restoreCable,cable,May 07 2026 11:41:48 pm,,May 07 2026 11:09:46 pm,Lat: -75.548368 Lng: 6.250729
8B5221H4,lostWhileParking,battery,May 07 2026 11:10:02 pm,May 07 2026 11:09:49 pm,,Lat: -75.548353 Lng: 6.250729
8B5221H4,lostWhileParking,battery,May 07 2026 10:16:23 pm,May 07 2026 10:16:23 pm,,Lat: -75.548286 Lng: 6.250664
8B5221H4,restoreCable,cable,May 07 2026 8:02:07 am,,May 07 2026 8:01:43 am,Lat: -75.54893 Lng: 6.249602
8B5221H4,lostWhileParking,battery,May 07 2026 7:58:38 am,May 07 2026 7:58:37 am,,Lat: -75.548924 Lng: 6.2496
8B5221H4,restoreCable,cable,May 07 2026 7:57:24 am,,May 07 2026 7:56:59 am,Lat: -75.550045 Lng: 6.249805
8B5221H4,lostWhileParking,battery,May 07 2026 7:51:52 am,May 07 2026 7:51:51 am,,Lat: -75.550045 Lng: 6.249804
8B5221H4,restoreCable,cable,May 07 2026 7:40:51 am,,May 07 2026 7:40:26 am,Lat: -75.551208 Lng: 6.249351
8B5221H4,lostWhileParking,battery,May 07 2026 7:31:08 am,May 07 2026 7:31:07 am,,Lat: -75.551163 Lng: 6.249202
8B5221H4,restoreCable,cable,May 07 2026 7:06:48 am,,May 07 2026 7:06:23 am,Lat: -75.560518 Lng: 6.245764
8B5221H4,lostWhileParking,battery,May 07 2026 6:28:35 am,May 07 2026 6:28:33 am,,Lat: -75.560597 Lng: 6.24583
8B5221H4,restoreCable,cable,May 07 2026 5:57:07 am,,May 07 2026 5:56:31 am,Lat: -75.552708 Lng: 6.249061
8B5221H4,lostWhileParking,battery,May 07 2026 5:54:06 am,May 07 2026 5:54:05 am,,Lat: -75.551816 Lng: 6.249036
8B5221H4,restoreCable,cable,May 07 2026 5:34:42 am,,May 07 2026 5:34:30 am,Lat: -75.548351 Lng: 6.250705
8B5221H4,lostWhileParking,battery,May 07 2026 5:21:17 am,May 07 2026 5:21:15 am,,Lat: -75.548485 Lng: 6.250918
8B5221H4,restoreCable,cable,May 07 2026 5:19:12 am,,May 07 2026 5:19:00 am,Lat: -75.548492 Lng: 6.250829
8B5221H4,restoreCable,cable,May 06 2026 11:40:10 pm,,May 06 2026 11:39:57 pm,Lat: -75.548486 Lng: 6.250821
8B5221H4,lostWhileParking,battery,May 06 2026 11:40:01 pm,May 06 2026 11:39:59 pm,,Lat: -75.548534 Lng: 6.250848
8B5221H4,lostWhileParking,battery,May 06 2026 11:08:46 pm,May 06 2026 11:08:32 pm,,Lat: -75.548509 Lng: 6.250931
8B5221H4,lostWhileParking,battery,May 06 2026 10:15:43 pm,May 06 2026 10:15:42 pm,,Lat: -75.548479 Lng: 6.250901
8B5221H4,restoreCable,cable,May 06 2026 1:40:04 pm,,May 06 2026 1:39:30 pm,Lat: -75.557012 Lng: 6.250334
8B5221H4,lostWhileDriving,battery,May 06 2026 1:29:51 pm,May 06 2026 1:29:50 pm,,Lat: -75.557013 Lng: 6.250334
8B5221H4,restoreCable,cable,May 06 2026 1:20:00 pm,,May 06 2026 1:19:35 pm,Lat: -75.547306 Lng: 6.245809
8B5221H4,lostWhileParking,battery,May 06 2026 1:05:31 pm,May 06 2026 1:05:30 pm,,Lat: -75.547296 Lng: 6.245812
8B5221H4,restoreCable,cable,May 06 2026 12:54:55 pm,,May 06 2026 12:54:30 pm,Lat: -75.546659 Lng: 6.246726
8B5221H4,lostWhileParking,battery,May 06 2026 12:51:56 pm,May 06 2026 12:51:55 pm,,Lat: -75.546097 Lng: 6.246741
8B5221H4,restoreCable,cable,May 06 2026 12:49:44 pm,,May 06 2026 12:49:29 pm,Lat: -75.546555 Lng: 6.247386
8B5221H4,restoreCable,cable,May 06 2026 12:45:36 pm,,May 06 2026 12:45:11 pm,Lat: -75.547795 Lng: 6.249899
8B5221H4,lostWhileParking,battery,May 06 2026 12:40:53 pm,May 06 2026 12:40:52 pm,,Lat: -75.547752 Lng: 6.249953
8B5221H4,restoreCable,cable,May 06 2026 10:27:51 am,,May 06 2026 10:27:26 am,Lat: -75.551473 Lng: 6.248326
8B5221H4,lostWhileParking,battery,May 06 2026 10:24:49 am,May 06 2026 10:24:49 am,,Lat: -75.551504 Lng: 6.248348
8B5221H4,restoreCable,cable,May 06 2026 10:22:35 am,,May 06 2026 10:22:28 am,Lat: -75.550619 Lng: 6.247164
8B5221H4,lostWhileParking,battery,May 06 2026 10:22:11 am,May 06 2026 10:22:11 am,,Lat: -75.550604 Lng: 6.247166
8B5221H4,restoreCable,cable,May 06 2026 10:20:34 am,,May 06 2026 10:20:10 am,Lat: -75.550024 Lng: 6.248504
8B5221H4,lostWhileParking,battery,May 06 2026 10:17:13 am,May 06 2026 10:17:13 am,,Lat: -75.550014 Lng: 6.248711
8B5221H4,restoreCable,cable,May 06 2026 10:14:10 am,,May 06 2026 10:13:46 am,Lat: -75.549267 Lng: 6.248939
8B5221H4,lostWhileParking,battery,May 06 2026 9:46:29 am,May 06 2026 9:46:29 am,,Lat: -75.54922 Lng: 6.249001
8B5221H4,restoreCable,cable,May 06 2026 9:45:54 am,,May 06 2026 9:45:30 am,Lat: -75.548774 Lng: 6.248994
8B5221H4,lostWhileParking,battery,May 06 2026 9:43:25 am,May 06 2026 9:43:25 am,,Lat: -75.548454 Lng: 6.24895
8B5221H4,restoreCable,cable,May 06 2026 9:43:01 am,,May 06 2026 9:42:37 am,Lat: -75.548485 Lng: 6.248853
8B5221H4,lostWhileParking,battery,May 06 2026 9:41:29 am,May 06 2026 9:41:29 am,,Lat: -75.548403 Lng: 6.24875
8B5221H4,restoreCable,cable,May 06 2026 8:07:11 am,,May 06 2026 8:06:46 am,Lat: -75.556344 Lng: 6.24961
8B5221H4,lostWhileParking,battery,May 06 2026 7:51:04 am,May 06 2026 7:51:03 am,,Lat: -75.556878 Lng: 6.249902
