,Server Time,Unit Time,Latitude,Longitude,Sequence #,Event Name
0,2026/03/10 16:02:17,2026/03/10 16:02:15,-12.11742115020752,-77.0061264038086,97,Motion Stop
1,2026/03/10 16:02:03,2026/03/10 16:02:01,-12.11742115020752,-77.0061264038086,1175,Motion
2,2026/03/10 16:01:03,2026/03/10 16:01:01,-12.11742115020752,-77.0061264038086,1174,Motion
3,2026/03/10 16:00:04,2026/03/10 16:00:02,-12.11742115020752,-77.0061264038086,1173,Motion
4,2026/03/10 15:59:04,2026/03/10 15:59:02,-12.11729335784912,-77.00603485107422,1172,Motion
5,2026/03/10 15:58:04,2026/03/10 15:58:02,-12.11729335784912,-77.00603485107422,1171,Motion
6,2026/03/10 15:57:06,2026/03/10 15:57:02,-12.116573333740234,-77.00652313232422,1170,Motion
7,2026/03/10 15:55:04,2026/03/10 15:55:02,-12.117344856262209,-77.00606536865234,1169,Motion
8,2026/03/10 15:54:04,2026/03/10 15:54:02,-12.117307662963867,-77.00601196289062,1167,Motion
10,2026/03/10 15:52:04,2026/03/10 15:52:02,-12.117307662963867,-77.00601196289062,1166,Motion
11,2026/03/10 15:51:04,2026/03/10 15:51:02,-12.117307662963867,-77.00601196289062,1165,Motion
12,2026/03/10 15:50:04,2026/03/10 15:50:02,-12.117307662963867,-77.00601196289062,1164,Motion
13,2026/03/10 15:49:04,2026/03/10 15:49:02,-12.117307662963867,-77.00601196289062,1163,Motion
14,2026/03/10 15:48:04,2026/03/10 15:48:02,-12.117307662963867,-77.00601196289062,1162,Motion
15,2026/03/10 15:47:03,2026/03/10 15:47:01,-12.117307662963867,-77.00601196289062,1161,Motion
16,2026/03/10 15:46:04,2026/03/10 15:46:02,-12.117307662963867,-77.00601196289062,1160,Motion
17,2026/03/10 15:45:04,2026/03/10 15:45:02,-12.117307662963867,-77.00601196289062,1159,Motion
18,2026/03/10 15:44:04,2026/03/10 15:44:02,-12.117307662963867,-77.00601196289062,1158,Motion
19,2026/03/10 15:43:04,2026/03/10 15:43:02,-12.117307662963867,-77.00601196289062,1157,Motion
20,2026/03/10 15:42:04,2026/03/10 15:42:02,-12.117307662963867,-77.00601196289062,1156,Motion
21,2026/03/10 15:41:03,2026/03/10 15:41:01,-12.117307662963867,-77.00601196289062,1155,Motion
22,2026/03/10 15:40:03,2026/03/10 15:40:01,-12.117307662963867,-77.00601196289062,1154,Motion
23,2026/03/10 15:39:04,2026/03/10 15:39:02,-12.117307662963867,-77.00601196289062,1153,Motion
24,2026/03/10 15:38:04,2026/03/10 15:38:02,-12.117307662963867,-77.00601196289062,1152,Motion
25,2026/03/10 15:37:04,2026/03/10 15:37:02,-12.117307662963867,-77.00601196289062,1151,Motion
26,2026/03/10 15:36:04,2026/03/10 15:36:02,-12.117307662963867,-77.00601196289062,1150,Motion
27,2026/03/10 15:35:04,2026/03/10 15:35:02,-12.117307662963867,-77.00601196289062,1149,Motion
28,2026/03/10 15:34:03,2026/03/10 15:34:01,-12.117307662963867,-77.00601196289062,1148,Motion
29,2026/03/10 15:33:03,2026/03/10 15:33:02,-12.117307662963867,-77.00601196289062,1147,Motion
30,2026/03/10 15:32:04,2026/03/10 15:32:02,-12.117307662963867,-77.00601196289062,1146,Motion
31,2026/03/10 15:31:04,2026/03/10 15:31:02,-12.117307662963867,-77.00601196289062,1145,Motion
32,2026/03/10 15:30:04,2026/03/10 15:30:02,-12.117307662963867,-77.00601196289062,1144,Motion
33,2026/03/10 15:29:26,2026/03/10 15:28:39,-12.117307662963867,-77.00601196289062,95,Motion Start
34,2026/03/10 15:26:37,2026/03/10 15:26:35,-12.117609977722168,-77.00617218017578,94,Motion Stop
35,2026/03/10 15:25:48,2026/03/10 15:25:46,-12.117609977722168,-77.00617218017578,1143,Motion
38,2026/03/10 15:23:47,2026/03/10 15:23:23,-12.117609977722168,-77.00617218017578,91,Motion Start
39,2026/03/10 13:32:56,2026/03/10 13:32:51,-12.117236137390137,-77.0062255859375,80,Motion Stop
40,2026/03/10 13:32:10,2026/03/10 13:32:08,-12.117236137390137,-77.0062255859375,1136,Motion
41,2026/03/10 13:30:10,2026/03/10 13:30:08,-12.117310523986816,-77.00606536865234,1134,Motion
42,2026/03/10 13:29:10,2026/03/10 13:29:08,-12.117310523986816,-77.00606536865234,1133,Motion
43,2026/03/10 13:28:10,2026/03/10 13:28:08,-12.116771697998049,-77.00645446777344,1132,Motion
44,2026/03/10 13:27:11,2026/03/10 13:27:08,-12.118818283081056,-77.0049057006836,1131,Motion
45,2026/03/10 13:26:14,2026/03/10 13:26:08,-12.11768913269043,-77.0057601928711,1130,Motion
46,2026/03/10 13:25:11,2026/03/10 13:25:08,-12.113805770874023,-77.00718688964844,1129,Motion
47,2026/03/10 13:24:10,2026/03/10 13:24:08,-12.112408638000488,-77.00825500488281,1128,Motion
48,2026/03/10 13:23:10,2026/03/10 13:23:08,-12.11113739013672,-77.00978088378906,1127,Motion
49,2026/03/10 13:22:10,2026/03/10 13:22:08,-12.108539581298828,-77.0102767944336,1126,Motion
50,2026/03/10 13:21:10,2026/03/10 13:21:08,-12.106619834899902,-77.01224517822266,1125,Motion
51,2026/03/10 13:20:10,2026/03/10 13:20:08,-12.10428524017334,-77.0136489868164,1124,Motion
52,2026/03/10 13:19:11,2026/03/10 13:19:08,-12.10316276550293,-77.01528930664062,1123,Motion
53,2026/03/10 13:18:10,2026/03/10 13:18:08,-12.101842880249023,-77.01543426513672,1122,Motion
54,2026/03/10 13:17:10,2026/03/10 13:17:08,-12.099292755126951,-77.01765441894531,1121,Motion
55,2026/03/10 13:16:10,2026/03/10 13:16:08,-12.098516464233398,-77.01984405517578,1120,Motion
56,2026/03/10 13:15:09,2026/03/10 13:15:07,-12.09776496887207,-77.02021789550781,1119,Motion
57,2026/03/10 13:09:57,2026/03/10 13:09:08,-12.097089767456056,-77.01988983154297,1113,Motion
58,2026/03/10 13:08:13,2026/03/10 13:08:08,-12.097089767456056,-77.01988983154297,1112,Motion
59,2026/03/10 13:07:21,2026/03/10 13:05:56,-12.097089767456056,-77.01988983154297,79,Motion Start
60,2026/03/10 10:39:31,2026/03/10 10:39:30,-12.097089767456056,-77.01988983154297,72,Motion Stop
61,2026/03/10 10:38:38,2026/03/10 10:38:37,-12.097089767456056,-77.01988983154297,1108,Motion
62,2026/03/10 10:34:40,2026/03/10 10:34:39,-12.098543167114258,-77.02184295654297,1104,Motion
63,2026/03/10 10:33:40,2026/03/10 10:33:39,-12.098543167114258,-77.02184295654297,1103,Motion
64,2026/03/10 10:32:40,2026/03/10 10:32:39,-12.098543167114258,-77.02184295654297,1102,Motion
65,2026/03/10 10:31:40,2026/03/10 10:31:39,-12.098543167114258,-77.02184295654297,1101,Motion
66,2026/03/10 10:30:39,2026/03/10 10:30:38,-12.100321769714355,-77.02214813232422,1100,Motion
67,2026/03/10 10:29:39,2026/03/10 10:29:38,-12.100321769714355,-77.02214813232422,1099,Motion
68,2026/03/10 10:28:39,2026/03/10 10:28:39,-12.100321769714355,-77.02214813232422,1098,Motion
69,2026/03/10 10:27:40,2026/03/10 10:27:39,-12.101910591125488,-77.02301025390625,1097,Motion
70,2026/03/10 10:26:40,2026/03/10 10:26:39,-12.101910591125488,-77.02301025390625,1096,Motion
71,2026/03/10 10:25:40,2026/03/10 10:25:39,-12.101910591125488,-77.02301025390625,1095,Motion
72,2026/03/10 10:24:40,2026/03/10 10:24:39,-12.101910591125488,-77.02301025390625,1094,Motion
73,2026/03/10 10:23:39,2026/03/10 10:23:38,-12.101910591125488,-77.02301025390625,1093,Motion
74,2026/03/10 10:22:39,2026/03/10 10:22:39,-12.100141525268556,-77.02334594726562,1092,Motion
75,2026/03/10 10:21:40,2026/03/10 10:21:39,-12.100141525268556,-77.02334594726562,1091,Motion
76,2026/03/10 10:21:05,2026/03/10 10:20:39,-12.100141525268556,-77.02334594726562,1090,Motion
77,2026/03/10 10:21:05,2026/03/10 10:19:39,-12.09872055053711,-77.022216796875,1089,Motion
78,2026/03/10 10:18:40,2026/03/10 10:18:39,-12.09872055053711,-77.022216796875,1088,Motion
79,2026/03/10 10:16:51,2026/03/10 10:16:50,-12.09872055053711,-77.022216796875,1087,Motion
80,2026/03/10 10:16:40,2026/03/10 10:16:39,-12.097856521606444,-77.02059173583984,1086,Motion
81,2026/03/10 10:15:39,2026/03/10 10:15:38,-12.097856521606444,-77.02059173583984,1085,Motion
82,2026/03/10 10:14:39,2026/03/10 10:14:39,-12.097856521606444,-77.02059173583984,1084,Motion
83,2026/03/10 10:13:40,2026/03/10 10:13:39,-12.097856521606444,-77.02059173583984,1083,Motion
