,Value fs01,Dates fs01
0,2129,2026-03-14 16:58:55.438
1,2133,2026-03-14 17:04:15.538
2,2122,2026-03-14 17:06:55.571
3,1821,2026-03-14 17:14:54.748
4,1822,2026-03-14 17:15:08.669
5,1824,2026-03-14 17:15:22.763
6,1826,2026-03-14 17:15:36.741
7,1828,2026-03-14 17:15:50.741
8,1829,2026-03-14 17:16:04.737
9,1831,2026-03-14 17:16:18.743
10,1833,2026-03-14 17:16:32.726
11,1835,2026-03-14 17:16:46.778
12,1837,2026-03-14 17:17:00.753
13,1839,2026-03-14 17:17:14.753
14,1840,2026-03-14 17:17:28.738
15,1841,2026-03-14 17:17:42.759
16,1842,2026-03-14 17:17:56.753
17,1843,2026-03-14 17:18:10.739
18,1845,2026-03-14 17:18:24.817
19,1848,2026-03-14 17:18:38.844
20,1849,2026-03-14 17:18:52.824
21,1850,2026-03-14 17:19:06.808
22,1851,2026-03-14 17:19:20.774
23,1852,2026-03-14 17:19:34.808
24,1853,2026-03-14 17:19:48.743
25,1854,2026-03-14 17:20:02.061
26,1855,2026-03-14 17:20:17.238
27,1856,2026-03-14 17:20:30.757
28,1857,2026-03-14 17:20:44.739
29,1858,2026-03-14 17:20:58.901
30,1858,2026-03-14 17:21:12.865
31,1859,2026-03-14 17:21:26.857
32,1860,2026-03-14 17:21:40.860
33,1861,2026-03-14 17:21:54.736
34,1862,2026-03-14 17:22:08.828
35,1863,2026-03-14 17:22:22.866
36,1864,2026-03-14 17:22:36.857
37,1865,2026-03-14 17:22:50.899
38,1866,2026-03-14 17:23:04.858
39,1867,2026-03-14 17:23:18.860
40,1868,2026-03-14 17:23:32.841
41,1869,2026-03-14 17:23:46.902
42,1869,2026-03-14 17:24:00.848
43,1870,2026-03-14 17:24:14.882
44,1871,2026-03-14 17:24:28.818
45,1872,2026-03-14 17:24:42.858
46,1873,2026-03-14 17:24:56.863
47,1874,2026-03-14 17:25:10.820
48,1874,2026-03-14 17:25:24.845
49,1875,2026-03-14 17:25:38.838
50,1876,2026-03-14 17:25:52.818
51,1876,2026-03-14 17:26:06.819
52,1877,2026-03-14 17:26:20.867
53,1878,2026-03-14 17:26:34.887
54,1880,2026-03-14 17:26:48.832
55,1881,2026-03-14 17:27:02.839
56,1881,2026-03-14 17:27:16.839
57,1877,2026-03-14 17:27:30.847
58,1833,2026-03-14 17:27:44.850
59,1789,2026-03-14 17:27:58.858
60,1746,2026-03-14 17:28:12.814
61,1705,2026-03-14 17:28:26.810
62,1666,2026-03-14 17:28:40.809
63,1627,2026-03-14 17:28:54.789
64,1590,2026-03-14 17:29:08.804
65,1552,2026-03-14 17:29:22.840
66,1513,2026-03-14 17:29:36.815
67,1475,2026-03-14 17:29:50.804
68,1435,2026-03-14 17:30:04.803
69,1414,2026-03-14 17:30:18.804
70,1416,2026-03-14 17:30:32.827
71,1419,2026-03-14 17:30:46.800
72,1421,2026-03-14 17:31:00.804
73,1423,2026-03-14 17:31:14.810
74,1425,2026-03-14 17:31:28.827
75,1430,2026-03-14 17:31:42.117
76,1432,2026-03-14 17:31:56.803
77,1443,2026-03-14 17:32:10.803
78,1449,2026-03-14 17:32:24.813
79,1452,2026-03-14 17:32:38.804
80,1441,2026-03-14 17:32:52.804
81,1439,2026-03-14 17:33:06.810
82,1440,2026-03-14 17:33:20.810
83,1441,2026-03-14 17:33:34.813
84,1444,2026-03-14 17:33:48.870
85,1446,2026-03-14 17:34:02.884
86,1449,2026-03-14 17:34:16.884
87,1451,2026-03-14 17:34:30.891
88,1454,2026-03-14 17:34:44.151
89,1457,2026-03-14 17:34:59.106
90,1461,2026-03-14 17:35:12.956
91,1464,2026-03-14 17:35:26.908
92,1467,2026-03-14 17:35:40.921
93,1469,2026-03-14 17:35:54.871
94,1472,2026-03-14 17:36:08.886
95,1475,2026-03-14 17:36:23.019
96,1477,2026-03-14 17:36:37.076
97,1479,2026-03-14 17:36:51.061
98,1481,2026-03-14 17:37:04.894
99,1482,2026-03-14 17:37:18.885
100,1484,2026-03-14 17:37:32.891
101,1478,2026-03-14 17:37:46.893
102,1439,2026-03-14 17:38:00.885
103,1399,2026-03-14 17:38:14.888
104,1359,2026-03-14 17:38:28.921
105,1318,2026-03-14 17:38:42.886
106,1277,2026-03-14 17:38:56.894
107,1236,2026-03-14 17:39:11.135
108,1194,2026-03-14 17:39:25.101
109,1152,2026-03-14 17:39:39.174
110,1109,2026-03-14 17:39:53.131
111,1067,2026-03-14 17:40:07.157
112,1023,2026-03-14 17:40:21.117
113,978,2026-03-14 17:40:35.084
114,933,2026-03-14 17:40:49.029
115,887,2026-03-14 17:41:03.062
116,841,2026-03-14 17:41:17.062
117,793,2026-03-14 17:41:31.075
118,745,2026-03-14 17:41:45.144
119,699,2026-03-14 17:41:59.106
120,651,2026-03-14 17:42:13.221
121,618,2026-03-14 17:42:27.088
122,634,2026-03-14 17:42:41.090
123,640,2026-03-14 17:42:55.036
124,642,2026-03-14 17:43:09.081
125,603,2026-03-14 17:43:23.155
126,561,2026-03-14 17:43:36.290
127,552,2026-03-14 17:43:51.086
128,558,2026-03-14 17:44:05.017
129,564,2026-03-14 17:44:19.147
130,570,2026-03-14 17:44:33.109
131,576,2026-03-14 17:44:47.041
132,583,2026-03-14 17:45:01.053
133,589,2026-03-14 17:45:15.051
134,596,2026-03-14 17:45:29.101
135,602,2026-03-14 17:45:43.110
136,608,2026-03-14 17:45:57.121
137,614,2026-03-14 17:46:11.093
138,619,2026-03-14 17:46:24.910
139,624,2026-03-14 17:46:38.887
140,626,2026-03-14 17:46:52.911
141,632,2026-03-14 17:47:06.907
142,637,2026-03-14 17:47:20.973
143,642,2026-03-14 17:47:34.972
144,648,2026-03-14 17:47:48.973
145,653,2026-03-14 17:48:02.990
146,658,2026-03-14 17:48:16.972
147,663,2026-03-14 17:48:30.212
148,668,2026-03-14 17:48:44.984
149,673,2026-03-14 17:48:58.976
150,678,2026-03-14 17:49:12.973
151,680,2026-03-14 17:49:26.967
152,638,2026-03-14 17:49:40.987
153,585,2026-03-14 17:49:54.972
154,531,2026-03-14 17:50:08.967
155,475,2026-03-14 17:50:22.973
156,434,2026-03-14 17:50:36.975
157,369,2026-03-14 17:50:50.972
158,301,2026-03-14 17:51:04.987
159,223,2026-03-14 17:51:18.989
160,157,2026-03-14 17:51:32.984
161,159,2026-03-14 17:51:46.974
162,154,2026-03-14 17:52:00.991
163,166,2026-03-14 17:52:14.984
164,178,2026-03-14 17:52:28.984
165,188,2026-03-14 17:52:42.989
166,199,2026-03-14 17:52:56.911
167,209,2026-03-14 17:53:11.138
168,219,2026-03-14 17:53:25.180
169,228,2026-03-14 17:53:39.193
170,237,2026-03-14 17:53:53.131
171,246,2026-03-14 17:54:07.068
172,255,2026-03-14 17:54:21.092
173,264,2026-03-14 17:54:35.100
174,272,2026-03-14 17:55:58.664
175,272,2026-03-14 17:55:59.011
176,272,2026-03-14 17:55:59.368
177,272,2026-03-14 17:55:59.714
178,272,2026-03-14 17:56:00.082
179,281,2026-03-14 17:56:00.470
180,289,2026-03-14 17:56:01.026
181,297,2026-03-14 17:56:01.547
182,305,2026-03-14 17:56:02.095
183,312,2026-03-14 17:56:02.663
184,320,2026-03-14 17:56:13.112
185,326,2026-03-14 17:56:27.173
186,333,2026-03-14 17:56:41.150
187,340,2026-03-14 17:56:55.246
188,346,2026-03-14 17:57:09.276
189,352,2026-03-14 17:57:23.193
190,358,2026-03-14 17:57:37.176
191,363,2026-03-14 17:57:51.151
192,368,2026-03-14 17:58:05.235
193,373,2026-03-14 17:58:19.315
194,378,2026-03-14 17:58:34.638
195,382,2026-03-14 17:58:47.164
196,387,2026-03-14 17:59:01.146
197,391,2026-03-14 17:59:15.254
198,394,2026-03-14 17:59:28.989
199,397,2026-03-14 17:59:42.975
200,400,2026-03-14 17:59:56.986
201,403,2026-03-14 18:00:10.989
202,405,2026-03-14 18:00:25.066
203,407,2026-03-14 18:00:38.992
204,409,2026-03-14 18:00:52.986
205,411,2026-03-14 18:01:07.066
206,412,2026-03-14 18:01:21.072
207,412,2026-03-14 18:01:35.056
208,412,2026-03-14 18:01:49.072
209,411,2026-03-14 18:02:02.325
210,414,2026-03-14 18:02:17.069
211,414,2026-03-14 18:02:31.071
212,414,2026-03-14 18:02:45.074
213,414,2026-03-14 18:02:59.085
214,414,2026-03-14 18:03:13.056
215,414,2026-03-14 18:03:27.056
216,414,2026-03-14 18:03:41.066
217,414,2026-03-14 18:03:55.067
218,414,2026-03-14 18:04:09.086
219,414,2026-03-14 18:04:23.073
220,414,2026-03-14 18:04:37.066
221,408,2026-03-14 18:04:51.081
222,409,2026-03-14 18:05:05.081
223,395,2026-03-14 18:05:19.067
224,348,2026-03-14 18:05:33.070
225,278,2026-03-14 18:05:47.056
226,243,2026-03-14 18:06:01.081
227,241,2026-03-14 18:06:15.073
228,244,2026-03-14 18:06:29.105
229,244,2026-03-14 18:06:43.085
230,244,2026-03-14 18:06:57.066
231,244,2026-03-14 18:07:11.071
232,244,2026-03-14 18:07:25.105
233,244,2026-03-14 18:07:39.073
234,244,2026-03-14 18:07:53.085
235,244,2026-03-14 18:08:07.074
236,244,2026-03-14 18:08:21.082
237,244,2026-03-14 18:08:35.068
238,241,2026-03-14 18:08:49.067
239,181,2026-03-14 18:09:03.153
240,139,2026-03-14 18:09:17.090
241,128,2026-03-14 18:09:31.068
242,128,2026-03-14 18:09:45.086
243,128,2026-03-14 18:09:59.067
244,128,2026-03-14 18:10:13.074
245,128,2026-03-14 18:10:27.068
246,128,2026-03-14 18:10:41.082
247,128,2026-03-14 18:10:55.067
248,128,2026-03-14 18:11:09.000
249,128,2026-03-14 18:11:23.082
250,128,2026-03-14 18:11:37.067
251,128,2026-03-14 18:11:51.109
252,128,2026-03-14 18:12:05.067
253,128,2026-03-14 18:12:19.082
254,128,2026-03-14 18:12:33.067
255,128,2026-03-14 18:12:47.068
256,128,2026-03-14 18:13:01.154
257,128,2026-03-14 18:13:15.067
258,128,2026-03-14 18:13:29.037
259,131,2026-03-14 18:13:43.038
260,148,2026-03-14 18:13:57.052
261,167,2026-03-14 18:14:11.052
262,193,2026-03-14 18:14:25.118
263,203,2026-03-14 18:14:39.136
264,213,2026-03-14 18:14:53.140
265,222,2026-03-14 18:15:07.138
266,230,2026-03-14 18:15:21.138
267,229,2026-03-14 18:15:35.132
268,239,2026-03-14 18:15:49.168
269,325,2026-03-14 18:16:03.117
270,433,2026-03-14 18:16:17.128
271,500,2026-03-14 18:16:31.133
272,499,2026-03-14 18:16:45.140
273,500,2026-03-14 18:16:59.141
274,500,2026-03-14 18:17:13.118
275,489,2026-03-14 18:17:27.168
276,526,2026-03-14 18:17:41.118
277,583,2026-03-14 18:17:55.137
278,614,2026-03-14 18:18:09.133
279,692,2026-03-14 18:18:23.167
280,771,2026-03-14 18:18:37.137
281,771,2026-03-14 18:18:51.155
282,793,2026-03-14 18:19:05.133
283,852,2026-03-14 18:19:19.155
284,956,2026-03-14 18:19:33.135
285,964,2026-03-14 18:19:47.134
286,987,2026-03-14 18:20:01.213
287,1071,2026-03-14 18:20:15.133
288,1128,2026-03-14 18:20:29.138
289,1128,2026-03-14 18:20:43.142
290,1139,2026-03-14 18:20:57.169
291,1237,2026-03-14 18:21:11.133
292,1275,2026-03-14 18:21:25.142
293,1278,2026-03-14 18:21:39.134
294,1344,2026-03-14 18:21:53.156
295,1431,2026-03-14 18:22:07.133
296,1434,2026-03-14 18:22:21.156
297,1435,2026-03-14 18:22:35.063
298,1454,2026-03-14 18:22:49.141
299,1466,2026-03-14 18:23:03.134
300,1487,2026-03-14 18:23:17.142
301,1527,2026-03-14 18:23:31.146
302,1578,2026-03-14 18:23:45.133
303,1623,2026-03-14 18:23:59.133
304,1629,2026-03-14 18:24:13.141
305,1630,2026-03-14 18:24:27.141
306,1630,2026-03-14 18:24:41.170
307,1685,2026-03-14 18:24:55.139
308,1743,2026-03-14 18:25:09.134
309,1802,2026-03-14 18:25:23.142
310,1823,2026-03-14 18:25:37.170
311,1823,2026-03-14 18:25:51.140
312,1847,2026-03-14 18:26:05.215
313,1900,2026-03-14 18:26:19.220
314,1954,2026-03-14 18:26:33.214
315,2002,2026-03-14 18:26:47.251
316,2007,2026-03-14 18:27:01.154
317,2007,2026-03-14 18:27:15.157
318,2007,2026-03-14 18:27:29.214
319,2007,2026-03-14 18:27:43.237
320,2008,2026-03-14 18:27:57.215
321,2008,2026-03-14 18:28:11.220
322,2008,2026-03-14 18:28:25.230
323,2008,2026-03-14 18:28:39.245
324,2008,2026-03-14 18:28:53.222
325,2008,2026-03-14 18:29:07.234
326,2008,2026-03-14 18:29:21.251
327,2008,2026-03-14 18:29:35.239
328,2008,2026-03-14 18:29:49.249
329,2008,2026-03-14 18:30:03.234
330,2008,2026-03-14 18:30:17.220
331,2008,2026-03-14 18:30:31.230
332,2008,2026-03-14 18:30:45.267
333,2008,2026-03-14 18:30:59.401
334,2008,2026-03-14 18:31:13.910
335,2008,2026-03-14 18:31:27.416
336,2008,2026-03-14 18:31:41.402
337,2008,2026-03-14 18:31:55.379
338,2008,2026-03-14 18:32:09.414
339,2008,2026-03-14 18:32:23.391
340,2008,2026-03-14 18:32:37.397
341,2008,2026-03-14 18:32:51.365
342,2008,2026-03-14 18:33:05.347
343,2008,2026-03-14 18:33:19.386
344,2008,2026-03-14 18:33:33.270
345,2008,2026-03-14 18:33:47.250
346,2008,2026-03-14 18:34:01.239
347,2008,2026-03-14 18:34:15.231
348,2008,2026-03-14 18:34:29.231
349,2008,2026-03-14 18:34:43.236
350,2008,2026-03-14 18:34:57.238
351,2008,2026-03-14 18:35:11.235
352,2008,2026-03-14 18:35:25.270
353,2008,2026-03-14 18:35:39.250
354,2008,2026-03-14 18:35:53.221
355,2008,2026-03-14 18:36:07.231
356,2008,2026-03-14 18:36:21.270
357,2008,2026-03-14 18:36:35.270
358,2008,2026-03-14 18:36:49.246
359,2008,2026-03-14 18:37:03.221
360,2008,2026-03-14 18:37:17.232
361,2008,2026-03-14 18:37:31.236
362,2008,2026-03-14 18:37:45.239
363,2008,2026-03-14 18:37:59.232
364,2008,2026-03-14 18:38:13.237
365,2008,2026-03-14 18:38:27.232
366,2008,2026-03-14 18:38:41.236
367,2008,2026-03-14 18:38:55.222
368,2008,2026-03-14 18:39:09.319
369,2008,2026-03-14 18:39:23.312
370,2008,2026-03-14 18:39:37.312
371,2008,2026-03-14 18:39:51.316
372,2008,2026-03-14 18:40:05.301
373,2008,2026-03-14 18:40:19.232
374,2008,2026-03-14 18:40:33.247
375,2008,2026-03-14 18:40:47.319
376,2008,2026-03-14 18:41:01.319
377,2008,2026-03-14 18:41:15.302
378,2008,2026-03-14 18:41:29.312
379,2008,2026-03-14 18:41:43.302
380,2008,2026-03-14 18:41:57.312
381,2008,2026-03-14 18:42:11.361
382,2008,2026-03-14 18:42:25.313
383,2008,2026-03-14 18:42:39.319
384,2008,2026-03-14 18:42:53.313
385,2008,2026-03-14 18:43:07.381
386,2008,2026-03-14 18:43:21.363
387,2008,2026-03-14 18:43:35.352
388,2008,2026-03-14 18:43:49.331
389,2008,2026-03-14 18:44:03.382
390,2008,2026-03-14 18:44:17.336
391,2008,2026-03-14 18:44:31.361
392,2008,2026-03-14 18:44:45.371
393,2008,2026-03-14 18:44:59.349
394,2008,2026-03-14 18:45:13.354
395,2008,2026-03-14 18:45:27.408
396,2008,2026-03-14 18:45:41.415
397,2008,2026-03-14 18:45:55.404
398,2008,2026-03-14 18:46:09.352
399,2008,2026-03-14 18:46:23.345
400,2008,2026-03-14 18:46:37.371
401,2008,2026-03-14 18:46:51.338
402,2008,2026-03-14 18:47:05.396
403,2008,2026-03-14 18:47:19.365
404,2008,2026-03-14 18:47:33.311
405,2008,2026-03-14 18:47:47.409
406,2008,2026-03-14 18:48:01.349
407,2008,2026-03-14 18:48:15.351
408,2008,2026-03-14 18:48:29.383
409,2008,2026-03-14 18:48:43.369
410,2008,2026-03-14 18:48:57.409
411,2008,2026-03-14 18:49:11.393
412,2008,2026-03-14 18:49:25.377
413,2008,2026-03-14 18:49:39.372
414,2008,2026-03-14 18:49:53.357
415,2008,2026-03-14 18:50:07.394
416,2008,2026-03-14 18:50:21.368
417,2008,2026-03-14 18:50:35.400
418,2008,2026-03-14 18:50:49.364
419,2008,2026-03-14 18:51:03.321
420,2008,2026-03-14 18:51:17.284
421,2008,2026-03-14 18:51:31.293
422,2008,2026-03-14 18:51:45.302
423,2008,2026-03-14 18:51:59.295
424,2008,2026-03-14 18:52:13.386
425,2008,2026-03-14 18:52:27.364
426,2008,2026-03-14 18:52:41.379
427,2008,2026-03-14 18:52:55.399
428,2008,2026-03-14 18:53:09.379
429,2008,2026-03-14 18:53:23.306
430,2008,2026-03-14 18:53:37.334
431,2008,2026-03-14 18:53:51.375
432,2008,2026-03-14 18:54:05.364
433,2008,2026-03-14 18:54:19.439
434,2008,2026-03-14 18:54:33.468
435,2008,2026-03-14 18:54:47.448
436,2008,2026-03-14 18:55:01.453
437,2008,2026-03-14 18:55:15.453
438,2008,2026-03-14 18:55:29.450
439,2008,2026-03-14 18:55:43.868
440,2008,2026-03-14 18:55:57.387
441,2008,2026-03-14 18:56:11.388
442,2008,2026-03-14 18:56:25.445
443,2008,2026-03-14 18:56:39.379
444,2008,2026-03-14 18:56:53.380
445,2008,2026-03-14 18:57:07.379
446,2008,2026-03-14 18:57:21.385
447,2008,2026-03-14 18:57:35.379
448,2008,2026-03-14 18:57:49.380
449,2008,2026-03-14 18:58:03.379
450,2008,2026-03-14 18:58:17.388
451,2008,2026-03-14 18:58:31.388
452,2008,2026-03-14 18:58:45.384
453,2008,2026-03-14 18:58:59.385
454,2008,2026-03-14 18:59:13.399
455,2008,2026-03-14 18:59:27.379
456,2008,2026-03-14 18:59:41.402
457,2008,2026-03-14 18:59:55.434
458,2008,2026-03-14 19:00:09.388
459,2008,2026-03-14 19:00:23.377
460,2008,2026-03-14 19:00:37.388
461,2008,2026-03-14 19:00:51.387
462,2008,2026-03-14 19:01:05.387
463,2008,2026-03-14 19:01:19.384
464,2008,2026-03-14 19:01:33.401
465,2008,2026-03-14 19:01:47.400
466,2008,2026-03-14 19:02:01.387
467,2008,2026-03-14 19:02:15.414
468,2008,2026-03-14 19:02:29.455
469,2008,2026-03-14 19:02:43.582
470,2008,2026-03-14 19:02:57.580
471,2008,2026-03-14 19:03:11.562
472,2008,2026-03-14 19:03:25.562
473,2008,2026-03-14 19:03:39.540
474,2008,2026-03-14 19:03:53.539
475,2008,2026-03-14 19:04:07.423
476,2008,2026-03-14 19:04:21.498
477,2008,2026-03-14 19:04:35.488
478,2008,2026-03-14 19:04:49.445
479,2008,2026-03-14 19:05:03.472
480,2008,2026-03-14 19:05:17.450
481,2008,2026-03-14 19:05:31.529
482,2008,2026-03-14 19:05:45.515
483,2008,2026-03-14 19:05:59.526
484,2008,2026-03-14 19:06:13.520
485,2008,2026-03-14 19:06:27.518
486,2008,2026-03-14 19:06:41.536
487,2008,2026-03-14 19:06:55.467
488,2008,2026-03-14 19:07:09.489
489,2008,2026-03-14 19:07:23.567
490,2008,2026-03-14 19:07:37.567
491,2008,2026-03-14 19:07:51.579
492,2008,2026-03-14 19:08:05.545
493,2008,2026-03-14 19:08:19.531
494,2008,2026-03-14 19:08:33.575
495,2008,2026-03-14 19:08:47.556
496,2008,2026-03-14 19:09:01.556
497,2008,2026-03-14 19:09:15.515
498,2008,2026-03-14 19:09:29.543
499,2008,2026-03-14 19:09:43.551
500,2008,2026-03-14 19:09:57.557
501,2008,2026-03-14 19:10:11.531
502,2008,2026-03-14 19:10:25.526
503,2008,2026-03-14 19:10:39.525
504,2008,2026-03-14 19:10:53.557
505,2008,2026-03-14 19:11:07.517
506,2008,2026-03-14 19:11:21.516
507,2008,2026-03-14 19:11:35.555
508,2008,2026-03-14 19:11:49.520
509,2008,2026-03-14 19:12:03.520
510,2008,2026-03-14 19:12:17.529
511,2008,2026-03-14 19:12:31.501
512,2008,2026-03-14 19:12:45.565
513,2008,2026-03-14 19:12:59.561
514,2008,2026-03-14 19:13:13.568
515,2008,2026-03-14 19:13:27.588
516,2008,2026-03-14 19:13:41.608
517,2008,2026-03-14 19:13:55.563
518,2008,2026-03-14 19:14:09.538
519,2008,2026-03-14 19:14:23.569
520,2008,2026-03-14 19:14:37.557
521,2008,2026-03-14 19:14:51.641
522,2008,2026-03-14 19:15:05.616
523,2008,2026-03-14 19:15:19.566
524,2008,2026-03-14 19:15:33.578
525,2008,2026-03-14 19:15:47.585
526,2008,2026-03-14 19:16:01.673
527,2008,2026-03-14 19:16:15.588
528,2008,2026-03-14 19:16:29.566
529,2008,2026-03-14 19:16:43.527
530,2008,2026-03-14 19:16:57.544
531,2008,2026-03-14 19:17:11.536
532,2008,2026-03-14 19:17:25.557
533,2008,2026-03-14 19:17:39.539
534,2008,2026-03-14 19:17:53.556
535,2008,2026-03-14 19:18:07.563
536,2008,2026-03-14 19:18:21.597
537,2008,2026-03-14 19:18:35.558
538,2008,2026-03-14 19:18:49.734
539,2008,2026-03-14 19:19:03.703
540,2008,2026-03-14 19:19:17.647
541,2008,2026-03-14 19:19:31.678
542,2008,2026-03-14 19:19:45.660
543,2008,2026-03-14 19:19:59.644
544,2008,2026-03-14 19:20:13.677
545,2008,2026-03-14 19:20:27.667
546,2008,2026-03-14 19:20:41.680
547,2008,2026-03-14 19:20:55.645
548,2008,2026-03-14 19:21:09.728
549,2008,2026-03-14 19:21:23.715
550,2008,2026-03-14 19:21:37.647
551,2008,2026-03-14 19:21:51.601
552,2008,2026-03-14 19:22:05.469
553,2008,2026-03-14 19:22:19.574
554,2008,2026-03-14 19:22:33.566
555,2008,2026-03-14 19:22:47.574
556,2008,2026-03-14 19:23:01.574
557,2008,2026-03-14 19:23:15.574
558,2008,2026-03-14 19:23:29.549
559,2008,2026-03-14 19:23:43.598
560,2008,2026-03-14 19:23:57.582
561,2008,2026-03-14 19:24:11.574
562,2008,2026-03-14 19:24:25.559
563,2008,2026-03-14 19:24:39.560
564,2008,2026-03-14 19:24:53.559
565,2008,2026-03-14 19:25:07.560
566,2008,2026-03-14 19:25:21.578
567,2008,2026-03-14 19:25:35.598
568,2008,2026-03-14 19:25:49.646
569,2008,2026-03-14 19:26:03.560
570,2008,2026-03-14 19:26:17.560
571,2008,2026-03-14 19:26:31.567
572,2008,2026-03-14 19:26:45.594
573,2008,2026-03-14 19:26:59.603
574,2008,2026-03-14 19:27:13.643
575,2008,2026-03-14 19:27:27.595
576,2008,2026-03-14 19:27:41.615
577,2008,2026-03-14 19:27:55.666
578,2008,2026-03-14 19:28:09.607
579,2008,2026-03-14 19:28:23.643
580,2008,2026-03-14 19:28:37.581
581,2008,2026-03-14 19:28:51.572
582,2008,2026-03-14 19:29:05.570
583,2008,2026-03-14 19:29:19.640
584,2008,2026-03-14 19:29:33.563
585,2008,2026-03-14 19:29:47.586
586,2008,2026-03-14 19:30:01.599
587,2008,2026-03-14 19:30:15.607
588,2008,2026-03-14 19:30:29.614
589,2008,2026-03-14 19:30:43.593
590,2008,2026-03-14 19:30:57.700
591,2008,2026-03-14 19:31:11.598
592,2008,2026-03-14 19:31:25.653
593,2008,2026-03-14 19:31:39.684
594,2008,2026-03-14 19:31:53.695
595,2008,2026-03-14 19:32:07.667
596,2008,2026-03-14 19:32:21.662
597,2008,2026-03-14 19:32:35.667
598,2008,2026-03-14 19:32:49.683
599,2008,2026-03-14 19:33:03.680
600,2008,2026-03-14 19:33:17.700
601,2008,2026-03-14 19:33:31.710
602,2008,2026-03-14 19:33:45.664
603,2008,2026-03-14 19:33:59.669
604,2008,2026-03-14 19:34:13.683
605,2008,2026-03-14 19:34:27.712
606,2008,2026-03-14 19:34:41.690
607,2008,2026-03-14 19:34:55.678
608,2008,2026-03-14 19:35:09.680
609,2008,2026-03-14 19:35:23.715
610,2008,2026-03-14 19:35:37.705
611,2008,2026-03-14 19:35:51.681
612,2008,2026-03-14 19:36:05.681
613,2008,2026-03-14 19:36:19.694
614,2008,2026-03-14 19:36:33.648
615,2008,2026-03-14 19:36:47.669
616,2008,2026-03-14 19:37:01.716
617,2008,2026-03-14 19:37:15.631
618,2008,2026-03-14 19:37:29.632
619,2008,2026-03-14 19:37:43.871
620,2008,2026-03-14 19:37:57.870
621,2008,2026-03-14 19:38:11.632
622,2008,2026-03-14 19:38:25.887
623,2008,2026-03-14 19:38:44.046
624,2051,2026-03-14 19:52:51.490
625,2055,2026-03-14 19:54:51.586
626,2058,2026-03-14 19:56:51.518
627,2061,2026-03-14 19:58:51.655
628,2063,2026-03-14 20:00:51.562
629,2066,2026-03-14 20:02:51.551
630,2068,2026-03-14 20:04:51.546
631,2069,2026-03-14 20:06:51.796
632,2071,2026-03-14 20:08:51.750
633,2072,2026-03-14 20:10:51.679
634,2074,2026-03-14 20:12:51.660
635,2075,2026-03-14 20:14:51.683
636,2075,2026-03-14 20:16:51.666
637,2078,2026-03-14 20:18:51.733
638,2081,2026-03-14 20:20:51.862
639,2081,2026-03-14 20:22:51.819
640,2082,2026-03-14 20:24:51.775
641,2083,2026-03-14 20:26:51.844
642,2083,2026-03-14 20:28:51.753
643,2083,2026-03-14 20:30:51.805
644,2083,2026-03-14 20:32:51.804
645,2085,2026-03-14 20:34:51.848
646,2088,2026-03-14 20:36:51.796
647,2090,2026-03-14 20:38:51.805
648,2092,2026-03-14 20:40:51.803
649,2094,2026-03-14 20:42:51.800
650,2097,2026-03-14 20:44:51.754
651,2099,2026-03-14 20:46:51.879
652,2101,2026-03-14 20:48:51.832
653,2103,2026-03-14 20:50:51.844
654,2104,2026-03-14 20:52:51.947
655,2106,2026-03-14 20:54:51.852
656,2107,2026-03-14 20:56:51.915
657,2109,2026-03-14 20:58:51.903
658,2110,2026-03-14 21:00:51.973
659,2110,2026-03-14 21:02:51.925
660,2111,2026-03-14 21:04:51.971
661,2112,2026-03-14 21:06:52.017
662,2113,2026-03-14 21:08:51.961
663,2114,2026-03-14 21:10:51.974
664,2114,2026-03-14 21:12:52.024
665,2115,2026-03-14 21:14:52.004
666,2115,2026-03-14 21:16:52.086
667,2116,2026-03-14 21:18:52.013
668,2118,2026-03-14 21:20:52.065
669,2117,2026-03-14 21:22:52.146
670,2117,2026-03-14 21:24:52.100
671,2117,2026-03-14 21:26:52.218
672,2116,2026-03-14 21:28:52.207
673,2116,2026-03-14 21:30:52.117
674,2116,2026-03-14 21:32:52.159
675,2116,2026-03-14 21:34:52.126
676,2128,2026-03-14 21:36:52.407
677,2142,2026-03-14 21:38:52.284
678,2149,2026-03-14 21:40:52.354
679,2152,2026-03-14 21:42:52.336
680,2155,2026-03-14 21:44:52.415
681,2158,2026-03-14 21:46:52.373
682,2160,2026-03-14 21:48:52.355
683,2162,2026-03-14 21:50:52.368
684,2164,2026-03-14 21:52:52.404
685,2166,2026-03-14 21:54:52.465
686,2168,2026-03-14 21:56:52.484
687,2169,2026-03-14 21:58:52.438
688,2170,2026-03-14 22:00:52.408
689,2171,2026-03-14 22:02:52.443
690,2172,2026-03-14 22:04:52.371
691,2173,2026-03-14 22:06:52.483
692,2174,2026-03-14 22:08:52.536
693,2175,2026-03-14 22:10:52.524
694,2176,2026-03-14 22:12:52.512
695,2176,2026-03-14 22:14:52.486
696,2177,2026-03-14 22:16:52.417
697,2177,2026-03-14 22:18:52.608
698,2178,2026-03-14 22:20:52.542
699,2178,2026-03-14 22:22:52.868
700,2178,2026-03-14 22:24:52.611
701,2179,2026-03-14 22:26:52.495
702,2179,2026-03-14 22:28:52.567
703,2180,2026-03-14 22:30:52.720
704,2179,2026-03-14 22:32:52.636
705,2179,2026-03-14 22:34:52.614
706,2179,2026-03-14 22:36:52.759
707,2179,2026-03-14 22:38:52.647
708,2179,2026-03-14 22:40:52.735
709,2179,2026-03-14 22:42:52.734
710,2179,2026-03-14 22:44:52.672
711,2184,2026-03-14 22:46:52.591
712,2204,2026-03-14 22:48:52.670
713,2202,2026-03-14 22:50:52.728
714,2199,2026-03-14 22:52:52.716
715,2196,2026-03-14 22:54:52.698
716,2193,2026-03-14 22:56:52.723
717,2191,2026-03-14 22:58:52.821
718,2189,2026-03-14 23:00:52.793
719,2187,2026-03-14 23:02:52.797
720,2186,2026-03-14 23:04:52.781
721,2184,2026-03-14 23:06:52.824
722,2183,2026-03-14 23:08:52.725
723,2182,2026-03-14 23:10:52.792
724,2184,2026-03-14 23:12:52.826
725,2184,2026-03-14 23:14:52.811
726,2184,2026-03-14 23:16:53.433
727,2185,2026-03-14 23:18:52.878
728,2185,2026-03-14 23:20:52.809
729,2186,2026-03-14 23:22:52.877
730,2186,2026-03-14 23:24:52.918
731,2187,2026-03-14 23:26:53.039
732,2187,2026-03-14 23:28:52.999
733,2188,2026-03-14 23:30:52.985
734,2188,2026-03-14 23:32:53.002
735,2189,2026-03-14 23:34:53.135
736,2189,2026-03-14 23:36:52.946
737,2189,2026-03-14 23:38:53.043
738,2190,2026-03-14 23:40:53.065
739,2190,2026-03-14 23:42:53.003
740,2189,2026-03-14 23:44:53.091
741,2192,2026-03-14 23:46:52.847
742,2204,2026-03-14 23:48:52.877
743,2019,2026-03-14 23:50:52.961
744,2236,2026-03-14 23:52:52.953
745,2236,2026-03-14 23:54:52.921
746,2243,2026-03-14 23:56:52.977
747,2228,2026-03-14 23:58:52.892
748,2230,2026-03-15 00:00:52.905
749,2229,2026-03-15 00:02:52.871
750,2240,2026-03-15 00:04:53.003
751,2259,2026-03-15 00:06:53.039
752,2283,2026-03-15 00:08:53.051
753,2314,2026-03-15 00:10:53.031
754,2353,2026-03-15 00:12:53.047
755,2393,2026-03-15 00:14:53.019
756,2677,2026-03-15 00:16:53.042
757,3108,2026-03-15 00:18:53.184
758,3382,2026-03-15 00:20:53.167
759,3404,2026-03-15 00:22:53.244
760,3424,2026-03-15 00:24:53.373
761,3437,2026-03-15 00:26:53.214
762,3511,2026-03-15 00:28:53.152
763,3535,2026-03-15 00:30:53.587
764,3562,2026-03-15 00:32:53.326
765,3580,2026-03-15 00:34:53.294
766,3606,2026-03-15 00:36:53.280
767,3643,2026-03-15 00:38:57.912
768,3648,2026-03-15 00:41:15.314
769,3647,2026-03-15 00:42:58.750
770,3647,2026-03-15 00:43:07.439
771,3694,2026-03-15 00:44:52.511
772,3770,2026-03-15 00:46:53.656
773,3725,2026-03-15 00:48:53.412
774,3718,2026-03-15 00:50:53.746
775,3707,2026-03-15 00:52:53.347
776,3724,2026-03-15 00:54:54.019
777,3726,2026-03-15 00:56:52.368
778,3778,2026-03-15 00:58:58.190
779,3756,2026-03-15 01:00:53.454
780,3773,2026-03-15 01:02:53.529
781,3804,2026-03-15 01:05:01.508
782,3804,2026-03-15 01:05:02.241
783,3816,2026-03-15 01:06:53.616
784,3830,2026-03-15 01:08:53.313
785,3862,2026-03-15 01:10:53.440
786,3877,2026-03-15 01:12:53.708
787,3894,2026-03-15 01:14:53.445
788,3900,2026-03-15 01:16:53.360
789,3916,2026-03-15 01:18:53.745
790,3920,2026-03-15 01:20:53.410
791,3924,2026-03-15 01:22:53.482
792,3926,2026-03-15 01:24:53.564
793,3945,2026-03-15 01:26:53.987
794,3939,2026-03-15 01:28:53.629
795,3933,2026-03-15 01:30:53.597
796,3928,2026-03-15 01:32:53.647
797,3924,2026-03-15 01:34:54.032
798,3921,2026-03-15 01:36:53.767
799,3918,2026-03-15 01:38:53.745
800,3916,2026-03-15 01:40:53.688
801,3914,2026-03-15 01:42:53.716
802,3912,2026-03-15 01:44:53.699
803,3910,2026-03-15 01:46:53.633
804,3909,2026-03-15 01:48:53.533
805,3907,2026-03-15 01:50:53.613
806,3906,2026-03-15 01:52:53.641
807,3905,2026-03-15 01:54:53.707
808,3904,2026-03-15 01:56:53.639
809,3903,2026-03-15 01:58:53.876
810,3903,2026-03-15 02:06:19.960
811,3902,2026-03-15 02:06:20.545
812,3901,2026-03-15 02:06:21.128
813,3901,2026-03-15 02:06:50.078
814,3900,2026-03-15 02:08:50.041
815,3900,2026-03-15 02:10:50.077
816,3899,2026-03-15 02:12:50.045
817,3899,2026-03-15 02:14:50.074
818,3899,2026-03-15 02:16:50.130
819,3898,2026-03-15 02:18:50.139
820,3898,2026-03-15 02:20:51.610
821,3897,2026-03-15 02:22:50.193
822,3897,2026-03-15 02:24:50.318
823,3897,2026-03-15 02:26:50.132
824,3896,2026-03-15 02:28:51.619
825,3896,2026-03-15 02:30:50.189
826,3896,2026-03-15 02:32:50.222
827,3896,2026-03-15 02:34:50.083
828,3895,2026-03-15 02:36:50.151
829,3895,2026-03-15 02:38:50.198
830,3895,2026-03-15 02:40:50.187
831,3895,2026-03-15 02:42:50.195
832,3894,2026-03-15 02:44:50.289
833,3894,2026-03-15 02:46:50.285
834,3894,2026-03-15 02:48:50.314
835,3894,2026-03-15 02:50:50.334
836,3894,2026-03-15 02:52:50.258
837,3894,2026-03-15 02:54:50.206
838,3893,2026-03-15 02:56:50.324
839,3893,2026-03-15 02:58:50.381
840,3893,2026-03-15 03:00:50.342
841,3893,2026-03-15 03:02:50.288
842,3904,2026-03-15 03:04:50.254
843,3927,2026-03-15 03:06:50.172
844,3936,2026-03-15 03:08:50.315
845,3950,2026-03-15 03:10:50.294
846,3953,2026-03-15 03:12:50.407
847,3980,2026-03-15 03:14:50.322
848,3961,2026-03-15 03:16:50.712
849,3962,2026-03-15 03:18:50.482
850,3976,2026-03-15 03:20:51.882
851,3972,2026-03-15 03:22:50.295
852,3962,2026-03-15 03:24:50.339
853,3941,2026-03-15 03:26:50.316
854,3923,2026-03-15 03:28:50.361
855,3939,2026-03-15 03:30:50.776
856,3932,2026-03-15 03:32:50.430
857,3935,2026-03-15 03:34:50.460
858,3935,2026-03-15 03:36:50.736
859,3939,2026-03-15 03:38:50.660
860,3916,2026-03-15 03:40:50.582
861,3898,2026-03-15 03:42:50.585
862,3881,2026-03-15 03:44:50.704
863,3866,2026-03-15 03:46:50.596
864,3851,2026-03-15 03:48:50.666
865,3838,2026-03-15 03:50:51.019
866,3826,2026-03-15 03:52:50.728
867,3814,2026-03-15 03:54:50.725
868,3804,2026-03-15 03:56:50.728
869,3795,2026-03-15 03:58:50.715
870,3786,2026-03-15 04:00:51.271
871,3778,2026-03-15 04:02:50.720
872,3771,2026-03-15 04:04:51.007
873,3764,2026-03-15 04:06:50.752
874,3758,2026-03-15 04:08:50.798
875,3752,2026-03-15 04:10:50.734
876,3746,2026-03-15 04:12:50.739
877,3740,2026-03-15 04:14:50.758
878,3735,2026-03-15 04:16:50.883
879,3731,2026-03-15 04:18:52.356
880,3728,2026-03-15 04:20:50.876
881,3725,2026-03-15 04:22:50.855
882,3722,2026-03-15 04:24:51.196
883,3719,2026-03-15 04:26:50.816
884,3717,2026-03-15 04:28:50.814
885,3715,2026-03-15 04:30:50.878
886,3713,2026-03-15 04:32:50.895
887,3712,2026-03-15 04:34:50.891
888,3710,2026-03-15 04:36:50.965
889,3709,2026-03-15 04:38:50.908
890,3708,2026-03-15 04:40:50.738
891,3708,2026-03-15 04:42:50.983
892,3708,2026-03-15 04:44:51.011
893,3707,2026-03-15 04:46:50.924
894,3707,2026-03-15 04:48:50.894
895,3707,2026-03-15 04:50:50.895
896,3706,2026-03-15 04:52:50.892
897,3706,2026-03-15 04:54:50.939
898,3706,2026-03-15 04:56:51.001
899,3706,2026-03-15 04:58:50.992
900,3706,2026-03-15 05:00:50.968
901,3705,2026-03-15 05:02:51.009
902,3705,2026-03-15 05:04:51.096
903,3705,2026-03-15 05:06:50.982
904,3705,2026-03-15 05:08:50.969
905,3705,2026-03-15 05:10:51.057
906,3705,2026-03-15 05:12:51.044
907,3705,2026-03-15 05:14:51.033
908,3704,2026-03-15 05:16:51.060
909,3704,2026-03-15 05:18:51.167
910,3704,2026-03-15 05:20:51.078
911,3704,2026-03-15 05:22:51.181
912,3704,2026-03-15 05:24:51.139
913,3704,2026-03-15 05:26:51.118
914,3704,2026-03-15 05:28:51.142
915,3704,2026-03-15 05:30:51.149
916,3704,2026-03-15 05:32:51.167
917,3711,2026-03-15 05:34:51.088
918,3726,2026-03-15 05:36:51.211
919,3740,2026-03-15 05:38:51.133
920,3757,2026-03-15 05:40:51.217
921,3759,2026-03-15 05:42:52.617
922,3795,2026-03-15 05:44:51.268
923,3788,2026-03-15 05:46:51.285
924,3772,2026-03-15 05:48:51.042
925,3758,2026-03-15 05:50:51.145
926,3745,2026-03-15 05:52:51.097
927,3733,2026-03-15 05:54:51.092
928,3722,2026-03-15 05:56:51.135
929,3712,2026-03-15 05:58:51.115
930,3703,2026-03-15 06:00:51.091
931,3694,2026-03-15 06:02:51.170
932,3687,2026-03-15 06:04:51.437
933,3680,2026-03-15 06:06:51.241
934,3673,2026-03-15 06:08:51.243
935,3668,2026-03-15 06:10:51.203
936,3663,2026-03-15 06:12:51.389
937,3658,2026-03-15 06:14:51.220
938,3654,2026-03-15 06:16:51.307
939,3650,2026-03-15 06:18:51.300
940,3647,2026-03-15 06:20:51.334
941,3645,2026-03-15 06:22:51.340
942,3642,2026-03-15 06:24:51.322
943,3640,2026-03-15 06:26:51.262
944,3639,2026-03-15 06:28:51.245
945,3637,2026-03-15 06:30:51.299
946,3636,2026-03-15 06:32:51.505
947,3635,2026-03-15 06:34:51.506
948,3634,2026-03-15 06:36:51.378
949,3633,2026-03-15 06:38:51.494
950,3632,2026-03-15 06:40:51.467
951,3631,2026-03-15 06:42:51.520
952,3630,2026-03-15 06:44:51.612
953,3630,2026-03-15 06:46:51.425
954,3629,2026-03-15 06:48:51.488
955,3629,2026-03-15 06:50:51.439
956,3628,2026-03-15 06:52:51.457
957,3628,2026-03-15 06:54:51.439
958,3627,2026-03-15 06:56:51.475
959,3627,2026-03-15 06:58:51.511
960,3627,2026-03-15 07:00:51.463
961,3626,2026-03-15 07:02:51.476
962,3626,2026-03-15 07:04:51.439
963,3626,2026-03-15 07:06:51.490
964,3625,2026-03-15 07:08:51.498
965,3625,2026-03-15 07:10:51.492
966,3625,2026-03-15 07:12:51.557
967,3624,2026-03-15 07:14:51.592
968,3624,2026-03-15 07:16:51.579
969,3624,2026-03-15 07:18:51.567
970,3624,2026-03-15 07:20:51.581
971,3624,2026-03-15 07:22:51.654
972,3623,2026-03-15 07:24:51.668
973,3623,2026-03-15 07:26:51.660
974,3623,2026-03-15 07:28:51.657
975,3623,2026-03-15 07:30:53.102
976,3623,2026-03-15 07:32:51.653
977,3623,2026-03-15 07:34:51.654
978,3622,2026-03-15 07:36:51.748
979,3622,2026-03-15 07:38:51.661
980,3622,2026-03-15 07:40:51.709
981,3622,2026-03-15 07:42:51.737
982,3622,2026-03-15 07:44:51.725
983,3622,2026-03-15 07:46:51.691
984,3622,2026-03-15 07:48:51.724
985,3622,2026-03-15 07:50:51.815
986,3622,2026-03-15 07:52:51.776
987,3621,2026-03-15 07:54:51.782
988,3621,2026-03-15 07:56:51.775
989,3632,2026-03-15 07:58:51.969
990,3655,2026-03-15 08:00:54.683
991,3687,2026-03-15 08:02:51.903
992,3703,2026-03-15 08:04:51.806
993,3714,2026-03-15 08:06:51.935
994,3734,2026-03-15 08:08:51.941
995,3767,2026-03-15 08:10:51.894
996,3765,2026-03-15 08:12:51.978
997,3789,2026-03-15 08:14:51.932
998,3797,2026-03-15 08:16:52.168
999,3809,2026-03-15 08:18:52.425
1000,3799,2026-03-15 08:20:52.215
1001,3790,2026-03-15 08:22:52.232
1002,3783,2026-03-15 08:24:52.033
1003,3775,2026-03-15 08:26:52.125
1004,3768,2026-03-15 08:28:52.114
1005,3761,2026-03-15 08:30:52.136
1006,3755,2026-03-15 08:32:52.176
1007,3750,2026-03-15 08:34:52.242
1008,3746,2026-03-15 08:36:52.189
1009,3741,2026-03-15 08:38:52.228
1010,3737,2026-03-15 08:40:52.095
1011,3731,2026-03-15 08:42:52.130
1012,3725,2026-03-15 08:44:52.334
1013,3719,2026-03-15 08:46:52.310
1014,3713,2026-03-15 08:48:52.317
1015,3706,2026-03-15 08:50:52.287
1016,3702,2026-03-15 08:52:52.286
1017,3696,2026-03-15 08:54:52.310
1018,3690,2026-03-15 08:56:52.419
1019,3687,2026-03-15 08:58:52.399
1020,3686,2026-03-15 09:00:52.439
1021,3685,2026-03-15 09:02:53.863
1022,3684,2026-03-15 09:04:52.361
1023,3683,2026-03-15 09:06:52.424
1024,3684,2026-03-15 09:08:52.454
1025,3684,2026-03-15 09:10:52.495
1026,3685,2026-03-15 09:12:52.639
1027,3686,2026-03-15 09:14:52.558
1028,3688,2026-03-15 09:16:52.751
1029,3689,2026-03-15 09:18:54.155
1030,3689,2026-03-15 09:20:52.550
1031,3690,2026-03-15 09:22:52.528
1032,3690,2026-03-15 09:24:52.934
1033,3690,2026-03-15 09:26:52.745
1034,3690,2026-03-15 09:28:52.604
1035,3690,2026-03-15 09:30:52.814
1036,3690,2026-03-15 09:32:52.747
1037,3690,2026-03-15 09:34:52.594
1038,3690,2026-03-15 09:36:52.598
1039,3690,2026-03-15 09:38:52.655
1040,3690,2026-03-15 09:40:52.632
1041,3690,2026-03-15 09:42:52.667
1042,3690,2026-03-15 09:44:52.666
1043,3690,2026-03-15 09:46:52.677
1044,3690,2026-03-15 09:48:52.585
1045,3689,2026-03-15 09:50:52.696
1046,3699,2026-03-15 09:52:52.504
1047,3707,2026-03-15 09:54:52.433
1048,3711,2026-03-15 09:56:52.520
1049,3719,2026-03-15 09:58:52.534
