,Receive_Date,Event,Date_real_Event,Epoch
0,2026-05-13 08:19:16.655,01,2026-05-13 03:20:44,1778660444
1,2026-05-13 08:59:36.615,01,2026-05-13 04:01:04,1778662864
2,2026-05-13 09:22:01.989,01,2026-05-13 04:23:30,1778664210
3,2026-05-13 09:33:42.530,01,2026-05-13 04:35:10,1778664910
4,2026-05-13 09:39:43.937,01,2026-05-13 04:40:40,1778665240
5,2026-05-13 09:44:10.454,01,2026-05-13 04:45:07,1778665507
6,2026-05-13 09:49:02.180,01,2026-05-13 04:50:30,1778665830
7,2026-05-13 10:32:50.381,01,2026-05-13 05:33:47,1778668427
8,2026-05-13 11:13:44.344,01,2026-05-13 06:13:43,1778670823
9,2026-05-13 11:26:50.585,01,2026-05-13 06:26:49,1778671609
10,2026-05-13 11:34:38.049,01,2026-05-13 06:34:37,1778672077
11,2026-05-13 11:49:31.135,01,2026-05-13 06:49:31,1778672971
12,2026-05-13 13:02:31.586,01,2026-05-13 08:02:30,1778677350
13,2026-05-13 14:00:56.575,01,2026-05-13 09:00:55,1778680855
14,2026-05-13 14:08:23.766,01,2026-05-13 09:08:22,1778681302
15,2026-05-13 14:19:05.353,01,2026-05-13 09:19:04,1778681944
16,2026-05-13 14:43:32.938,01,2026-05-13 09:44:29,1778683469
17,2026-05-13 15:01:38.964,01,2026-05-13 10:02:35,1778684555
18,2026-05-13 15:10:16.128,01,2026-05-13 10:10:16,1778685016
19,2026-05-13 15:15:50.187,01,2026-05-13 10:15:50,1778685350
20,2026-05-13 15:59:30.198,01,2026-05-13 10:59:30,1778687970
21,2026-05-13 16:10:30.355,01,2026-05-13 11:11:58,1778688718
22,2026-05-13 16:21:09.606,01,2026-05-13 11:22:37,1778689357
23,2026-05-13 16:59:09.174,01,2026-05-13 11:59:08,1778691548
24,2026-05-13 17:16:03.723,01,2026-05-13 12:16:02,1778692562
25,2026-05-14 08:19:37.749,01,2026-05-14 03:20:35,1778746835
26,2026-05-14 09:20:35.672,01,2026-05-14 04:22:02,1778750522
27,2026-05-14 09:29:47.351,01,2026-05-14 04:30:45,1778751045
28,2026-05-14 10:16:37.884,01,2026-05-14 05:18:04,1778753884
29,2026-05-14 11:04:31.356,01,2026-05-14 06:05:29,1778756729
30,2026-05-14 11:15:43.034,01,2026-05-14 06:16:40,1778757400
31,2026-05-14 11:35:44.176,01,2026-05-14 06:35:44,1778758544
32,2026-05-14 12:37:09.252,01,2026-05-14 07:38:06,1778762286
33,2026-05-14 13:09:16.127,01,2026-05-14 08:10:13,1778764213
34,2026-05-14 13:25:19.820,01,2026-05-14 08:26:17,1778765177
35,2026-05-14 13:49:24.705,01,2026-05-14 08:49:24,1778766564
36,2026-05-14 14:36:12.609,01,2026-05-14 09:36:12,1778769372
37,2026-05-14 14:50:21.932,01,2026-05-14 09:50:21,1778770221
