,Unit,Serial Number,Phone Number,Last Contact On,ACTION
0,Z3J-784,34411916,987660659,5/28/2026,Keep
3,VCU-792,34406199,947667119,5/28/2026,Keep
4,VCU-789,34420181,986089752,5/28/2026,Keep
5,VCU-779,34422243,940510454,5/28/2026,Keep
7,VCU-776,34410383,953808794,5/28/2026,Keep
8,VAR-713,36308970,980719365,5/28/2026,Keep
9,VAQ-929,34424330,984940561108,5/28/2026,Keep
10,VAQ-882,36308954,984266706,5/28/2026,Keep
11,VAQ-868,36308924,989182066,5/28/2026,Keep
13,VAQ-828,36309133,986888006,1/26/2026,Keep
14,VAQ-800,34424165,989913119968,5/28/2026,Keep
15,VAQ-788,34420029,974274824,5/28/2026,Keep
16,V9W-900,34423312,965407936,5/28/2026,Keep
19,V9G-873,34424190,913123361,5/28/2026,Keep
20,V9G-861,34420174,986605750,5/28/2026,Keep
21,V9F-890,34422294,9104046614,12/5/2025,Keep
22,V9F-888,34423384,913122168,5/28/2026,Keep
23,V9F-855,34423359,00972561504,5/28/2026,Keep
24,V9F-742,34424093,914008435,5/28/2026,Keep
25,V9F-741,34420027,974274413,5/28/2026,Keep
26,V9F-739,34410888,987243054,5/28/2026,Keep
27,V9E-932,34423345,940713178,5/28/2026,Keep
28,V9E-877,34422101,983713466,5/28/2026,Keep
29,V9E-871,34421293,974940511669,5/28/2026,Keep
32,V7U-873,34410364,953808801,5/28/2026,Keep
34,V7U-813,34410849,953814323,5/28/2026,Keep
35,V7U-800,34410013,987283024,5/28/2026,Keep
36,V7U-799,34420854,953987275479,5/28/2026,Keep
37,V7U-797,34410001,987249194,5/28/2026,Keep
38,V7U-796,34420026,938,5/28/2026,Keep
39,V7U-794,34410852,953953814306,5/28/2026,Keep
40,V7P-894,34410869,953814316,5/28/2026,Keep
41,V7P-745,34410061,987282563,5/28/2026,Keep
42,V7P-738,34422859,51980684366,5/28/2026,Keep
43,V7P-713,34410870,953814317,5/28/2026,Keep
45,V7A-819,34422198,965233957,5/23/2026,Keep
54,V5Y-715,34424187,983376834,5/28/2026,Keep
58,V5E-942,34424042,913119551,5/28/2026,Keep
61,V4F-936,34410345,987258803,5/28/2026,Keep
62,V4F-935,34420179,987962216276,5/12/2026,Keep
64,V4F-933,34410851,953953814307,5/28/2026,Keep
65,V4F-932,34420030,974274474,5/28/2026,Keep
69,V4E-900,34410856,953808799,5/28/2026,Keep
74,V4E-790,4764400655,51993427582,5/28/2026,Keep
75,V4D-848,34424074,959763739,5/28/2026,Keep
78,V4D-802,34424186,983914278658,5/28/2026,Keep
80,V4D-715,34410396,953953808798,5/25/2026,Keep
81,V4D-706,34410861,997375971,5/28/2026,Keep
82,V4D-705,34410895,953813910,5/28/2026,Keep
83,V4C-934,34410858,953808797,5/28/2026,Keep
84,V4C-929,34410017,51987283012,5/28/2026,Keep
85,V4C-927,34406257,983717018,12/31/2025,Keep
86,V4C-840,34424144,987989519778,5/28/2026,Keep
88,V4C-720,34422273,940560844,5/28/2026,Keep
89,V4C-717,34410887,987953808847,3/30/2026,Keep
90,V4C-716,34423440,993571561,5/28/2026,Keep
91,V4C-711,34410012,987987252213,5/28/2026,Keep
92,V4C-705,34424298,953967394219,5/12/2026,Keep
93,V4C-703,34410859,953808800,5/26/2026,Keep
94,V4B-759,34424062,940914278417,5/12/2026,Keep
96,V3Y-702,34406581,dsd,11/18/2025,Keep
97,V3X-783,34410862,953814308,5/28/2026,Keep
100,V2M-760,34406586,987255762,5/28/2026,Keep
102,V2H-704,34420028,940974274721,5/28/2026,Keep
103,V2E-739,34411378,954965356691,5/28/2026,Keep
104,V2D-763,34421117,997385986,5/28/2026,Keep
105,V1X-931,34406125,997452568,5/28/2026,Keep
106,V1X-842,34424047,3333,3/30/2026,Keep
108,V1V-934,34410892,953808854,5/25/2026,Keep
110,V1U-915 taller,34731372,940511627,3/10/2023,Keep
111,V1T-880 taller,34411078,956384600,3/22/2023,Keep
112,V1T-862,34422909,989469158,5/28/2026,Keep
114,V1R-886,34406580,987283422,5/28/2026,Keep
115,V1R-862,34406269,913103846,5/28/2026,Keep
116,V1R-836,34422256,98959766244,5/28/2026,Keep
117,V1Q-946,34406252,993538954,5/28/2026,Keep
118,F8X-722,34422184,987256004,5/28/2026,Keep
119,F0Q-903,34423488,913116566,5/28/2026,Keep
120,D6A-838,34420055,940305429,5/28/2026,Keep
121,D5Z-886,34411010,956961839544,12/23/2023,Keep
122,D5Y-855,34420033,9,5/28/2026,Keep
126,BYT-941,34406929,954165564,5/27/2026,Keep
128,A6I-844,34422820,993570877,5/28/2026,Keep
