requestType,inbound,outbound,sendAt,doneAt,sender,destination,externalMessageId,status,text,error,errorGroup,seenAt,ivrResponses,ivrMappedResponses,applicationId,entityId
SMS,,X,28/05/2026 14:23:47,28/05/2026 14:23:55,890191,579103720933,4799962274057952397473,Delivered,2040564527_Wakeup,No Error (code 0),No Errors,--,,,default,
SMS,,X,28/05/2026 14:22:36,28/05/2026 14:22:39,76555,51997538749,4799961569957950925187,Delivered,"!RP,257,1,2222",No Error (code 0),No Errors,--,,,default,
SMS,,X,28/05/2026 14:22:36,28/05/2026 14:22:42,76555,51987862116,4799961565007951925723,Delivered,"!RP,257,1,2222",No Error (code 0),No Errors,--,,,default,
SMS,,X,28/05/2026 14:22:35,28/05/2026 14:22:38,76555,51987861495,4799961559117952390484,Delivered,"!RP,257,1,2222",No Error (code 0),No Errors,--,,,default,
SMS,,X,28/05/2026 14:22:35,28/05/2026 14:22:41,76555,51997501638,4799961554427951925593,Delivered,"!RP,257,1,2222",No Error (code 0),No Errors,--,,,default,
SMS,,X,28/05/2026 14:22:34,28/05/2026 14:23:16,76555,51994343125,4799961549737951001764,Delivered,"!RP,257,1,2222",No Error (code 0),No Errors,--,,,default,
SMS,,X,28/05/2026 14:22:34,28/05/2026 14:22:43,76555,51993429278,4799961545107951925485,Delivered,"!RP,257,1,2222",No Error (code 0),No Errors,--,,,default,
SMS,,X,28/05/2026 14:22:33,28/05/2026 14:22:40,76555,51982908578,4799961539277951925416,Delivered,"!RP,257,1,2222",No Error (code 0),No Errors,--,,,default,
SMS,,X,28/05/2026 14:22:33,28/05/2026 14:22:38,76555,51983363227,4799961533527952390214,Delivered,"!RP,257,1,2222",No Error (code 0),No Errors,--,,,default,
SMS,,X,28/05/2026 14:22:32,28/05/2026 14:22:34,76555,51993197837,4799961528757951001539,Delivered,"!RP,257,1,2222",No Error (code 0),No Errors,--,,,default,
SMS,,X,28/05/2026 14:22:15,28/05/2026 14:22:25,76555,51993897711,4799961358557950922529,Delivered,476662481_Wakeup,No Error (code 0),No Errors,--,,,default,
SMS,,X,28/05/2026 14:18:49,28/05/2026 14:20:06,76555,51993897711,4799959295067952364638,Delivered,1258126343_Wakeup,No Error (code 0),No Errors,--,,,default,
SMS,,X,28/05/2026 14:16:49,28/05/2026 14:16:57,890191,573152708779,4799958098857950984465,Delivered,1884826844_Wakeup,No Error (code 0),No Errors,--,,,default,
SMS,,X,28/05/2026 14:16:19,28/05/2026 14:16:21,76555,51993897711,4799957792327951427298,Delivered,134069032_Wakeup,No Error (code 0),No Errors,--,,,default,
SMS,,X,28/05/2026 14:16:18,28/05/2026 14:16:20,890191,573172871331,4799957780087950410224,Delivered,396383978_Wakeup,No Error (code 0),No Errors,--,,,default,
SMS,,X,28/05/2026 14:15:31,28/05/2026 14:15:33,76555,51993895817,4799957312427951419398,Delivered,2058123621_Wakeup,No Error (code 0),No Errors,--,,,default,
SMS,,X,28/05/2026 14:14:23,28/05/2026 14:14:27,890191,573178405032,4799956630757951962284,Delivered,493167240_Wakeup,No Error (code 0),No Errors,--,,,default,
SMS,,X,28/05/2026 14:13:03,28/05/2026 14:13:07,890191,579103720918,4799955835037951495166,Delivered,102508943_Wakeup,No Error (code 0),No Errors,--,,,default,
SMS,,X,28/05/2026 14:05:20,28/05/2026 14:05:25,890191,579102728799,4799951206377950409655,Delivered,1565870073_Wakeup,No Error (code 0),No Errors,--,,,default,
SMS,,X,28/05/2026 14:04:35,28/05/2026 14:04:48,890191,573172871331,4799950751047952339075,Delivered,1532596959_Wakeup,No Error (code 0),No Errors,--,,,default,
SMS,,X,28/05/2026 14:04:30,28/05/2026 14:04:39,890191,573172871331,4799950706867951419638,Delivered,984314417_Wakeup,No Error (code 0),No Errors,--,,,default,
SMS,,X,28/05/2026 13:59:22,28/05/2026 13:59:27,890191,573156366413,4799947629727950454804,Delivered,390083784_Wakeup,No Error (code 0),No Errors,--,,,default,
SMS,,X,28/05/2026 13:53:10,28/05/2026 13:53:10,GPT,19103149072,4799943904387950414644,Rejected,1779994389 Wakeup cloud info bubble LS,No Error (code 0),No Errors,--,,,default,
SMS,,X,28/05/2026 13:52:37,28/05/2026 13:52:37,GPT,19103149072,4799943576297951427882,Rejected,1779994355 Wakeup cloud info bubble LS,No Error (code 0),No Errors,--,,,default,
SMS,,X,28/05/2026 13:52:36,28/05/2026 13:52:36,GPT,19103149072,4799943560817950984717,Rejected,1779994354 Wakeup cloud info bubble LS,No Error (code 0),No Errors,--,,,default,
SMS,,X,28/05/2026 13:51:36,28/05/2026 13:51:36,GPT,19103825011,4799942969347951046070,Rejected,1779994295 Wakeup cloud info bubble LS,No Error (code 0),No Errors,--,,,default,
SMS,,X,28/05/2026 13:50:31,28/05/2026 13:50:31,GPT,19103149072,4799942313167951038339,Rejected,1779994230 Wakeup cloud info bubble LS,No Error (code 0),No Errors,--,,,default,
SMS,,X,28/05/2026 13:49:24,28/05/2026 13:49:24,GPT,19103149072,4799941649357951404889,Rejected,1779994163 Wakeup cloud info bubble LS,No Error (code 0),No Errors,--,,,default,
SMS,,X,28/05/2026 13:49:03,28/05/2026 13:49:04,890191,573158114511,4799941432137951402026,Delivered,1493424169_Wakeup,No Error (code 0),No Errors,--,,,default,
SMS,,X,28/05/2026 13:47:50,28/05/2026 13:47:55,890809,573145973800,4799940703937952315832,Delivered,ACT. Ignicion Encendida en (XMB071) => XMB071 - Velocidad: 0 Km/h - Fecha: May 28 2026  1:47PM,No Error (code 0),No Errors,--,,,default,
SMS,,X,28/05/2026 13:47:49,28/05/2026 13:47:53,890809,573016064880,4799940698007952315752,Delivered,ACT. Ignicion Encendida en (XMB071) => XMB071 - Velocidad: 0 Km/h - Fecha: May 28 2026  1:47PM,No Error (code 0),No Errors,--,,,default,
SMS,,X,28/05/2026 13:46:55,28/05/2026 13:46:58,890191,573158112309,4799940151397952308484,Delivered,705334435_Wakeup,No Error (code 0),No Errors,--,,,default,
SMS,,X,28/05/2026 13:44:09,28/05/2026 13:44:12,890809,573145973800,4799938490707951089396,Delivered,ACT. Ignicion Encendida en (XMB071) => XMB071 - Velocidad: 0 Km/h - Fecha: May 28 2026  1:43PM,No Error (code 0),No Errors,--,,,default,
SMS,,X,28/05/2026 13:44:08,28/05/2026 13:44:14,890809,573016064880,4799938485787951089324,Delivered,ACT. Ignicion Encendida en (XMB071) => XMB071 - Velocidad: 0 Km/h - Fecha: May 28 2026  1:43PM,No Error (code 0),No Errors,--,,,default,
SMS,,X,28/05/2026 13:42:37,28/05/2026 13:42:40,890191,573185868201,4799937572777951903869,Delivered,996534630_Wakeup,No Error (code 0),No Errors,--,,,default,
SMS,,X,28/05/2026 13:42:36,28/05/2026 13:42:40,890191,579103720933,4799937563897951077743,Delivered,170432723_Wakeup,No Error (code 0),No Errors,--,,,default,
SMS,,X,28/05/2026 13:42:27,28/05/2026 13:42:33,890809,573145973800,4799937478957950907497,Delivered,ACT. Ignicion Encendida en (XMB071) => XMB071 - Velocidad: 0 Km/h - Fecha: May 28 2026  1:41PM,No Error (code 0),No Errors,--,,,default,
SMS,,X,28/05/2026 13:42:27,28/05/2026 13:42:34,890809,573016064880,4799937472847950432425,Delivered,ACT. Ignicion Encendida en (XMB071) => XMB071 - Velocidad: 0 Km/h - Fecha: May 28 2026  1:41PM,No Error (code 0),No Errors,--,,,default,
SMS,,X,28/05/2026 13:35:36,28/05/2026 13:35:36,GPT,19103954920,4799933362307950480895,Rejected,1779993335 Wakeup cloud info bubble LS,No Error (code 0),No Errors,--,,,default,
SMS,,X,28/05/2026 13:35:35,28/05/2026 13:35:35,GPT,19103954920,4799933355787952317705,Rejected,1779993334 Wakeup cloud info bubble LS,No Error (code 0),No Errors,--,,,default,
SMS,,X,28/05/2026 13:35:35,28/05/2026 13:35:35,GPT,19103954920,4799933350807951494806,Rejected,1779993333 Wakeup cloud info bubble LS,No Error (code 0),No Errors,--,,,default,
SMS,,X,28/05/2026 13:32:26,28/05/2026 13:32:30,890191,579103418668,4799931461477951921552,Delivered,"REBOOT,0000#",No Error (code 0),No Errors,--,,,default,
SMS,,X,28/05/2026 13:31:45,28/05/2026 13:31:48,890809,579103418668,4799931055147952380538,Delivered,"UPGRADE_TEST,0000##",No Error (code 0),No Errors,--,,,default,
SMS,,X,28/05/2026 13:22:44,28/05/2026 13:22:51,890809,573182066185,4799925644037950477419,Delivered,ACT. Ignicion Encendida on (WB146-5) => WB146-5 - Speed: 0 Km/h - Time: May 28 2026  1:22PM,No Error (code 0),No Errors,--,,,default,
SMS,,X,28/05/2026 13:16:43,28/05/2026 13:16:54,890809,573145973800,4799922036197951987418,Delivered,ACT. Ignicion Encendida en (SWM704) => SWM704 - Velocidad: 0 Km/h - Fecha: May 28 2026  1:14PM,No Error (code 0),No Errors,--,,,default,
SMS,,X,28/05/2026 13:16:43,28/05/2026 13:16:50,890809,573016064880,4799922030417951428952,Delivered,ACT. Ignicion Encendida en (SWM704) => SWM704 - Velocidad: 0 Km/h - Fecha: May 28 2026  1:14PM,No Error (code 0),No Errors,--,,,default,
SMS,,X,28/05/2026 12:59:01,28/05/2026 12:59:12,890809,573145973800,4799911414607950417323,Delivered,ACT. Ignicion Encendida en (GDY845) => GDY845 - Velocidad: 0 Km/h - Fecha: May 28 2026 12:58PM,No Error (code 0),No Errors,--,,,default,
SMS,,X,28/05/2026 12:59:00,28/05/2026 12:59:09,890809,573016064880,4799911408547951053039,Delivered,ACT. Ignicion Encendida en (GDY845) => GDY845 - Velocidad: 0 Km/h - Fecha: May 28 2026 12:58PM,No Error (code 0),No Errors,--,,,default,
SMS,,X,28/05/2026 12:58:20,28/05/2026 12:58:26,890191,579103429888,4799911003007951415302,Delivered,T88X9A POLLQ VIAUDP,No Error (code 0),No Errors,--,,,default,
SMS,,X,28/05/2026 12:57:59,28/05/2026 12:58:10,890191,579103429888,4799910797907952337669,Delivered,T88X9A POLLQ VIAUDP,No Error (code 0),No Errors,--,,,default,
SMS,,X,28/05/2026 12:57:59,28/05/2026 12:58:06,890191,579103439862,4799910793077951412917,Delivered,"!R3,1,7",No Error (code 0),No Errors,--,,,default,
SMS,,X,28/05/2026 12:57:38,28/05/2026 12:57:45,890191,579103439862,4799910588187951960678,Delivered,"!R3,1,7",No Error (code 0),No Errors,--,,,default,
SMS,,X,28/05/2026 12:53:54,28/05/2026 12:53:54,GPT,19103682522,4799908347427951011883,Rejected,1779990831 Wakeup cloud info bubble LS,No Error (code 0),No Errors,--,,,default,
SMS,,X,28/05/2026 12:53:52,28/05/2026 12:53:52,GPT,19103682522,4799908329017952300415,Rejected,1779990831 Wakeup cloud info bubble LS,No Error (code 0),No Errors,--,,,default,
SMS,,X,28/05/2026 12:53:52,28/05/2026 12:53:52,GPT,19103682522,4799908327787950473288,Rejected,1779990831 Wakeup cloud info bubble LS,No Error (code 0),No Errors,--,,,default,
SMS,,X,28/05/2026 12:53:52,28/05/2026 12:53:52,GPT,19103682522,4799908324477951929122,Rejected,1779990830 Wakeup cloud info bubble LS,No Error (code 0),No Errors,--,,,default,
SMS,,X,28/05/2026 12:53:52,28/05/2026 12:53:52,GPT,19103682522,4799908322337950946995,Rejected,1779990830 Wakeup cloud info bubble LS,No Error (code 0),No Errors,--,,,default,
SMS,,X,28/05/2026 12:53:52,28/05/2026 12:53:52,GPT,19103682522,4799908321787951011549,Rejected,1779990830 Wakeup cloud info bubble LS,No Error (code 0),No Errors,--,,,default,
SMS,,X,28/05/2026 12:53:51,28/05/2026 12:53:51,GPT,19103682522,4799908318497951478617,Rejected,1779990830 Wakeup cloud info bubble LS,No Error (code 0),No Errors,--,,,default,
SMS,,X,28/05/2026 12:53:51,28/05/2026 12:53:51,GPT,19103682522,4799908316877951929017,Rejected,1779990829 Wakeup cloud info bubble LS,No Error (code 0),No Errors,--,,,default,
SMS,,X,28/05/2026 12:53:51,28/05/2026 12:53:51,GPT,19103682522,4799908313987952300209,Rejected,1779990829 Wakeup cloud info bubble LS,No Error (code 0),No Errors,--,,,default,
SMS,,X,28/05/2026 12:53:51,28/05/2026 12:53:51,GPT,19103682522,4799908311327951011412,Rejected,1779990828 Wakeup cloud info bubble LS,No Error (code 0),No Errors,--,,,default,
SMS,,X,28/05/2026 12:53:50,28/05/2026 12:53:50,GPT,19103682522,4799908308747950473037,Rejected,1779990828 Wakeup cloud info bubble LS,No Error (code 0),No Errors,--,,,default,
SMS,,X,28/05/2026 12:53:50,28/05/2026 12:53:50,GPT,19103682522,4799908308437952300128,Rejected,1779990828 Wakeup cloud info bubble LS,No Error (code 0),No Errors,--,,,default,
SMS,,X,28/05/2026 12:53:50,28/05/2026 12:53:50,GPT,19103682522,4799908304317950946772,Rejected,1779990828 Wakeup cloud info bubble LS,No Error (code 0),No Errors,--,,,default,
SMS,,X,28/05/2026 12:53:49,28/05/2026 12:53:49,GPT,19103682522,4799908295337952399994,Rejected,1779990828 Wakeup cloud info bubble LS,No Error (code 0),No Errors,--,,,default,
SMS,,X,28/05/2026 12:53:48,28/05/2026 12:53:48,GPT,19103682522,4799908288697950946544,Rejected,1779990827 Wakeup cloud info bubble LS,No Error (code 0),No Errors,--,,,default,
SMS,,X,28/05/2026 12:53:48,28/05/2026 12:53:48,GPT,19103682522,4799908286177950946515,Rejected,1779990827 Wakeup cloud info bubble LS,No Error (code 0),No Errors,--,,,default,
SMS,,X,28/05/2026 12:53:48,28/05/2026 12:53:48,GPT,19103682522,4799908285497950472781,Rejected,1779990827 Wakeup cloud info bubble LS,No Error (code 0),No Errors,--,,,default,
SMS,,X,28/05/2026 12:53:48,28/05/2026 12:53:48,GPT,19103682522,4799908283627951478070,Rejected,1779990827 Wakeup cloud info bubble LS,No Error (code 0),No Errors,--,,,default,
SMS,,X,28/05/2026 12:53:38,28/05/2026 12:53:48,890191,579103429888,4799908180277950471482,Delivered,T88X9A POLLQ VIAUDP,No Error (code 0),No Errors,--,,,default,
SMS,,X,28/05/2026 12:47:43,28/05/2026 12:47:52,890191,573154453572,4799904635637951978968,Delivered,507513754_Wakeup,No Error (code 0),No Errors,--,,,default,
SMS,,X,28/05/2026 12:43:52,28/05/2026 12:43:52,GPT,19103954920,4799902325387950496207,Rejected,1779990231 Wakeup cloud info bubble LS,No Error (code 0),No Errors,--,,,default,
SMS,,X,28/05/2026 12:42:56,28/05/2026 12:42:57,TSO,579101171963,4799901769017951489571,Undeliverable,"!R3,1,7",Unknown Subscriber (code 1),Handset Errors,--,,,default,
SMS,,X,28/05/2026 12:42:16,28/05/2026 12:42:16,GPT,19103954920,4799901363377950956944,Rejected,1779990135 Wakeup cloud info bubble LS,No Error (code 0),No Errors,--,,,default,
SMS,,X,28/05/2026 12:40:49,28/05/2026 12:40:49,GPT,19103954920,4799900499657950945939,Rejected,1779990046 Wakeup cloud info bubble LS,No Error (code 0),No Errors,--,,,default,
SMS,,X,28/05/2026 12:40:49,28/05/2026 12:40:49,GPT,19103954920,4799900491557951473345,Rejected,1779990046 Wakeup cloud info bubble LS,No Error (code 0),No Errors,--,,,default,
SMS,,X,28/05/2026 12:40:47,28/05/2026 12:40:47,GPT,19103954920,4799900479387950474497,Rejected,1779990045 Wakeup cloud info bubble LS,No Error (code 0),No Errors,--,,,default,
SMS,,X,28/05/2026 12:40:44,28/05/2026 12:40:44,GPT,19103954920,4799900440137951923523,Rejected,1779990042 Wakeup cloud info bubble LS,No Error (code 0),No Errors,--,,,default,
SMS,,X,28/05/2026 12:40:27,28/05/2026 12:40:36,890191,579102356221,4799900271177951469995,Delivered,544789936_Wakeup,No Error (code 0),No Errors,--,,,default,
SMS,,X,28/05/2026 12:39:28,28/05/2026 12:39:28,GPT,19103682508,4799899685067950933271,Rejected,1779989967 Wakeup cloud info bubble LS,No Error (code 0),No Errors,--,,,default,
SMS,,X,28/05/2026 12:39:15,28/05/2026 12:39:22,890191,579102356221,4799899558467950459528,Delivered,1851429015_Wakeup,No Error (code 0),No Errors,--,,,default,
SMS,,X,28/05/2026 12:38:24,28/05/2026 12:38:24,GPT,19103682508,4799899047197951902109,Rejected,1779989898 Wakeup cloud info bubble LS,No Error (code 0),No Errors,--,,,default,
SMS,,X,28/05/2026 12:38:22,28/05/2026 12:38:22,GPT,19103682508,4799899020837951088244,Rejected,1779989895 Wakeup cloud info bubble LS,No Error (code 0),No Errors,--,,,default,
SMS,,X,28/05/2026 12:38:20,28/05/2026 12:38:20,GPT,19103682508,4799899001727950450988,Rejected,1779989897 Wakeup cloud info bubble LS,No Error (code 0),No Errors,--,,,default,
SMS,,X,28/05/2026 12:38:19,28/05/2026 12:38:19,GPT,19103682508,4799898996037952375860,Rejected,1779989893 Wakeup cloud info bubble LS,No Error (code 0),No Errors,--,,,default,
SMS,,X,28/05/2026 12:38:19,28/05/2026 12:38:19,GPT,19103682508,4799898995717951901249,Rejected,1779989897 Wakeup cloud info bubble LS,No Error (code 0),No Errors,--,,,default,
SMS,,X,28/05/2026 12:38:19,28/05/2026 12:38:19,GPT,19103682508,4799898994867950450889,Rejected,1779989897 Wakeup cloud info bubble LS,No Error (code 0),No Errors,--,,,default,
SMS,,X,28/05/2026 12:38:19,28/05/2026 12:38:19,GPT,19103682508,4799898994307950922447,Rejected,1779989896 Wakeup cloud info bubble LS,No Error (code 0),No Errors,--,,,default,
SMS,,X,28/05/2026 12:38:19,28/05/2026 12:38:19,GPT,19103682508,4799898992297952375804,Rejected,1779989896 Wakeup cloud info bubble LS,No Error (code 0),No Errors,--,,,default,
SMS,,X,28/05/2026 12:38:17,28/05/2026 12:38:17,GPT,19103682508,4799898976077950922151,Rejected,1779989896 Wakeup cloud info bubble LS,No Error (code 0),No Errors,--,,,default,
SMS,,X,28/05/2026 12:38:17,28/05/2026 12:38:17,GPT,19103682508,4799898973077951087353,Rejected,1779989895 Wakeup cloud info bubble LS,No Error (code 0),No Errors,--,,,default,
SMS,,X,28/05/2026 12:38:17,28/05/2026 12:38:17,GPT,19103682508,4799898973057950922104,Rejected,1779989895 Wakeup cloud info bubble LS,No Error (code 0),No Errors,--,,,default,
SMS,,X,28/05/2026 12:38:17,28/05/2026 12:38:17,GPT,19103682508,4799898973017951087352,Rejected,1779989895 Wakeup cloud info bubble LS,No Error (code 0),No Errors,--,,,default,
SMS,,X,28/05/2026 12:38:17,28/05/2026 12:38:17,GPT,19103682508,4799898972447951451364,Rejected,1779989894 Wakeup cloud info bubble LS,No Error (code 0),No Errors,--,,,default,
SMS,,X,28/05/2026 12:38:17,28/05/2026 12:38:17,GPT,19103682508,4799898972057952375510,Rejected,1779989894 Wakeup cloud info bubble LS,No Error (code 0),No Errors,--,,,default,
SMS,,X,28/05/2026 12:38:16,28/05/2026 12:38:16,GPT,19103682508,4799898966067950921982,Rejected,1779989893 Wakeup cloud info bubble LS,No Error (code 0),No Errors,--,,,default,
SMS,,X,28/05/2026 12:38:15,28/05/2026 12:38:15,GPT,19103682508,4799898958577952375315,Rejected,1779989893 Wakeup cloud info bubble LS,No Error (code 0),No Errors,--,,,default,
SMS,,X,28/05/2026 12:38:15,28/05/2026 12:38:15,GPT,19103682508,4799898957737952375304,Rejected,1779989893 Wakeup cloud info bubble LS,No Error (code 0),No Errors,--,,,default,
SMS,,X,28/05/2026 12:38:06,28/05/2026 12:38:06,GPT,19103954920,4799898863487950448649,Rejected,1779989885 Wakeup cloud info bubble LS,No Error (code 0),No Errors,--,,,default,
SMS,,X,28/05/2026 12:38:01,28/05/2026 12:38:15,890191,579102356221,4799898814127951084549,Delivered,416053903_Wakeup,No Error (code 0),No Errors,--,,,default,
SMS,,X,28/05/2026 12:36:44,28/05/2026 12:36:44,GPT,19103682522,4799898043997951435855,Rejected,1779989803 Wakeup cloud info bubble LS,No Error (code 0),No Errors,--,,,default,
SMS,,X,28/05/2026 12:36:16,28/05/2026 12:36:16,GPT,19103954920,4799897764147951430549,Rejected,1779989774 Wakeup cloud info bubble LS,No Error (code 0),No Errors,--,,,default,
SMS,,X,28/05/2026 12:35:21,28/05/2026 12:35:28,890191,573152722053,4799897215037951971775,Delivered,1841738333_Wakeup,No Error (code 0),No Errors,--,,,default,
SMS,,X,28/05/2026 12:34:02,28/05/2026 12:34:02,GPT,19103682522,4799896420407952331545,Rejected,1779989636 Wakeup cloud info bubble LS,No Error (code 0),No Errors,--,,,default,
SMS,,X,28/05/2026 12:33:58,28/05/2026 12:33:58,GPT,19103682522,4799896382427952330904,Rejected,1779989637 Wakeup cloud info bubble LS,No Error (code 0),No Errors,--,,,default,
SMS,,X,28/05/2026 12:33:57,28/05/2026 12:33:57,GPT,19103682522,4799896379737950977025,Rejected,1779989636 Wakeup cloud info bubble LS,No Error (code 0),No Errors,--,,,default,
SMS,,X,28/05/2026 12:33:57,28/05/2026 12:33:57,GPT,19103682522,4799896376467950976952,Rejected,1779989636 Wakeup cloud info bubble LS,No Error (code 0),No Errors,--,,,default,
SMS,,X,28/05/2026 12:33:57,28/05/2026 12:33:57,GPT,19103682522,4799896375127952330783,Rejected,1779989636 Wakeup cloud info bubble LS,No Error (code 0),No Errors,--,,,default,
SMS,,X,28/05/2026 12:33:57,28/05/2026 12:33:57,GPT,19103682522,4799896372067950406633,Rejected,1779989636 Wakeup cloud info bubble LS,No Error (code 0),No Errors,--,,,default,
SMS,,X,28/05/2026 12:33:57,28/05/2026 12:33:57,GPT,19103682522,4799896370697952330689,Rejected,1779989636 Wakeup cloud info bubble LS,No Error (code 0),No Errors,--,,,default,
SMS,,X,28/05/2026 12:33:56,28/05/2026 12:33:56,GPT,19103682522,4799896369337951040350,Rejected,1779989635 Wakeup cloud info bubble LS,No Error (code 0),No Errors,--,,,default,
SMS,,X,28/05/2026 12:33:56,28/05/2026 12:33:56,GPT,19103682522,4799896367247951040314,Rejected,1779989634 Wakeup cloud info bubble LS,No Error (code 0),No Errors,--,,,default,
SMS,,X,28/05/2026 12:33:56,28/05/2026 12:33:56,GPT,19103682522,4799896366057951957586,Rejected,1779989635 Wakeup cloud info bubble LS,No Error (code 0),No Errors,--,,,default,
SMS,,X,28/05/2026 12:33:56,28/05/2026 12:33:56,GPT,19103682522,4799896366057950406549,Rejected,1779989635 Wakeup cloud info bubble LS,No Error (code 0),No Errors,--,,,default,
SMS,,X,28/05/2026 12:33:56,28/05/2026 12:33:56,GPT,19103682522,4799896361517951957517,Rejected,1779989635 Wakeup cloud info bubble LS,No Error (code 0),No Errors,--,,,default,
SMS,,X,28/05/2026 12:33:55,28/05/2026 12:33:55,GPT,19103682522,4799896358407950976660,Rejected,1779989634 Wakeup cloud info bubble LS,No Error (code 0),No Errors,--,,,default,
SMS,,X,28/05/2026 12:33:55,28/05/2026 12:33:55,GPT,19103682522,4799896358017951957461,Rejected,1779989634 Wakeup cloud info bubble LS,No Error (code 0),No Errors,--,,,default,
SMS,,X,28/05/2026 12:33:55,28/05/2026 12:33:55,GPT,19103682522,4799896355507951040100,Rejected,1779989634 Wakeup cloud info bubble LS,No Error (code 0),No Errors,--,,,default,
SMS,,X,28/05/2026 12:33:55,28/05/2026 12:33:55,GPT,19103682522,4799896353847951405203,Rejected,1779989634 Wakeup cloud info bubble LS,No Error (code 0),No Errors,--,,,default,
SMS,,X,28/05/2026 12:33:54,28/05/2026 12:33:54,GPT,19103682522,4799896348167952330314,Rejected,1779989633 Wakeup cloud info bubble LS,No Error (code 0),No Errors,--,,,default,
SMS,,X,28/05/2026 12:33:38,28/05/2026 12:33:47,890191,579104087549,4799896185707950973615,Delivered,238534411_Wakeup,No Error (code 0),No Errors,--,,,default,
SMS,,X,28/05/2026 12:32:46,28/05/2026 12:38:02,890191,579103720932,4799895669347950494871,Delivered,76134792_Wakeup,No Error (code 0),No Errors,--,,,default,
SMS,,X,28/05/2026 12:32:08,28/05/2026 12:32:08,GPT,19102356146,4799895281027951939968,Rejected,1779989526 Wakeup cloud info bubble LS,No Error (code 0),No Errors,--,,,default,
SMS,,X,28/05/2026 12:32:05,28/05/2026 12:32:05,GPT,19102356146,4799895258547951021648,Rejected,1779989524 Wakeup cloud info bubble LS,No Error (code 0),No Errors,--,,,default,
SMS,,X,28/05/2026 12:32:05,28/05/2026 12:32:05,GPT,19102356146,4799895256187951939608,Rejected,1779989524 Wakeup cloud info bubble LS,No Error (code 0),No Errors,--,,,default,
SMS,,X,28/05/2026 12:23:13,28/05/2026 12:23:17,890191,573158084273,4799889937287951954278,Delivered,400492024_Wakeup,No Error (code 0),No Errors,--,,,default,
SMS,,X,28/05/2026 12:20:15,28/05/2026 12:20:25,890809,573145973800,4799888151547952397303,Delivered,ACT. Ignicion Encendida en (GDY845) => GDY845 - Velocidad: 0 Km/h - Fecha: May 28 2026 12:19PM,No Error (code 0),No Errors,--,,,default,
SMS,,X,28/05/2026 12:20:14,28/05/2026 12:20:22,890809,573016064880,4799888145787950476490,Delivered,ACT. Ignicion Encendida en (GDY845) => GDY845 - Velocidad: 0 Km/h - Fecha: May 28 2026 12:19PM,No Error (code 0),No Errors,--,,,default,
SMS,,X,28/05/2026 12:20:05,28/05/2026 12:20:10,890191,573156366413,4799888058187950475284,Delivered,1514484404_Wakeup,No Error (code 0),No Errors,--,,,default,
SMS,,X,28/05/2026 12:18:53,28/05/2026 12:18:58,890191,573156366413,4799887330297951093430,Delivered,1542382573_Wakeup,No Error (code 0),No Errors,--,,,default,
SMS,,X,28/05/2026 12:16:03,28/05/2026 12:38:15,890191,579103720932,4799885634497951986019,Delivered,1874985680_Wakeup,No Error (code 0),No Errors,--,,,default,
SMS,,X,28/05/2026 12:14:10,28/05/2026 12:14:16,890191,573185868201,4799884501577950982159,Delivered,1040025067_Wakeup,No Error (code 0),No Errors,--,,,default,
SMS,,X,28/05/2026 12:13:53,28/05/2026 12:13:54,TSO,579101171963,4799884337707950416568,Undeliverable,"!R3,1,7",Unknown Subscriber (code 1),Handset Errors,--,,,default,
SMS,,X,28/05/2026 12:12:20,28/05/2026 12:12:24,890191,573158084273,4799883402287950400319,Delivered,1654660208_Wakeup,No Error (code 0),No Errors,--,,,default,
SMS,,X,28/05/2026 12:11:53,28/05/2026 12:11:55,890809,573213113332,4799883131577952313261,Delivered,ACT. Alta velocidad Aldem en (SUL490) => SUL490 - Velocidad: 82 Km/h - Fecha: May 28 2026 12:05PM,No Error (code 0),No Errors,--,,,default,
SMS,,X,28/05/2026 12:11:28,28/05/2026 12:11:35,890191,573156366413,4799882888117951937459,Delivered,38458092_Wakeup,No Error (code 0),No Errors,--,,,default,
SMS,,X,28/05/2026 12:09:12,28/05/2026 12:09:16,TSO,579101186252,4799881525367950466709,Undeliverable,"!R3,1,7",Unknown Subscriber (code 1),Handset Errors,--,,,default,
SMS,,X,28/05/2026 12:08:52,28/05/2026 12:09:38,890191,579101186252,4799881320067950925271,Delivered,"!R3,1,7",No Error (code 0),No Errors,--,,,default,
SMS,,X,28/05/2026 12:06:31,28/05/2026 12:07:02,76555,51997538749,4799879913167951414801,Delivered,"!RP,257,1,2222",No Error (code 0),No Errors,--,,,default,
SMS,,X,28/05/2026 12:06:30,28/05/2026 12:06:56,76555,51987105326,4799879907277951055496,Delivered,"!RP,257,1,2222",No Error (code 0),No Errors,--,,,default,
SMS,,X,28/05/2026 12:06:30,28/05/2026 12:06:55,76555,51987862116,4799879902457951414602,Delivered,"!RP,257,1,2222",No Error (code 0),No Errors,--,,,default,
SMS,,X,28/05/2026 12:06:29,28/05/2026 12:06:52,76555,51987861495,4799879897597950428975,Delivered,"!RP,257,1,2222",No Error (code 0),No Errors,--,,,default,
SMS,,X,28/05/2026 12:06:29,28/05/2026 12:06:56,76555,51982908448,4799879891847950994123,Delivered,"!RP,257,1,2222",No Error (code 0),No Errors,--,,,default,
SMS,,X,28/05/2026 12:06:28,28/05/2026 12:06:58,76555,51961851749,4799879886627950428753,Delivered,"!RP,257,1,2222",No Error (code 0),No Errors,--,,,default,
SMS,,X,28/05/2026 12:06:28,28/05/2026 12:06:56,76555,51987844693,4799879881577951054929,Delivered,"!RP,257,1,2222",No Error (code 0),No Errors,--,,,default,
SMS,,X,28/05/2026 12:06:27,28/05/2026 12:07:11,76555,51961763573,4799879875867951413965,Delivered,"!RP,257,1,2222",No Error (code 0),No Errors,--,,,default,
SMS,,X,28/05/2026 12:06:26,28/05/2026 12:06:56,76555,51997501638,4799879869927951054691,Delivered,"!RP,257,1,2222",No Error (code 0),No Errors,--,,,default,
SMS,,X,28/05/2026 12:06:26,28/05/2026 12:06:51,76555,51982916535,4799879864937950428115,Delivered,"!RP,257,1,2222",No Error (code 0),No Errors,--,,,default,
SMS,,X,28/05/2026 12:06:25,28/05/2026 12:07:10,76555,51969773925,4799879859887951413618,Delivered,"!RP,257,1,2222",No Error (code 0),No Errors,--,,,default,
SMS,,X,28/05/2026 12:06:25,28/05/2026 12:06:50,76555,51982917864,4799879854187950993331,Delivered,"!RP,257,1,2222",No Error (code 0),No Errors,--,,,default,
SMS,,X,28/05/2026 12:06:24,28/05/2026 12:06:52,76555,51982906102,4799879849337951413443,Delivered,"!RP,257,1,2222",No Error (code 0),No Errors,--,,,default,
SMS,,X,28/05/2026 12:06:24,28/05/2026 12:06:52,76555,51961444436,4799879844447950427590,Delivered,"!RP,257,1,2222",No Error (code 0),No Errors,--,,,default,
SMS,,X,28/05/2026 12:06:23,28/05/2026 12:06:52,76555,51982015608,4799879839617951973767,Delivered,"!RP,257,1,2222",No Error (code 0),No Errors,--,,,default,
SMS,,X,28/05/2026 12:06:23,28/05/2026 12:06:48,76555,51994343125,4799879833677950427314,Delivered,"!RP,257,1,2222",No Error (code 0),No Errors,--,,,default,
SMS,,X,28/05/2026 12:06:22,28/05/2026 12:06:51,76555,51958984392,4799879828877951053740,Delivered,"!RP,257,1,2222",No Error (code 0),No Errors,--,,,default,
SMS,,X,28/05/2026 12:06:22,28/05/2026 12:06:26,76555,51993429278,4799879823957952348399,Delivered,"!RP,257,1,2222",No Error (code 0),No Errors,--,,,default,
SMS,,X,28/05/2026 12:06:21,28/05/2026 12:06:48,76555,51987865324,4799879819117950992644,Delivered,"!RP,257,1,2222",No Error (code 0),No Errors,--,,,default,
SMS,,X,28/05/2026 12:06:21,28/05/2026 12:06:51,76555,51982908578,4799879811127951412478,Delivered,"!RP,257,1,2222",No Error (code 0),No Errors,--,,,default,
SMS,,X,28/05/2026 12:06:20,28/05/2026 12:06:44,76555,51986154879,4799879806177951053197,Delivered,"!RP,257,1,2222",No Error (code 0),No Errors,--,,,default,
SMS,,X,28/05/2026 12:06:20,28/05/2026 12:06:42,76555,51993428410,4799879800257951412207,Delivered,"!RP,257,1,2222",No Error (code 0),No Errors,--,,,default,
SMS,,X,28/05/2026 12:06:19,28/05/2026 12:06:43,76555,51993426614,4799879795277950992068,Delivered,"!RP,257,1,2222",No Error (code 0),No Errors,--,,,default,
SMS,,X,28/05/2026 12:06:19,28/05/2026 12:06:46,76555,51987660823,4799879790097950991954,Delivered,"!RP,257,1,2222",No Error (code 0),No Errors,--,,,default,
SMS,,X,28/05/2026 12:06:18,28/05/2026 12:06:44,76555,51983363227,4799879785067951052743,Delivered,"!RP,257,1,2222",No Error (code 0),No Errors,--,,,default,
SMS,,X,28/05/2026 12:06:17,28/05/2026 12:06:43,76555,51983368003,4799879779857951052592,Delivered,"!RP,257,1,2222",No Error (code 0),No Errors,--,,,default,
SMS,,X,28/05/2026 12:06:17,28/05/2026 12:06:41,76555,51982916737,4799879773897951972181,Delivered,"!RP,257,1,2222",No Error (code 0),No Errors,--,,,default,
SMS,,X,28/05/2026 12:06:16,28/05/2026 12:06:40,76555,51997373161,4799879768497951411500,Delivered,"!RP,257,1,2222",No Error (code 0),No Errors,--,,,default,
SMS,,X,28/05/2026 12:06:16,28/05/2026 12:06:16,TSO,5199999999,4799879763187951411305,Rejected,"!RP,257,1,2222",Invalid destination address (code 351),User Errors,--,,,default,
SMS,,X,28/05/2026 12:06:15,28/05/2026 12:06:43,76555,51993197837,4799879757177950991134,Delivered,"!RP,257,1,2222",No Error (code 0),No Errors,--,,,default,
SMS,,X,28/05/2026 12:06:15,28/05/2026 12:06:49,76555,51993427582,4799879750817951971606,Delivered,"!RP,257,1,2222",No Error (code 0),No Errors,--,,,default,
SMS,,X,28/05/2026 12:06:14,28/05/2026 12:06:44,76555,51982908928,4799879745847951971444,Delivered,"!RP,257,1,2222",No Error (code 0),No Errors,--,,,default,
SMS,,X,28/05/2026 12:05:06,28/05/2026 12:38:12,890191,579102356172,4799879060777951486522,Delivered,729017474_Wakeup,No Error (code 0),No Errors,--,,,default,
SMS,,X,28/05/2026 12:04:33,28/05/2026 12:04:37,890809,573155158248,4799878739817951020884,Delivered,ACT. APAGADO  on (HBZN580NKLAH21750) => HBZN580NKLAH21750 - Speed: 0 Km/h - Time: May 28 2026 12:03PM,No Error (code 0),No Errors,--,,,default,
SMS,,X,28/05/2026 12:04:25,28/05/2026 12:04:25,GPT,19103954927,4799878655117951017793,Rejected,1779987864 Wakeup cloud info bubble LS,No Error (code 0),No Errors,--,,,default,
SMS,,X,28/05/2026 12:04:25,28/05/2026 12:04:25,GPT,19103954927,4799878653887950491715,Rejected,1779987864 Wakeup cloud info bubble LS,No Error (code 0),No Errors,--,,,default,
SMS,,X,28/05/2026 12:01:38,28/05/2026 12:38:09,890191,579104060657,4799876979687952374036,Delivered,1246362804_Wakeup,No Error (code 0),No Errors,--,,,default,
SMS,,X,28/05/2026 11:58:32,28/05/2026 11:58:37,890191,579103535597,4799875123807951973618,Delivered,1554109246_Wakeup,No Error (code 0),No Errors,--,,,default,
SMS,,X,28/05/2026 11:57:01,28/05/2026 11:57:06,890191,579103535614,4799874214987951498827,Delivered,304057495_Wakeup,No Error (code 0),No Errors,--,,,default,
SMS,,X,28/05/2026 11:54:49,28/05/2026 11:55:07,890191,579103535597,4799872893907952318504,Delivered,689834387_Wakeup,No Error (code 0),No Errors,--,,,default,
SMS,,X,28/05/2026 11:54:41,28/05/2026 11:54:41,GPT,19103954920,4799872811257951020787,Rejected,1779987279 Wakeup cloud info bubble LS,No Error (code 0),No Errors,--,,,default,
SMS,,X,28/05/2026 11:54:39,28/05/2026 11:54:39,GPT,19103954920,4799872798587950495841,Rejected,1779987278 Wakeup cloud info bubble LS,No Error (code 0),No Errors,--,,,default,
SMS,,X,28/05/2026 11:54:27,28/05/2026 11:54:30,890191,579104060657,4799872675287950494069,Delivered,498497734_Wakeup,No Error (code 0),No Errors,--,,,default,
SMS,,X,28/05/2026 11:53:49,28/05/2026 11:53:49,GPT,19103954920,4799872298607951013192,Rejected,1779987228 Wakeup cloud info bubble LS,No Error (code 0),No Errors,--,,,default,
SMS,,X,28/05/2026 11:53:49,28/05/2026 11:53:49,GPT,19103954920,4799872297557951013175,Rejected,1779987228 Wakeup cloud info bubble LS,No Error (code 0),No Errors,--,,,default,
SMS,,X,28/05/2026 11:49:49,28/05/2026 11:49:49,GPT,19102356150,4799869899467951433465,Rejected,1779986988 Wakeup cloud info bubble LS,No Error (code 0),No Errors,--,,,default,
SMS,,X,28/05/2026 11:49:49,28/05/2026 11:49:49,GPT,19102356150,4799869896517950913857,Rejected,1779986988 Wakeup cloud info bubble LS,No Error (code 0),No Errors,--,,,default,
SMS,,X,28/05/2026 11:46:32,28/05/2026 11:46:38,890809,573145973800,4799867925357951970196,Delivered,ACT. Ignicion Encendida en (GDY845) => GDY845 - Velocidad: 0 Km/h - Fecha: May 28 2026 11:45AM,No Error (code 0),No Errors,--,,,default,
SMS,,X,28/05/2026 11:46:31,28/05/2026 11:46:37,890809,573016064880,4799867919387950987718,Delivered,ACT. Ignicion Encendida en (GDY845) => GDY845 - Velocidad: 0 Km/h - Fecha: May 28 2026 11:45AM,No Error (code 0),No Errors,--,,,default,
SMS,,X,28/05/2026 11:46:03,28/05/2026 11:46:03,GPT,1579102728989,4799867639697950421341,Rejected,1779986757 Wakeup cloud info bubble LS,No Error (code 0),No Errors,--,,,default,
SMS,,X,28/05/2026 11:45:59,28/05/2026 11:45:59,GPT,1579102728989,4799867599007951402981,Rejected,1779986758 Wakeup cloud info bubble LS,No Error (code 0),No Errors,--,,,default,
SMS,,X,28/05/2026 11:45:59,28/05/2026 11:45:59,GPT,1579102728989,4799867594167951047640,Rejected,1779986756 Wakeup cloud info bubble LS,No Error (code 0),No Errors,--,,,default,
SMS,,X,28/05/2026 11:45:59,28/05/2026 11:45:59,GPT,1579102728989,4799867592907950983563,Rejected,1779986758 Wakeup cloud info bubble LS,No Error (code 0),No Errors,--,,,default,
SMS,,X,28/05/2026 11:45:59,28/05/2026 11:45:59,GPT,1579102728989,4799867589997951965377,Rejected,1779986758 Wakeup cloud info bubble LS,No Error (code 0),No Errors,--,,,default,
SMS,,X,28/05/2026 11:45:58,28/05/2026 11:45:58,GPT,1579102728989,4799867589127951047559,Rejected,1779986757 Wakeup cloud info bubble LS,No Error (code 0),No Errors,--,,,default,
SMS,,X,28/05/2026 11:45:58,28/05/2026 11:45:58,GPT,1579102728989,4799867583707950983436,Rejected,1779986757 Wakeup cloud info bubble LS,No Error (code 0),No Errors,--,,,default,
SMS,,X,28/05/2026 11:45:58,28/05/2026 11:45:58,GPT,1579102728989,4799867582577951047484,Rejected,1779986757 Wakeup cloud info bubble LS,No Error (code 0),No Errors,--,,,default,
SMS,,X,28/05/2026 11:45:57,28/05/2026 11:45:57,GPT,1579102728989,4799867579197950983375,Rejected,1779986756 Wakeup cloud info bubble LS,No Error (code 0),No Errors,--,,,default,
SMS,,X,28/05/2026 11:45:57,28/05/2026 11:45:57,GPT,1579102728989,4799867577697951402685,Rejected,1779986755 Wakeup cloud info bubble LS,No Error (code 0),No Errors,--,,,default,
SMS,,X,28/05/2026 11:45:57,28/05/2026 11:45:57,GPT,1579102728989,4799867576817951402667,Rejected,1779986756 Wakeup cloud info bubble LS,No Error (code 0),No Errors,--,,,default,
SMS,,X,28/05/2026 11:45:57,28/05/2026 11:45:57,GPT,1579102728989,4799867576507951402660,Rejected,1779986756 Wakeup cloud info bubble LS,No Error (code 0),No Errors,--,,,default,
SMS,,X,28/05/2026 11:45:57,28/05/2026 11:45:57,GPT,1579102728989,4799867571227951965116,Rejected,1779986755 Wakeup cloud info bubble LS,No Error (code 0),No Errors,--,,,default,
SMS,,X,28/05/2026 11:45:57,28/05/2026 11:45:57,GPT,1579102728989,4799867571117951402588,Rejected,1779986755 Wakeup cloud info bubble LS,No Error (code 0),No Errors,--,,,default,
SMS,,X,28/05/2026 11:45:56,28/05/2026 11:45:56,GPT,1579102728989,4799867567787950983227,Rejected,1779986755 Wakeup cloud info bubble LS,No Error (code 0),No Errors,--,,,default,
SMS,,X,28/05/2026 11:45:56,28/05/2026 11:45:56,GPT,1579102728989,4799867566087951402519,Rejected,1779986755 Wakeup cloud info bubble LS,No Error (code 0),No Errors,--,,,default,
SMS,,X,28/05/2026 11:45:56,28/05/2026 11:45:56,GPT,1579102728989,4799867564947951965022,Rejected,1779986755 Wakeup cloud info bubble LS,No Error (code 0),No Errors,--,,,default,
SMS,,X,28/05/2026 11:45:56,28/05/2026 11:45:56,GPT,1579102728989,4799867563617950983171,Rejected,1779986755 Wakeup cloud info bubble LS,No Error (code 0),No Errors,--,,,default,
SMS,,X,28/05/2026 11:44:33,28/05/2026 11:44:33,GPT,19102356146,4799866738487951488539,Rejected,1779986672 Wakeup cloud info bubble LS,No Error (code 0),No Errors,--,,,default,
SMS,,X,28/05/2026 11:44:33,28/05/2026 11:44:33,GPT,19102356146,4799866732277951488471,Rejected,1779986671 Wakeup cloud info bubble LS,No Error (code 0),No Errors,--,,,default,
SMS,,X,28/05/2026 11:41:31,28/05/2026 11:41:36,890809,573182066185,4799864912387951463200,Delivered,ACT. Ignicion Apagada on (WB146-5) => WB146-5 - Speed: 0 Km/h - Time: May 28 2026 11:40AM,No Error (code 0),No Errors,--,,,default,
SMS,,X,28/05/2026 11:40:03,28/05/2026 11:40:03,GPT,19103825011,4799864032507951452097,Rejected,1779986402 Wakeup cloud info bubble LS,No Error (code 0),No Errors,--,,,default,
SMS,,X,28/05/2026 11:38:51,28/05/2026 11:39:02,890191,579103824989,4799863310607951904626,Delivered,2002615844_Wakeup,No Error (code 0),No Errors,--,,,default,
SMS,,X,28/05/2026 11:35:55,28/05/2026 11:35:55,GPT,19103825011,4799861555587950437308,Rejected,1779986154 Wakeup cloud info bubble LS,No Error (code 0),No Errors,--,,,default,
SMS,,X,28/05/2026 11:34:46,28/05/2026 11:34:46,GPT,19103954927,4799860863407952348766,Rejected,1779986085 Wakeup cloud info bubble LS,No Error (code 0),No Errors,--,,,default,
SMS,,X,28/05/2026 11:34:45,28/05/2026 11:34:45,GPT,19103954927,4799860858657952348694,Rejected,1779986084 Wakeup cloud info bubble LS,No Error (code 0),No Errors,--,,,default,
SMS,,X,28/05/2026 11:34:27,28/05/2026 11:34:34,890191,579104060657,4799860674057952346547,Delivered,1495428718_Wakeup,No Error (code 0),No Errors,--,,,default,
SMS,,X,28/05/2026 11:34:10,28/05/2026 11:34:18,890809,573145973800,4799860503927951968609,Delivered,ACT. Ignicion Encendida en (GDY845) => GDY845 - Velocidad: 0 Km/h - Fecha: May 28 2026 11:33AM,No Error (code 0),No Errors,--,,,default,
SMS,,X,28/05/2026 11:34:09,28/05/2026 11:34:23,890809,573016064880,4799860498167951968529,Delivered,ACT. Ignicion Encendida en (GDY845) => GDY845 - Velocidad: 0 Km/h - Fecha: May 28 2026 11:33AM,No Error (code 0),No Errors,--,,,default,
SMS,,X,28/05/2026 11:34:09,28/05/2026 11:35:10,890809,573182066185,4799860493137950987046,Delivered,ACT. Ignicion Encendida on (WB146-5) => WB146-5 - Speed: 0 Km/h - Time: May 28 2026 11:33AM,No Error (code 0),No Errors,--,,,default,
SMS,,X,28/05/2026 11:33:28,28/05/2026 11:33:28,TSO,579101169573,4799860086697952339130,Undeliverable,"!R3,1,7",Unknown Subscriber (code 1),Handset Errors,--,,,default,
SMS,,X,28/05/2026 11:32:07,28/05/2026 11:32:12,890809,573182066185,4799859279877950409927,Delivered,ACT. Ignicion Apagada on (WB146-5) => WB146-5 - Speed: 0 Km/h - Time: May 28 2026 11:31AM,No Error (code 0),No Errors,--,,,default,
SMS,,X,28/05/2026 11:31:57,28/05/2026 11:32:05,890191,579104060657,4799859173957952328031,Delivered,289237282_Wakeup,No Error (code 0),No Errors,--,,,default,
SMS,,X,28/05/2026 11:30:16,28/05/2026 11:30:16,GPT,19103350606,4799858168567950954932,Rejected,1779985815 Wakeup cloud info bubble LS,No Error (code 0),No Errors,--,,,default,
SMS,,X,28/05/2026 11:29:28,28/05/2026 11:29:28,GPT,19103350600,4799857687977950947876,Rejected,1779985767 Wakeup cloud info bubble LS,No Error (code 0),No Errors,--,,,default,
SMS,,X,28/05/2026 11:29:28,28/05/2026 11:29:28,GPT,19103350600,4799857685417951466705,Rejected,1779985767 Wakeup cloud info bubble LS,No Error (code 0),No Errors,--,,,default,