,Message,Message Type,Protocole,IMEI,Serial,Mileage,Date,Ignition,Latitude,Longitude,Altitude,External Power,RPM,Speed,Satellite Number,Azimuth,Bettery level
1257,"[{""Protocol"":""0x2525""","MessageType:""LocationAlarmMessage""",ProtocolHeadType:20,"Imei:""869487064468670""",SerialNo:143,Mileage:946293,"Date:""2026-03-03T04:05:25Z""",IopIgnition:true,Latitude:4.6294965744018555,Longitude:-74.111129760742188,Altitude:2585.39990234375,ExternalPowerVoltage:12.68,Rpm:-999,Speed:0.0,SatelliteNumber:16,Azimuth:37,OriginalAlarmCode:22}]
1258,"[{""Protocol"":""0x2525""","MessageType:""LocationInfoMessage""",ProtocolHeadType:19,"Imei:""869487064468670""",SerialNo:2482,Mileage:946293,"Date:""2026-03-03T04:06:25Z""",IopIgnition:true,Latitude:4.6294965744018555,Longitude:-74.111129760742188,Altitude:2585.39990234375,ExternalPowerVoltage:12.56,Rpm:-999,Speed:0.0,SatelliteNumber:16,Azimuth:37,BatteryLevel:82}]
1259,"[{""Protocol"":""0x2525""","MessageType:""LocationInfoMessage""",ProtocolHeadType:19,"Imei:""869487064468670""",SerialNo:2483,Mileage:946293,"Date:""2026-03-03T04:07:25Z""",IopIgnition:true,Latitude:4.6294965744018555,Longitude:-74.111129760742188,Altitude:2585.39990234375,ExternalPowerVoltage:12.62,Rpm:-999,Speed:0.0,SatelliteNumber:14,Azimuth:37,BatteryLevel:83}]
1260,"[{""Protocol"":""0x2525""","MessageType:""LocationInfoMessage""",ProtocolHeadType:19,"Imei:""869487064468670""",SerialNo:2484,Mileage:946293,"Date:""2026-03-03T04:08:26Z""",IopIgnition:true,Latitude:4.6294965744018555,Longitude:-74.111129760742188,Altitude:2585.39990234375,ExternalPowerVoltage:12.56,Rpm:-999,Speed:0.0,SatelliteNumber:15,Azimuth:37,BatteryLevel:82}]
1261,"[{""Protocol"":""0x2525""","MessageType:""LocationInfoMessage""",ProtocolHeadType:19,"Imei:""869487064468670""",SerialNo:2485,Mileage:946293,"Date:""2026-03-03T04:09:26Z""",IopIgnition:true,Latitude:4.6294965744018555,Longitude:-74.111129760742188,Altitude:2585.39990234375,ExternalPowerVoltage:12.59,Rpm:-999,Speed:0.0,SatelliteNumber:15,Azimuth:37,BatteryLevel:83}]
1262,"[{""Protocol"":""0x2525""","MessageType:""LocationInfoMessage""",ProtocolHeadType:19,"Imei:""869487064468670""",SerialNo:2486,Mileage:946293,"Date:""2026-03-03T04:10:26Z""",IopIgnition:true,Latitude:4.6294965744018555,Longitude:-74.111129760742188,Altitude:2585.39990234375,ExternalPowerVoltage:12.6,Rpm:-999,Speed:0.0,SatelliteNumber:14,Azimuth:37,BatteryLevel:82}]
1263,"[{""Protocol"":""0x2525""","MessageType:""LocationInfoMessage""",ProtocolHeadType:19,"Imei:""869487064468670""",SerialNo:2487,Mileage:946293,"Date:""2026-03-03T04:11:26Z""",IopIgnition:true,Latitude:4.6294965744018555,Longitude:-74.111129760742188,Altitude:2585.39990234375,ExternalPowerVoltage:12.62,Rpm:-999,Speed:0.0,SatelliteNumber:15,Azimuth:37,BatteryLevel:83}]
1264,"[{""Protocol"":""0x2525""","MessageType:""LocationInfoMessage""",ProtocolHeadType:19,"Imei:""869487064468670""",SerialNo:2488,Mileage:946293,"Date:""2026-03-03T04:12:26Z""",IopIgnition:true,Latitude:4.6294965744018555,Longitude:-74.111129760742188,Altitude:2585.39990234375,ExternalPowerVoltage:12.6,Rpm:-999,Speed:0.0,SatelliteNumber:16,Azimuth:37,BatteryLevel:83}]
1265,"[{""Protocol"":""0x2525""","MessageType:""LocationInfoMessage""",ProtocolHeadType:19,"Imei:""869487064468670""",SerialNo:2489,Mileage:946293,"Date:""2026-03-03T04:13:26Z""",IopIgnition:true,Latitude:4.6294965744018555,Longitude:-74.111129760742188,Altitude:2585.39990234375,ExternalPowerVoltage:12.59,Rpm:-999,Speed:0.0,SatelliteNumber:15,Azimuth:37,BatteryLevel:83}]
1266,"[{""Protocol"":""0x2525""","MessageType:""LocationInfoMessage""",ProtocolHeadType:19,"Imei:""869487064468670""",SerialNo:2490,Mileage:946293,"Date:""2026-03-03T04:14:25Z""",IopIgnition:true,Latitude:4.6294965744018555,Longitude:-74.111129760742188,Altitude:2585.39990234375,ExternalPowerVoltage:12.59,Rpm:-999,Speed:0.0,SatelliteNumber:15,Azimuth:37,BatteryLevel:83}]
1267,"[{""Protocol"":""0x2525""","MessageType:""LocationInfoMessage""",ProtocolHeadType:19,"Imei:""869487064468670""",SerialNo:2491,Mileage:946293,"Date:""2026-03-03T04:15:25Z""",IopIgnition:true,Latitude:4.6294965744018555,Longitude:-74.111129760742188,Altitude:2585.39990234375,ExternalPowerVoltage:12.59,Rpm:-999,Speed:0.0,SatelliteNumber:14,Azimuth:37,BatteryLevel:82}]
1268,"[{""Protocol"":""0x2525""","MessageType:""LocationInfoMessage""",ProtocolHeadType:19,"Imei:""869487064468670""",SerialNo:2492,Mileage:946293,"Date:""2026-03-03T04:16:26Z""",IopIgnition:true,Latitude:4.6294965744018555,Longitude:-74.111129760742188,Altitude:2585.39990234375,ExternalPowerVoltage:12.59,Rpm:-999,Speed:0.0,SatelliteNumber:14,Azimuth:37,BatteryLevel:83}]
1269,"[{""Protocol"":""0x2525""","MessageType:""LocationInfoMessage""",ProtocolHeadType:19,"Imei:""869487064468670""",SerialNo:2493,Mileage:946293,"Date:""2026-03-03T04:17:26Z""",IopIgnition:true,Latitude:4.6294965744018555,Longitude:-74.111129760742188,Altitude:2585.39990234375,ExternalPowerVoltage:12.59,Rpm:-999,Speed:0.0,SatelliteNumber:15,Azimuth:37,BatteryLevel:83}]
1270,"[{""Protocol"":""0x2525""","MessageType:""LocationInfoMessage""",ProtocolHeadType:19,"Imei:""869487064468670""",SerialNo:2494,Mileage:946293,"Date:""2026-03-03T04:18:26Z""",IopIgnition:true,Latitude:4.6294965744018555,Longitude:-74.111129760742188,Altitude:2585.39990234375,ExternalPowerVoltage:12.59,Rpm:-999,Speed:0.0,SatelliteNumber:13,Azimuth:37,BatteryLevel:83}]
1271,"[{""Protocol"":""0x2525""","MessageType:""LocationInfoMessage""",ProtocolHeadType:19,"Imei:""869487064468670""",SerialNo:2495,Mileage:946293,"Date:""2026-03-03T04:19:26Z""",IopIgnition:true,Latitude:4.6294965744018555,Longitude:-74.111129760742188,Altitude:2585.39990234375,ExternalPowerVoltage:12.59,Rpm:-999,Speed:0.0,SatelliteNumber:14,Azimuth:37,BatteryLevel:83}]
1272,"[{""Protocol"":""0x2525""","MessageType:""LocationInfoMessage""",ProtocolHeadType:19,"Imei:""869487064468670""",SerialNo:2496,Mileage:946293,"Date:""2026-03-03T04:20:26Z""",IopIgnition:true,Latitude:4.6294965744018555,Longitude:-74.111129760742188,Altitude:2585.39990234375,ExternalPowerVoltage:12.58,Rpm:-999,Speed:0.0,SatelliteNumber:15,Azimuth:37,BatteryLevel:83}]
1273,"[{""Protocol"":""0x2525""","MessageType:""LocationInfoMessage""",ProtocolHeadType:19,"Imei:""869487064468670""",SerialNo:2497,Mileage:946293,"Date:""2026-03-03T04:21:25Z""",IopIgnition:true,Latitude:4.6294965744018555,Longitude:-74.111129760742188,Altitude:2585.39990234375,ExternalPowerVoltage:12.57,Rpm:-999,Speed:0.0,SatelliteNumber:15,Azimuth:37,BatteryLevel:83}]
1274,"[{""Protocol"":""0x2525""","MessageType:""LocationInfoMessage""",ProtocolHeadType:19,"Imei:""869487064468670""",SerialNo:2498,Mileage:946293,"Date:""2026-03-03T04:22:26Z""",IopIgnition:true,Latitude:4.6294965744018555,Longitude:-74.111129760742188,Altitude:2585.39990234375,ExternalPowerVoltage:12.57,Rpm:-999,Speed:0.0,SatelliteNumber:14,Azimuth:37,BatteryLevel:82}]
1275,"[{""Protocol"":""0x2525""","MessageType:""LocationInfoMessage""",ProtocolHeadType:19,"Imei:""869487064468670""",SerialNo:2499,Mileage:946293,"Date:""2026-03-03T04:23:26Z""",IopIgnition:true,Latitude:4.6294965744018555,Longitude:-74.111129760742188,Altitude:2585.39990234375,ExternalPowerVoltage:12.39,Rpm:-999,Speed:0.0,SatelliteNumber:15,Azimuth:37,BatteryLevel:83}]
1276,"[{""Protocol"":""0x2525""","MessageType:""LocationInfoMessage""",ProtocolHeadType:19,"Imei:""869487064468670""",SerialNo:2500,Mileage:946293,"Date:""2026-03-03T04:24:26Z""",IopIgnition:true,Latitude:4.6294965744018555,Longitude:-74.111129760742188,Altitude:2585.39990234375,ExternalPowerVoltage:12.35,Rpm:-999,Speed:0.0,SatelliteNumber:15,Azimuth:37,BatteryLevel:83}]
1277,"[{""Protocol"":""0x2525""","MessageType:""LocationInfoMessage""",ProtocolHeadType:19,"Imei:""869487064468670""",SerialNo:2501,Mileage:946293,"Date:""2026-03-03T04:25:26Z""",IopIgnition:true,Latitude:4.6294965744018555,Longitude:-74.111129760742188,Altitude:2585.39990234375,ExternalPowerVoltage:12.38,Rpm:-999,Speed:0.0,SatelliteNumber:14,Azimuth:37,BatteryLevel:82}]
1278,"[{""Protocol"":""0x2525""","MessageType:""LocationInfoMessage""",ProtocolHeadType:19,"Imei:""869487064468670""",SerialNo:2502,Mileage:946293,"Date:""2026-03-03T04:26:26Z""",IopIgnition:true,Latitude:4.6294965744018555,Longitude:-74.111129760742188,Altitude:2585.39990234375,ExternalPowerVoltage:12.38,Rpm:-999,Speed:0.0,SatelliteNumber:15,Azimuth:37,BatteryLevel:82}]
1279,"[{""Protocol"":""0x2525""","MessageType:""LocationInfoMessage""",ProtocolHeadType:19,"Imei:""869487064468670""",SerialNo:2503,Mileage:946293,"Date:""2026-03-03T04:27:26Z""",IopIgnition:true,Latitude:4.6294965744018555,Longitude:-74.111129760742188,Altitude:2585.39990234375,ExternalPowerVoltage:12.37,Rpm:-999,Speed:0.0,SatelliteNumber:15,Azimuth:37,BatteryLevel:83}]
1280,"[{""Protocol"":""0x2525""","MessageType:""LocationInfoMessage""",ProtocolHeadType:19,"Imei:""869487064468670""",SerialNo:2504,Mileage:946293,"Date:""2026-03-03T04:28:25Z""",IopIgnition:true,Latitude:4.6294965744018555,Longitude:-74.111129760742188,Altitude:2585.39990234375,ExternalPowerVoltage:13.73,Rpm:-999,Speed:0.0,SatelliteNumber:15,Azimuth:37,BatteryLevel:82}]
1281,"[{""Protocol"":""0x2525""","MessageType:""LocationInfoMessage""",ProtocolHeadType:19,"Imei:""869487064468670""",SerialNo:2505,Mileage:946293,"Date:""2026-03-03T04:29:25Z""",IopIgnition:true,Latitude:4.6294965744018555,Longitude:-74.111129760742188,Altitude:2585.39990234375,ExternalPowerVoltage:13.73,Rpm:-999,Speed:0.0,SatelliteNumber:14,Azimuth:37,BatteryLevel:83}]
1282,"[{""Protocol"":""0x2525""","MessageType:""LocationInfoMessage""",ProtocolHeadType:19,"Imei:""869487064468670""",SerialNo:2506,Mileage:946307,"Date:""2026-03-03T04:30:26Z""",IopIgnition:true,Latitude:4.6295609474182129,Longitude:-74.111015319824219,Altitude:2583.300048828125,ExternalPowerVoltage:13.79,Rpm:-999,Speed:5.0,SatelliteNumber:13,Azimuth:41,BatteryLevel:83}]
1283,"[{""Protocol"":""0x2525""","MessageType:""LocationInfoMessage""",ProtocolHeadType:19,"Imei:""869487064468670""",SerialNo:2507,Mileage:946386,"Date:""2026-03-03T04:31:26Z""",IopIgnition:true,Latitude:4.6300663948059082,Longitude:-74.11053466796875,Altitude:2581.89990234375,ExternalPowerVoltage:13.83,Rpm:-999,Speed:0.0,SatelliteNumber:14,Azimuth:39,BatteryLevel:83}]
1284,"[{""Protocol"":""0x2525""","MessageType:""LocationInfoMessage""",ProtocolHeadType:19,"Imei:""869487064468670""",SerialNo:2508,Mileage:946401,"Date:""2026-03-03T04:31:35Z""",IopIgnition:true,Latitude:4.6301298141479492,Longitude:-74.11041259765625,Altitude:2583.60009765625,ExternalPowerVoltage:13.8,Rpm:-999,Speed:20.0,SatelliteNumber:16,Azimuth:88,BatteryLevel:83}]
1285,"[{""Protocol"":""0x2525""","MessageType:""LocationInfoMessage""",ProtocolHeadType:19,"Imei:""869487064468670""",SerialNo:2509,Mileage:946420,"Date:""2026-03-03T04:31:38Z""",IopIgnition:true,Latitude:4.6300468444824219,Longitude:-74.110260009765625,Altitude:2583.60009765625,ExternalPowerVoltage:13.81,Rpm:-999,Speed:26.0,SatelliteNumber:16,Azimuth:143,BatteryLevel:83}]
1286,"[{""Protocol"":""0x2525""","MessageType:""LocationInfoMessage""",ProtocolHeadType:19,"Imei:""869487064468670""",SerialNo:2510,Mileage:946726,"Date:""2026-03-03T04:32:04Z""",IopIgnition:true,Latitude:4.6279940605163574,Longitude:-74.108505249023438,Altitude:2584.60009765625,ExternalPowerVoltage:13.83,Rpm:-999,Speed:17.0,SatelliteNumber:16,Azimuth:217,BatteryLevel:83}]
1287,"[{""Protocol"":""0x2525""","MessageType:""LocationInfoMessage""",ProtocolHeadType:19,"Imei:""869487064468670""",SerialNo:2511,Mileage:946743,"Date:""2026-03-03T04:32:07Z""",IopIgnition:true,Latitude:4.6279468536376953,Longitude:-74.108650207519531,Altitude:2583.800048828125,ExternalPowerVoltage:13.85,Rpm:-999,Speed:26.0,SatelliteNumber:16,Azimuth:264,BatteryLevel:83}]
1288,"[{""Protocol"":""0x2525""","MessageType:""LocationInfoMessage""",ProtocolHeadType:19,"Imei:""869487064468670""",SerialNo:2512,Mileage:948407,"Date:""2026-03-03T04:33:26Z""",IopIgnition:true,Latitude:4.62935209274292,Longitude:-74.123565673828125,Altitude:2582.39990234375,ExternalPowerVoltage:13.9,Rpm:-999,Speed:59.0,SatelliteNumber:14,Azimuth:290,BatteryLevel:82}]
1289,"[{""Protocol"":""0x2525""","MessageType:""LocationInfoMessage""",ProtocolHeadType:19,"Imei:""869487064468670""",SerialNo:2513,Mileage:948950,"Date:""2026-03-03T04:34:07Z""",IopIgnition:true,Latitude:4.6299443244934082,Longitude:-74.128372192382813,Altitude:2577.39990234375,ExternalPowerVoltage:13.86,Rpm:-999,Speed:7.0,SatelliteNumber:15,Azimuth:345,BatteryLevel:83}]
1290,"[{""Protocol"":""0x2525""","MessageType:""LocationInfoMessage""",ProtocolHeadType:19,"Imei:""869487064468670""",SerialNo:2514,Mileage:949538,"Date:""2026-03-03T04:35:26Z""",IopIgnition:true,Latitude:4.6348304748535156,Longitude:-74.126373291015625,Altitude:2580.10009765625,ExternalPowerVoltage:13.94,Rpm:-999,Speed:27.0,SatelliteNumber:16,Azimuth:21,BatteryLevel:83}]
1291,"[{""Protocol"":""0x2525""","MessageType:""LocationInfoMessage""",ProtocolHeadType:19,"Imei:""869487064468670""",SerialNo:2515,Mileage:949555,"Date:""2026-03-03T04:35:29Z""",IopIgnition:true,Latitude:4.6349735260009766,Longitude:-74.126380920410156,Altitude:2581.10009765625,ExternalPowerVoltage:13.92,Rpm:-999,Speed:17.0,SatelliteNumber:17,Azimuth:314,BatteryLevel:83}]
1292,"[{""Protocol"":""0x2525""","MessageType:""LocationInfoMessage""",ProtocolHeadType:19,"Imei:""869487064468670""",SerialNo:2516,Mileage:949915,"Date:""2026-03-03T04:36:28Z""",IopIgnition:true,Latitude:4.6367111206054688,Longitude:-74.129112243652344,Altitude:2576.5,ExternalPowerVoltage:13.92,Rpm:-999,Speed:12.0,SatelliteNumber:17,Azimuth:266,BatteryLevel:83}]
1293,"[{""Protocol"":""0x2525""","MessageType:""LocationInfoMessage""",ProtocolHeadType:19,"Imei:""869487064468670""",SerialNo:2517,Mileage:950110,"Date:""2026-03-03T04:37:12Z""",IopIgnition:true,Latitude:4.6355280876159668,Longitude:-74.130401611328125,Altitude:2579.89990234375,ExternalPowerVoltage:13.86,Rpm:-999,Speed:5.0,SatelliteNumber:17,Azimuth:216,BatteryLevel:83}]
1294,"[{""Protocol"":""0x2525""","MessageType:""LocationInfoMessage""",ProtocolHeadType:19,"Imei:""869487064468670""",SerialNo:2518,Mileage:950127,"Date:""2026-03-03T04:37:21Z""",IopIgnition:true,Latitude:4.6354069709777832,Longitude:-74.130439758300781,Altitude:2580.39990234375,ExternalPowerVoltage:13.88,Rpm:-999,Speed:7.0,SatelliteNumber:16,Azimuth:144,BatteryLevel:82}]
1295,"[{""Protocol"":""0x2525""","MessageType:""LocationInfoMessage""",ProtocolHeadType:19,"Imei:""869487064468670""",SerialNo:2519,Mileage:950206,"Date:""2026-03-03T04:37:57Z""",IopIgnition:true,Latitude:4.6350059509277344,Longitude:-74.129890441894531,Altitude:2581.5,ExternalPowerVoltage:13.88,Rpm:-999,Speed:9.0,SatelliteNumber:17,Azimuth:19,BatteryLevel:82}]
1296,"[{""Protocol"":""0x2525""","MessageType:""LocationInfoMessage""",ProtocolHeadType:19,"Imei:""869487064468670""",SerialNo:2520,Mileage:950215,"Date:""2026-03-03T04:38:05Z""",IopIgnition:true,Latitude:4.6350269317626953,Longitude:-74.129966735839844,Altitude:2581.5,ExternalPowerVoltage:13.84,Rpm:-999,Speed:18.0,SatelliteNumber:16,Azimuth:300,BatteryLevel:82}]
1297,"[{""Protocol"":""0x2525""","MessageType:""LocationInfoMessage""",ProtocolHeadType:19,"Imei:""869487064468670""",SerialNo:2521,Mileage:950286,"Date:""2026-03-03T04:38:15Z""",IopIgnition:true,Latitude:4.6354036331176758,Longitude:-74.1304702758789,Altitude:2579.0,ExternalPowerVoltage:13.82,Rpm:-999,Speed:17.0,SatelliteNumber:16,Azimuth:251,BatteryLevel:82}]
1298,"[{""Protocol"":""0x2525""","MessageType:""LocationInfoMessage""",ProtocolHeadType:19,"Imei:""869487064468670""",SerialNo:2522,Mileage:950436,"Date:""2026-03-03T04:38:32Z""",IopIgnition:true,Latitude:4.634575366973877,Longitude:-74.131523132324219,Altitude:2575.60009765625,ExternalPowerVoltage:13.78,Rpm:-999,Speed:14.0,SatelliteNumber:17,Azimuth:183,BatteryLevel:82}]
1299,"[{""Protocol"":""0x2525""","MessageType:""LocationInfoMessage""",ProtocolHeadType:19,"Imei:""869487064468670""",SerialNo:2523,Mileage:950501,"Date:""2026-03-03T04:38:41Z""",IopIgnition:true,Latitude:4.6341094970703125,Longitude:-74.131179809570313,Altitude:2579.0,ExternalPowerVoltage:13.84,Rpm:-999,Speed:33.0,SatelliteNumber:17,Azimuth:137,BatteryLevel:82}]
1300,"[{""Protocol"":""0x2525""","MessageType:""LocationInfoMessage""",ProtocolHeadType:19,"Imei:""869487064468670""",SerialNo:2524,Mileage:950532,"Date:""2026-03-03T04:38:46Z""",IopIgnition:true,Latitude:4.6338844299316406,Longitude:-74.131027221679688,Altitude:2579.300048828125,ExternalPowerVoltage:13.87,Rpm:-999,Speed:16.0,SatelliteNumber:17,Azimuth:195,BatteryLevel:82}]
1301,"[{""Protocol"":""0x2525""","MessageType:""LocationInfoMessage""",ProtocolHeadType:19,"Imei:""869487064468670""",SerialNo:2525,Mileage:950943,"Date:""2026-03-03T04:39:43Z""",IopIgnition:true,Latitude:4.6303963661193848,Longitude:-74.131881713867188,Altitude:2580.699951171875,ExternalPowerVoltage:13.95,Rpm:-999,Speed:13.0,SatelliteNumber:16,Azimuth:251,BatteryLevel:82}]
1302,"[{""Protocol"":""0x2525""","MessageType:""LocationInfoMessage""",ProtocolHeadType:19,"Imei:""869487064468670""",SerialNo:2526,Mileage:951722,"Date:""2026-03-03T04:40:46Z""",IopIgnition:true,Latitude:4.6308484077453613,Longitude:-74.13885498046875,Altitude:2582.199951171875,ExternalPowerVoltage:13.95,Rpm:-999,Speed:29.0,SatelliteNumber:17,Azimuth:313,BatteryLevel:82}]
1303,"[{""Protocol"":""0x2525""","MessageType:""LocationInfoMessage""",ProtocolHeadType:19,"Imei:""869487064468670""",SerialNo:2527,Mileage:951748,"Date:""2026-03-03T04:40:49Z""",IopIgnition:true,Latitude:4.6310601234436035,Longitude:-74.138923645019531,Altitude:2581.199951171875,ExternalPowerVoltage:13.95,Rpm:-999,Speed:34.0,SatelliteNumber:17,Azimuth:6,BatteryLevel:82}]
1304,"[{""Protocol"":""0x2525""","MessageType:""LocationInfoMessage""",ProtocolHeadType:19,"Imei:""869487064468670""",SerialNo:2528,Mileage:951823,"Date:""2026-03-03T04:40:57Z""",IopIgnition:true,Latitude:4.6315298080444336,Longitude:-74.138465881347656,Altitude:2579.89990234375,ExternalPowerVoltage:13.99,Rpm:-999,Speed:26.0,SatelliteNumber:17,Azimuth:70,BatteryLevel:82}]
1305,"[{""Protocol"":""0x2525""","MessageType:""LocationInfoMessage""",ProtocolHeadType:19,"Imei:""869487064468670""",SerialNo:2529,Mileage:951858,"Date:""2026-03-03T04:41:03Z""",IopIgnition:true,Latitude:4.6315016746521,Longitude:-74.138153076171875,Altitude:2579.800048828125,ExternalPowerVoltage:13.96,Rpm:-999,Speed:22.0,SatelliteNumber:15,Azimuth:118,BatteryLevel:82}]
1306,"[{""Protocol"":""0x2525""","MessageType:""LocationInfoMessage""",ProtocolHeadType:19,"Imei:""869487064468670""",SerialNo:2530,Mileage:951895,"Date:""2026-03-03T04:41:08Z""",IopIgnition:true,Latitude:4.6312379837036133,Longitude:-74.137969970703125,Altitude:2578.699951171875,ExternalPowerVoltage:13.94,Rpm:-999,Speed:32.0,SatelliteNumber:16,Azimuth:168,BatteryLevel:82}]
1307,"[{""Protocol"":""0x2525""","MessageType:""LocationInfoMessage""",ProtocolHeadType:19,"Imei:""869487064468670""",SerialNo:2531,Mileage:952075,"Date:""2026-03-03T04:41:26Z""",IopIgnition:true,Latitude:4.6296601295471191,Longitude:-74.1382064819336,Altitude:2580.199951171875,ExternalPowerVoltage:13.97,Rpm:-999,Speed:31.0,SatelliteNumber:17,Azimuth:227,BatteryLevel:82}]
1308,"[{""Protocol"":""0x2525""","MessageType:""LocationInfoMessage""",ProtocolHeadType:19,"Imei:""869487064468670""",SerialNo:2532,Mileage:952116,"Date:""2026-03-03T04:41:30Z""",IopIgnition:true,Latitude:4.6295762062072754,Longitude:-74.1385498046875,Altitude:2580.699951171875,ExternalPowerVoltage:13.94,Rpm:-999,Speed:43.0,SatelliteNumber:17,Azimuth:287,BatteryLevel:82}]
1309,"[{""Protocol"":""0x2525""","MessageType:""LocationInfoMessage""",ProtocolHeadType:19,"Imei:""869487064468670""",SerialNo:2532,Mileage:952116,"Date:""2026-03-03T04:41:30Z""",IopIgnition:true,Latitude:4.6295762062072754,Longitude:-74.1385498046875,Altitude:2580.699951171875,ExternalPowerVoltage:13.94,Rpm:-999,Speed:43.0,SatelliteNumber:17,Azimuth:287,BatteryLevel:82}]
1310,"[{""Protocol"":""0x2525""","MessageType:""LocationInfoMessage""",ProtocolHeadType:19,"Imei:""869487064468670""",SerialNo:2533,Mileage:952200,"Date:""2026-03-03T04:41:36Z""",IopIgnition:true,Latitude:4.6301522254943848,Longitude:-74.138999938964844,Altitude:2581.199951171875,ExternalPowerVoltage:13.95,Rpm:-999,Speed:46.0,SatelliteNumber:17,Azimuth:333,BatteryLevel:82}]
1311,"[{""Protocol"":""0x2525""","MessageType:""LocationInfoMessage""",ProtocolHeadType:19,"Imei:""869487064468670""",SerialNo:2534,Mileage:952227,"Date:""2026-03-03T04:41:39Z""",IopIgnition:true,Latitude:4.6303873062133789,Longitude:-74.139022827148438,Altitude:2581.699951171875,ExternalPowerVoltage:13.96,Rpm:-999,Speed:18.0,SatelliteNumber:17,Azimuth:28,BatteryLevel:82}]
1312,"[{""Protocol"":""0x2525""","MessageType:""LocationInfoMessage""",ProtocolHeadType:19,"Imei:""869487064468670""",SerialNo:2535,Mileage:952240,"Date:""2026-03-03T04:41:42Z""",IopIgnition:true,Latitude:4.6304569244384766,Longitude:-74.138931274414063,Altitude:2581.800048828125,ExternalPowerVoltage:13.98,Rpm:-999,Speed:21.0,SatelliteNumber:17,Azimuth:75,BatteryLevel:82}]
1313,"[{""Protocol"":""0x2525""","MessageType:""LocationInfoMessage""",ProtocolHeadType:19,"Imei:""869487064468670""",SerialNo:2536,Mileage:953190,"Date:""2026-03-03T04:42:46Z""",IopIgnition:true,Latitude:4.6293954849243164,Longitude:-74.130447387695313,Altitude:2583.39990234375,ExternalPowerVoltage:13.94,Rpm:-999,Speed:7.0,SatelliteNumber:17,Azimuth:124,BatteryLevel:82}]
1314,"[{""Protocol"":""0x2525""","MessageType:""LocationInfoMessage""",ProtocolHeadType:19,"Imei:""869487064468670""",SerialNo:2537,Mileage:953219,"Date:""2026-03-03T04:42:57Z""",IopIgnition:true,Latitude:4.629145622253418,Longitude:-74.130401611328125,Altitude:2583.39990234375,ExternalPowerVoltage:13.95,Rpm:-999,Speed:22.0,SatelliteNumber:16,Azimuth:184,BatteryLevel:82}]
1315,"[{""Protocol"":""0x2525""","MessageType:""LocationInfoMessage""",ProtocolHeadType:19,"Imei:""869487064468670""",SerialNo:2538,Mileage:953510,"Date:""2026-03-03T04:43:37Z""",IopIgnition:true,Latitude:4.6265664100646973,Longitude:-74.1306381225586,Altitude:2582.199951171875,ExternalPowerVoltage:13.97,Rpm:-999,Speed:17.0,SatelliteNumber:17,Azimuth:115,BatteryLevel:82}]
1316,"[{""Protocol"":""0x2525""","MessageType:""LocationInfoMessage""",ProtocolHeadType:19,"Imei:""869487064468670""",SerialNo:2539,Mileage:953568,"Date:""2026-03-03T04:44:09Z""",IopIgnition:true,Latitude:4.6264791488647461,Longitude:-74.130134582519531,Altitude:2586.0,ExternalPowerVoltage:13.81,Rpm:-999,Speed:5.0,SatelliteNumber:16,Azimuth:35,BatteryLevel:82}]
1317,"[{""Protocol"":""0x2525""","MessageType:""LocationInfoMessage""",ProtocolHeadType:19,"Imei:""869487064468670""",SerialNo:2540,Mileage:953577,"Date:""2026-03-03T04:44:22Z""",IopIgnition:true,Latitude:4.6264986991882324,Longitude:-74.130210876464844,Altitude:2585.60009765625,ExternalPowerVoltage:13.89,Rpm:-999,Speed:11.0,SatelliteNumber:17,Azimuth:291,BatteryLevel:82}]
1318,"[{""Protocol"":""0x2525""","MessageType:""LocationInfoMessage""",ProtocolHeadType:19,"Imei:""869487064468670""",SerialNo:2541,Mileage:953634,"Date:""2026-03-03T04:44:32Z""",IopIgnition:true,Latitude:4.6266775131225586,Longitude:-74.130653381347656,Altitude:2582.199951171875,ExternalPowerVoltage:13.84,Rpm:-999,Speed:19.0,SatelliteNumber:17,Azimuth:348,BatteryLevel:82}]
1319,"[{""Protocol"":""0x2525""","MessageType:""LocationInfoMessage""",ProtocolHeadType:19,"Imei:""869487064468670""",SerialNo:2542,Mileage:953685,"Date:""2026-03-03T04:44:43Z""",IopIgnition:true,Latitude:4.6271166801452637,Longitude:-74.130683898925781,Altitude:2580.800048828125,ExternalPowerVoltage:13.9,Rpm:-999,Speed:18.0,SatelliteNumber:17,Azimuth:296,BatteryLevel:82}]
1320,"[{""Protocol"":""0x2525""","MessageType:""LocationInfoMessage""",ProtocolHeadType:19,"Imei:""869487064468670""",SerialNo:2543,Mileage:954239,"Date:""2026-03-03T04:46:14Z""",IopIgnition:true,Latitude:4.6277313232421875,Longitude:-74.135581970214844,Altitude:2580.800048828125,ExternalPowerVoltage:13.88,Rpm:-999,Speed:19.0,SatelliteNumber:17,Azimuth:356,BatteryLevel:82}]
1321,"[{""Protocol"":""0x2525""","MessageType:""LocationInfoMessage""",ProtocolHeadType:19,"Imei:""869487064468670""",SerialNo:2544,Mileage:954305,"Date:""2026-03-03T04:46:24Z""",IopIgnition:true,Latitude:4.6282973289489746,Longitude:-74.1355972290039,Altitude:2580.199951171875,ExternalPowerVoltage:13.85,Rpm:-999,Speed:17.0,SatelliteNumber:14,Azimuth:288,BatteryLevel:82}]
1322,"[{""Protocol"":""0x2525""","MessageType:""LocationInfoMessage""",ProtocolHeadType:19,"Imei:""869487064468670""",SerialNo:2545,Mileage:954552,"Date:""2026-03-03T04:47:15Z""",IopIgnition:true,Latitude:4.6285881996154785,Longitude:-74.137779235839844,Altitude:2581.300048828125,ExternalPowerVoltage:13.88,Rpm:-999,Speed:17.0,SatelliteNumber:17,Azimuth:345,BatteryLevel:82}]
1323,"[{""Protocol"":""0x2525""","MessageType:""LocationInfoMessage""",ProtocolHeadType:19,"Imei:""869487064468670""",SerialNo:2546,Mileage:954855,"Date:""2026-03-03T04:47:41Z""",IopIgnition:true,Latitude:4.6312685012817383,Longitude:-74.1374282836914,Altitude:2576.89990234375,ExternalPowerVoltage:13.97,Rpm:-999,Speed:28.0,SatelliteNumber:17,Azimuth:43,BatteryLevel:82}]
1324,"[{""Protocol"":""0x2525""","MessageType:""LocationInfoMessage""",ProtocolHeadType:19,"Imei:""869487064468670""",SerialNo:2547,Mileage:954893,"Date:""2026-03-03T04:47:46Z""",IopIgnition:true,Latitude:4.6313886642456055,Longitude:-74.137115478515625,Altitude:2578.10009765625,ExternalPowerVoltage:13.96,Rpm:-999,Speed:22.0,SatelliteNumber:17,Azimuth:93,BatteryLevel:82}]
1325,"[{""Protocol"":""0x2525""","MessageType:""LocationInfoMessage""",ProtocolHeadType:19,"Imei:""869487064468670""",SerialNo:2548,Mileage:954928,"Date:""2026-03-03T04:47:52Z""",IopIgnition:true,Latitude:4.6312599182128906,Longitude:-74.1368408203125,Altitude:2581.5,ExternalPowerVoltage:13.95,Rpm:-999,Speed:27.0,SatelliteNumber:16,Azimuth:140,BatteryLevel:82}]
1326,"[{""Protocol"":""0x2525""","MessageType:""LocationInfoMessage""",ProtocolHeadType:19,"Imei:""869487064468670""",SerialNo:2549,Mileage:954988,"Date:""2026-03-03T04:48:01Z""",IopIgnition:true,Latitude:4.6307563781738281,Longitude:-74.136672973632813,Altitude:2582.800048828125,ExternalPowerVoltage:13.98,Rpm:-999,Speed:22.0,SatelliteNumber:17,Azimuth:187,BatteryLevel:82}]
1327,"[{""Protocol"":""0x2525""","MessageType:""LocationInfoMessage""",ProtocolHeadType:19,"Imei:""869487064468670""",SerialNo:2550,Mileage:955013,"Date:""2026-03-03T04:48:06Z""",IopIgnition:true,Latitude:4.63057804107666,Longitude:-74.136795043945313,Altitude:2582.89990234375,ExternalPowerVoltage:13.95,Rpm:-999,Speed:20.0,SatelliteNumber:17,Azimuth:241,BatteryLevel:82}]
1328,"[{""Protocol"":""0x2525""","MessageType:""LocationInfoMessage""",ProtocolHeadType:19,"Imei:""869487064468670""",SerialNo:2551,Mileage:956186,"Date:""2026-03-03T04:48:59Z""",IopIgnition:true,Latitude:4.6317586898803711,Longitude:-74.14727783203125,Altitude:2575.89990234375,ExternalPowerVoltage:14.01,Rpm:-999,Speed:98.0,SatelliteNumber:16,Azimuth:288,BatteryLevel:82}]
1329,"[{""Protocol"":""0x2525""","MessageType:""LocationInfoMessage""",ProtocolHeadType:19,"Imei:""869487064468670""",SerialNo:2552,Mileage:957009,"Date:""2026-03-03T04:50:25Z""",IopIgnition:true,Latitude:4.6357879638671875,Longitude:-74.153228759765625,Altitude:2571.800048828125,ExternalPowerVoltage:14.02,Rpm:-999,Speed:0.0,SatelliteNumber:17,Azimuth:316,BatteryLevel:82}]
1330,"[{""Protocol"":""0x2525""","MessageType:""LocationInfoMessage""",ProtocolHeadType:19,"Imei:""869487064468670""",SerialNo:2553,Mileage:957615,"Date:""2026-03-03T04:51:22Z""",IopIgnition:true,Latitude:4.6405057907104492,Longitude:-74.1557846069336,Altitude:2566.800048828125,ExternalPowerVoltage:14.01,Rpm:-999,Speed:37.0,SatelliteNumber:17,Azimuth:9,BatteryLevel:82}]
1331,"[{""Protocol"":""0x2525""","MessageType:""LocationInfoMessage""",ProtocolHeadType:19,"Imei:""869487064468670""",SerialNo:2554,Mileage:957967,"Date:""2026-03-03T04:52:10Z""",IopIgnition:true,Latitude:4.6428580284118652,Longitude:-74.153732299804688,Altitude:2567.0,ExternalPowerVoltage:13.91,Rpm:-999,Speed:22.0,SatelliteNumber:17,Azimuth:55,BatteryLevel:82}]
1332,"[{""Protocol"":""0x2525""","MessageType:""LocationInfoMessage""",ProtocolHeadType:19,"Imei:""869487064468670""",SerialNo:2555,Mileage:959243,"Date:""2026-03-03T04:53:26Z""",IopIgnition:true,Latitude:4.65070104598999,Longitude:-74.145355224609375,Altitude:2568.89990234375,ExternalPowerVoltage:13.98,Rpm:-999,Speed:60.0,SatelliteNumber:15,Azimuth:44,BatteryLevel:82}]
1333,"[{""Protocol"":""0x2525""","MessageType:""LocationInfoMessage""",ProtocolHeadType:19,"Imei:""869487064468670""",SerialNo:2556,Mileage:959536,"Date:""2026-03-03T04:53:47Z""",IopIgnition:true,Latitude:4.6524348258972168,Longitude:-74.1434097290039,Altitude:2569.5,ExternalPowerVoltage:14.0,Rpm:-999,Speed:31.0,SatelliteNumber:17,Azimuth:94,BatteryLevel:82}]
1334,"[{""Protocol"":""0x2525""","MessageType:""LocationInfoMessage""",ProtocolHeadType:19,"Imei:""869487064468670""",SerialNo:2557,Mileage:959933,"Date:""2026-03-03T04:54:28Z""",IopIgnition:true,Latitude:4.6499524116516113,Longitude:-74.140869140625,Altitude:2572.0,ExternalPowerVoltage:14.01,Rpm:-999,Speed:29.0,SatelliteNumber:17,Azimuth:141,BatteryLevel:82}]
1335,"[{""Protocol"":""0x2525""","MessageType:""LocationInfoMessage""",ProtocolHeadType:19,"Imei:""869487064468670""",SerialNo:2558,Mileage:959950,"Date:""2026-03-03T04:54:31Z""",IopIgnition:true,Latitude:4.6498527526855469,Longitude:-74.140762329101563,Altitude:2571.60009765625,ExternalPowerVoltage:13.98,Rpm:-999,Speed:14.0,SatelliteNumber:17,Azimuth:94,BatteryLevel:82}]
1336,"[{""Protocol"":""0x2525""","MessageType:""LocationInfoMessage""",ProtocolHeadType:19,"Imei:""869487064468670""",SerialNo:2559,Mileage:959962,"Date:""2026-03-03T04:54:34Z""",IopIgnition:true,Latitude:4.6498861312866211,Longitude:-74.140663146972656,Altitude:2573.5,ExternalPowerVoltage:13.98,Rpm:-999,Speed:16.0,SatelliteNumber:17,Azimuth:40,BatteryLevel:82}]
1337,"[{""Protocol"":""0x2525""","MessageType:""LocationInfoMessage""",ProtocolHeadType:19,"Imei:""869487064468670""",SerialNo:2560,Mileage:959986,"Date:""2026-03-03T04:54:40Z""",IopIgnition:true,Latitude:4.6500072479248047,Longitude:-74.1405029296875,Altitude:2572.10009765625,ExternalPowerVoltage:13.95,Rpm:-999,Speed:8.0,SatelliteNumber:17,Azimuth:131,BatteryLevel:82}]
1338,"[{""Protocol"":""0x2525""","MessageType:""LocationInfoMessage""",ProtocolHeadType:19,"Imei:""869487064468670""",SerialNo:2561,Mileage:960150,"Date:""2026-03-03T04:56:26Z""",IopIgnition:true,Latitude:4.6489958763122559,Longitude:-74.139434814453125,Altitude:2576.199951171875,ExternalPowerVoltage:13.92,Rpm:-999,Speed:0.0,SatelliteNumber:16,Azimuth:98,BatteryLevel:82}]
1339,"[{""Protocol"":""0x2525""","MessageType:""LocationInfoMessage""",ProtocolHeadType:19,"Imei:""869487064468670""",SerialNo:2562,Mileage:960158,"Date:""2026-03-03T04:56:35Z""",IopIgnition:true,Latitude:4.6489801406860352,Longitude:-74.1395034790039,Altitude:2572.699951171875,ExternalPowerVoltage:13.81,Rpm:-999,Speed:6.0,SatelliteNumber:16,Azimuth:316,BatteryLevel:82}]
1340,"[{""Protocol"":""0x2525""","MessageType:""LocationInfoMessage""",ProtocolHeadType:19,"Imei:""869487064468670""",SerialNo:2563,Mileage:960329,"Date:""2026-03-03T04:57:01Z""",IopIgnition:true,Latitude:4.650120735168457,Longitude:-74.140449523925781,Altitude:2573.0,ExternalPowerVoltage:13.89,Rpm:-999,Speed:19.0,SatelliteNumber:17,Azimuth:42,BatteryLevel:82}]
1341,"[{""Protocol"":""0x2525""","MessageType:""LocationInfoMessage""",ProtocolHeadType:19,"Imei:""869487064468670""",SerialNo:2564,Mileage:960488,"Date:""2026-03-03T04:57:34Z""",IopIgnition:true,Latitude:4.6510519981384277,Longitude:-74.139389038085938,Altitude:2568.10009765625,ExternalPowerVoltage:13.93,Rpm:-999,Speed:18.0,SatelliteNumber:17,Azimuth:100,BatteryLevel:82}]
1342,"[{""Protocol"":""0x2525""","MessageType:""LocationInfoMessage""",ProtocolHeadType:19,"Imei:""869487064468670""",SerialNo:2565,Mileage:960589,"Date:""2026-03-03T04:57:49Z""",IopIgnition:true,Latitude:4.6506710052490234,Longitude:-74.138618469238281,Altitude:2569.39990234375,ExternalPowerVoltage:13.98,Rpm:-999,Speed:8.0,SatelliteNumber:16,Azimuth:35,BatteryLevel:82}]
1343,"[{""Protocol"":""0x2525""","MessageType:""LocationInfoMessage""",ProtocolHeadType:19,"Imei:""869487064468670""",SerialNo:2566,Mileage:960594,"Date:""2026-03-03T04:57:51Z""",IopIgnition:true,Latitude:4.6507134437561035,Longitude:-74.13861083984375,Altitude:2569.300048828125,ExternalPowerVoltage:13.97,Rpm:-999,Speed:8.0,SatelliteNumber:16,Azimuth:348,BatteryLevel:82}]
1344,"[{""Protocol"":""0x2525""","MessageType:""LocationInfoMessage""",ProtocolHeadType:19,"Imei:""869487064468670""",SerialNo:2567,Mileage:960627,"Date:""2026-03-03T04:57:57Z""",IopIgnition:true,Latitude:4.6509270668029785,Longitude:-74.138809204101563,Altitude:2569.800048828125,ExternalPowerVoltage:13.98,Rpm:-999,Speed:34.0,SatelliteNumber:17,Azimuth:299,BatteryLevel:82}]
1345,"[{""Protocol"":""0x2525""","MessageType:""LocationInfoMessage""",ProtocolHeadType:19,"Imei:""869487064468670""",SerialNo:2568,Mileage:961114,"Date:""2026-03-03T04:58:30Z""",IopIgnition:true,Latitude:4.6533470153808594,Longitude:-74.142440795898438,Altitude:2567.89990234375,ExternalPowerVoltage:13.98,Rpm:-999,Speed:5.0,SatelliteNumber:17,Azimuth:346,BatteryLevel:82}]
1346,"[{""Protocol"":""0x2525""","MessageType:""LocationInfoMessage""",ProtocolHeadType:19,"Imei:""869487064468670""",SerialNo:2569,Mileage:961134,"Date:""2026-03-03T04:58:36Z""",IopIgnition:true,Latitude:4.6535139083862305,Longitude:-74.14239501953125,Altitude:2567.89990234375,ExternalPowerVoltage:14.0,Rpm:-999,Speed:25.0,SatelliteNumber:16,Azimuth:34,BatteryLevel:82}]
1347,"[{""Protocol"":""0x2525""","MessageType:""LocationInfoMessage""",ProtocolHeadType:19,"Imei:""869487064468670""",SerialNo:2570,Mileage:962253,"Date:""2026-03-03T04:59:47Z""",IopIgnition:true,Latitude:4.6601219177246094,Longitude:-74.134895324707031,Altitude:2567.5,ExternalPowerVoltage:13.99,Rpm:-999,Speed:40.0,SatelliteNumber:17,Azimuth:100,BatteryLevel:82}]
1348,"[{""Protocol"":""0x2525""","MessageType:""LocationInfoMessage""",ProtocolHeadType:19,"Imei:""869487064468670""",SerialNo:2571,Mileage:962289,"Date:""2026-03-03T04:59:50Z""",IopIgnition:true,Latitude:4.659919261932373,Longitude:-74.134658813476563,Altitude:2568.699951171875,ExternalPowerVoltage:13.98,Rpm:-999,Speed:45.0,SatelliteNumber:17,Azimuth:153,BatteryLevel:82}]
1349,"[{""Protocol"":""0x2525""","MessageType:""LocationInfoMessage""",ProtocolHeadType:19,"Imei:""869487064468670""",SerialNo:2572,Mileage:962330,"Date:""2026-03-03T04:59:53Z""",IopIgnition:true,Latitude:4.6595568656921387,Longitude:-74.134651184082031,Altitude:2568.89990234375,ExternalPowerVoltage:13.96,Rpm:-999,Speed:51.0,SatelliteNumber:16,Azimuth:200,BatteryLevel:82}]
1350,"[{""Protocol"":""0x2525""","MessageType:""LocationInfoMessage""",ProtocolHeadType:19,"Imei:""869487064468670""",SerialNo:2573,Mileage:962413,"Date:""2026-03-03T04:59:59Z""",IopIgnition:true,Latitude:4.6590671539306641,Longitude:-74.13519287109375,Altitude:2569.60009765625,ExternalPowerVoltage:14.01,Rpm:-999,Speed:36.0,SatelliteNumber:19,Azimuth:252,BatteryLevel:82}]
1351,"[{""Protocol"":""0x2525""","MessageType:""LocationInfoMessage""",ProtocolHeadType:19,"Imei:""869487064468670""",SerialNo:2574,Mileage:962450,"Date:""2026-03-03T05:00:03Z""",IopIgnition:true,Latitude:4.6591472625732422,Longitude:-74.135505676269531,Altitude:2569.60009765625,ExternalPowerVoltage:14.01,Rpm:-999,Speed:37.0,SatelliteNumber:20,Azimuth:306,BatteryLevel:82}]
1352,"[{""Protocol"":""0x2525""","MessageType:""LocationInfoMessage""",ProtocolHeadType:19,"Imei:""869487064468670""",SerialNo:2575,Mileage:964035,"Date:""2026-03-03T05:01:26Z""",IopIgnition:true,Latitude:4.66644811630249,Longitude:-74.147331237792969,Altitude:2570.300048828125,ExternalPowerVoltage:14.03,Rpm:-999,Speed:44.0,SatelliteNumber:17,Azimuth:292,BatteryLevel:82}]
1353,"[{""Protocol"":""0x2525""","MessageType:""LocationInfoMessage""",ProtocolHeadType:19,"Imei:""869487064468670""",SerialNo:2576,Mileage:964358,"Date:""2026-03-03T05:02:25Z""",IopIgnition:true,Latitude:4.6675205230712891,Longitude:-74.150032043457031,Altitude:2569.39990234375,ExternalPowerVoltage:13.96,Rpm:-999,Speed:66.0,SatelliteNumber:18,Azimuth:301,BatteryLevel:82}]
1354,"[{""Protocol"":""0x2525""","MessageType:""LocationInfoMessage""",ProtocolHeadType:19,"Imei:""869487064468670""",SerialNo:2577,Mileage:964698,"Date:""2026-03-03T05:02:57Z""",IopIgnition:true,Latitude:4.6700048446655273,Longitude:-74.151657104492188,Altitude:2569.199951171875,ExternalPowerVoltage:13.99,Rpm:-999,Speed:58.0,SatelliteNumber:17,Azimuth:347,BatteryLevel:82}]
1355,"[{""Protocol"":""0x2525""","MessageType:""LocationInfoMessage""",ProtocolHeadType:19,"Imei:""869487064468670""",SerialNo:2578,Mileage:964837,"Date:""2026-03-03T05:03:09Z""",IopIgnition:true,Latitude:4.6712031364440918,Longitude:-74.151885986328125,Altitude:2567.39990234375,ExternalPowerVoltage:13.92,Rpm:-999,Speed:26.0,SatelliteNumber:16,Azimuth:39,BatteryLevel:82}]
1356,"[{""Protocol"":""0x2525""","MessageType:""LocationInfoMessage""",ProtocolHeadType:19,"Imei:""869487064468670""",SerialNo:2579,Mileage:965097,"Date:""2026-03-03T05:03:33Z""",IopIgnition:true,Latitude:4.67332124710083,Longitude:-74.151313781738281,Altitude:2568.300048828125,ExternalPowerVoltage:13.93,Rpm:-999,Speed:60.0,SatelliteNumber:16,Azimuth:353,BatteryLevel:82}]
1357,"[{""Protocol"":""0x2525""","MessageType:""LocationInfoMessage""",ProtocolHeadType:19,"Imei:""869487064468670""",SerialNo:2580,Mileage:965546,"Date:""2026-03-03T05:04:45Z""",IopIgnition:true,Latitude:4.67700719833374,Longitude:-74.151451110839844,Altitude:2568.0,ExternalPowerVoltage:13.88,Rpm:-999,Speed:29.0,SatelliteNumber:16,Azimuth:41,BatteryLevel:82}]
1358,"[{""Protocol"":""0x2525""","MessageType:""LocationInfoMessage""",ProtocolHeadType:19,"Imei:""869487064468670""",SerialNo:2581,Mileage:965565,"Date:""2026-03-03T05:04:48Z""",IopIgnition:true,Latitude:4.6771550178527832,Longitude:-74.151382446289063,Altitude:2567.60009765625,ExternalPowerVoltage:13.88,Rpm:-999,Speed:18.0,SatelliteNumber:17,Azimuth:356,BatteryLevel:82}]
1359,"[{""Protocol"":""0x2525""","MessageType:""LocationInfoMessage""",ProtocolHeadType:19,"Imei:""869487064468670""",SerialNo:2582,Mileage:965576,"Date:""2026-03-03T05:04:50Z""",IopIgnition:true,Latitude:4.677241325378418,Longitude:-74.15142822265625,Altitude:2567.800048828125,ExternalPowerVoltage:13.86,Rpm:-999,Speed:24.0,SatelliteNumber:17,Azimuth:306,BatteryLevel:82}]
1360,"[{""Protocol"":""0x2525""","MessageType:""LocationInfoMessage""",ProtocolHeadType:19,"Imei:""869487064468670""",SerialNo:2583,Mileage:965827,"Date:""2026-03-03T05:05:18Z""",IopIgnition:true,Latitude:4.6783294677734375,Longitude:-74.153305053710938,Altitude:2568.60009765625,ExternalPowerVoltage:13.99,Rpm:-999,Speed:15.0,SatelliteNumber:17,Azimuth:258,BatteryLevel:82}]
1361,"[{""Protocol"":""0x2525""","MessageType:""LocationInfoMessage""",ProtocolHeadType:19,"Imei:""869487064468670""",SerialNo:2584,Mileage:965915,"Date:""2026-03-03T05:05:33Z""",IopIgnition:true,Latitude:4.6779994964599609,Longitude:-74.153984069824219,Altitude:2568.699951171875,ExternalPowerVoltage:13.97,Rpm:-999,Speed:14.0,SatelliteNumber:17,Azimuth:323,BatteryLevel:82}]
1362,"[{""Protocol"":""0x2525""","MessageType:""LocationInfoMessage""",ProtocolHeadType:19,"Imei:""869487064468670""",SerialNo:2585,Mileage:967684,"Date:""2026-03-03T05:07:26Z""",IopIgnition:true,Latitude:4.69019079208374,Longitude:-74.163726806640625,Altitude:2570.199951171875,ExternalPowerVoltage:14.02,Rpm:-999,Speed:79.0,SatelliteNumber:17,Azimuth:307,BatteryLevel:82}]
1363,"[{""Protocol"":""0x2525""","MessageType:""LocationInfoMessage""",ProtocolHeadType:19,"Imei:""869487064468670""",SerialNo:2586,Mileage:968422,"Date:""2026-03-03T05:08:25Z""",IopIgnition:true,Latitude:4.6943588256835938,Longitude:-74.16888427734375,Altitude:2566.699951171875,ExternalPowerVoltage:14.01,Rpm:-999,Speed:29.0,SatelliteNumber:16,Azimuth:312,BatteryLevel:82}]
1364,"[{""Protocol"":""0x2525""","MessageType:""LocationInfoMessage""",ProtocolHeadType:19,"Imei:""869487064468670""",SerialNo:2587,Mileage:968616,"Date:""2026-03-03T05:08:45Z""",IopIgnition:true,Latitude:4.6955733299255371,Longitude:-74.170127868652344,Altitude:2566.800048828125,ExternalPowerVoltage:13.98,Rpm:-999,Speed:15.0,SatelliteNumber:17,Azimuth:12,BatteryLevel:82}]
1365,"[{""Protocol"":""0x2525""","MessageType:""LocationInfoMessage""",ProtocolHeadType:19,"Imei:""869487064468670""",SerialNo:2588,Mileage:968901,"Date:""2026-03-03T05:09:30Z""",IopIgnition:true,Latitude:4.6974034309387207,Longitude:-74.1683349609375,Altitude:2564.89990234375,ExternalPowerVoltage:13.88,Rpm:-999,Speed:10.0,SatelliteNumber:17,Azimuth:64,BatteryLevel:82}]
1366,"[{""Protocol"":""0x2525""","MessageType:""LocationInfoMessage""",ProtocolHeadType:19,"Imei:""869487064468670""",SerialNo:2589,Mileage:968908,"Date:""2026-03-03T05:09:32Z""",IopIgnition:true,Latitude:4.6973762512207031,Longitude:-74.16827392578125,Altitude:2565.199951171875,ExternalPowerVoltage:13.86,Rpm:-999,Speed:17.0,SatelliteNumber:17,Azimuth:137,BatteryLevel:82}]
1367,"[{""Protocol"":""0x2525""","MessageType:""LocationInfoMessage""",ProtocolHeadType:19,"Imei:""869487064468670""",SerialNo:2590,Mileage:969132,"Date:""2026-03-03T05:09:57Z""",IopIgnition:true,Latitude:4.6959319114685059,Longitude:-74.166885375976563,Altitude:2567.89990234375,ExternalPowerVoltage:13.88,Rpm:-999,Speed:7.0,SatelliteNumber:16,Azimuth:196,BatteryLevel:82}]
1368,"[{""Protocol"":""0x2525""","MessageType:""LocationInfoMessage""",ProtocolHeadType:19,"Imei:""869487064468670""",SerialNo:2591,Mileage:969393,"Date:""2026-03-03T05:10:48Z""",IopIgnition:true,Latitude:4.6944441795349121,Longitude:-74.168655395507813,Altitude:2574.5,ExternalPowerVoltage:14.02,Rpm:-999,Speed:20.0,SatelliteNumber:15,Azimuth:243,BatteryLevel:82}]
1369,"[{""Protocol"":""0x2525""","MessageType:""LocationInfoMessage""",ProtocolHeadType:19,"Imei:""869487064468670""",SerialNo:2592,Mileage:969427,"Date:""2026-03-03T05:11:09Z""",IopIgnition:true,Latitude:4.6943655014038086,Longitude:-74.168930053710938,Altitude:2573.39990234375,ExternalPowerVoltage:13.92,Rpm:-999,Speed:20.0,SatelliteNumber:14,Azimuth:304,BatteryLevel:82}]
1370,"[{""Protocol"":""0x2525""","MessageType:""LocationInfoMessage""",ProtocolHeadType:19,"Imei:""869487064468670""",SerialNo:2593,Mileage:970665,"Date:""2026-03-03T05:12:26Z""",IopIgnition:true,Latitude:4.6983051300048828,Longitude:-74.1791763305664,Altitude:2567.199951171875,ExternalPowerVoltage:14.02,Rpm:-999,Speed:0.0,SatelliteNumber:16,Azimuth:288,BatteryLevel:82}]
1371,"[{""Protocol"":""0x2525""","MessageType:""LocationInfoMessage""",ProtocolHeadType:19,"Imei:""869487064468670""",SerialNo:2594,Mileage:971644,"Date:""2026-03-03T05:13:25Z""",IopIgnition:true,Latitude:4.6990513801574707,Longitude:-74.187812805175781,Altitude:2565.699951171875,ExternalPowerVoltage:14.01,Rpm:-999,Speed:106.0,SatelliteNumber:17,Azimuth:265,BatteryLevel:82}]
1372,"[{""Protocol"":""0x2525""","MessageType:""LocationInfoMessage""",ProtocolHeadType:19,"Imei:""869487064468670""",SerialNo:2595,Mileage:973374,"Date:""2026-03-03T05:14:26Z""",IopIgnition:true,Latitude:4.697932243347168,Longitude:-74.203369140625,Altitude:2570.199951171875,ExternalPowerVoltage:14.03,Rpm:-999,Speed:109.0,SatelliteNumber:17,Azimuth:266,BatteryLevel:82}]
1373,"[{""Protocol"":""0x2525""","MessageType:""LocationInfoMessage""",ProtocolHeadType:19,"Imei:""869487064468670""",SerialNo:2596,Mileage:974958,"Date:""2026-03-03T05:15:26Z""",IopIgnition:true,Latitude:4.6970376968383789,Longitude:-74.217597961425781,Altitude:2572.39990234375,ExternalPowerVoltage:14.02,Rpm:-999,Speed:101.0,SatelliteNumber:17,Azimuth:281,BatteryLevel:82}]
1374,"[{""Protocol"":""0x2525""","MessageType:""LocationInfoMessage""",ProtocolHeadType:19,"Imei:""869487064468670""",SerialNo:2597,Mileage:976529,"Date:""2026-03-03T05:16:26Z""",IopIgnition:true,Latitude:4.7016324996948242,Longitude:-74.2301254272461,Altitude:2569.199951171875,ExternalPowerVoltage:14.04,Rpm:-999,Speed:98.0,SatelliteNumber:17,Azimuth:281,BatteryLevel:82}]
1375,"[{""Protocol"":""0x2525""","MessageType:""LocationInfoMessage""",ProtocolHeadType:19,"Imei:""869487064468670""",SerialNo:2598,Mileage:977321,"Date:""2026-03-03T05:16:56Z""",IopIgnition:true,Latitude:4.7044763565063477,Longitude:-74.236274719238281,Altitude:2568.10009765625,ExternalPowerVoltage:14.04,Rpm:-999,Speed:102.0,SatelliteNumber:17,Azimuth:336,BatteryLevel:82}]
1376,"[{""Protocol"":""0x2525""","MessageType:""LocationInfoMessage""",ProtocolHeadType:19,"Imei:""869487064468670""",SerialNo:2599,Mileage:978229,"Date:""2026-03-03T05:17:41Z""",IopIgnition:true,Latitude:4.7123069763183594,Longitude:-74.2383804321289,Altitude:2571.300048828125,ExternalPowerVoltage:14.03,Rpm:-999,Speed:22.0,SatelliteNumber:16,Azimuth:32,BatteryLevel:82}]
1377,"[{""Protocol"":""0x2525""","MessageType:""LocationInfoMessage""",ProtocolHeadType:19,"Imei:""869487064468670""",SerialNo:2600,Mileage:978252,"Date:""2026-03-03T05:17:44Z""",IopIgnition:true,Latitude:4.7123713493347168,Longitude:-74.238189697265625,Altitude:2570.89990234375,ExternalPowerVoltage:14.01,Rpm:-999,Speed:34.0,SatelliteNumber:17,Azimuth:95,BatteryLevel:82}]
1378,"[{""Protocol"":""0x2525""","MessageType:""LocationInfoMessage""",ProtocolHeadType:19,"Imei:""869487064468670""",SerialNo:2601,Mileage:978283,"Date:""2026-03-03T05:17:47Z""",IopIgnition:true,Latitude:4.7122092247009277,Longitude:-74.237960815429688,Altitude:2570.5,ExternalPowerVoltage:14.0,Rpm:-999,Speed:43.0,SatelliteNumber:15,Azimuth:143,BatteryLevel:82}]
1379,"[{""Protocol"":""0x2525""","MessageType:""LocationInfoMessage""",ProtocolHeadType:19,"Imei:""869487064468670""",SerialNo:2602,Mileage:978343,"Date:""2026-03-03T05:17:54Z""",IopIgnition:true,Latitude:4.7117962837219238,Longitude:-74.237640380859375,Altitude:2571.199951171875,ExternalPowerVoltage:13.99,Rpm:-999,Speed:16.0,SatelliteNumber:16,Azimuth:90,BatteryLevel:82}]
1380,"[{""Protocol"":""0x2525""","MessageType:""LocationInfoMessage""",ProtocolHeadType:19,"Imei:""869487064468670""",SerialNo:2603,Mileage:979036,"Date:""2026-03-03T05:19:19Z""",IopIgnition:true,Latitude:4.7143135070800781,Longitude:-74.23248291015625,Altitude:2569.10009765625,ExternalPowerVoltage:14.07,Rpm:-999,Speed:32.0,SatelliteNumber:17,Azimuth:41,BatteryLevel:82}]
1381,"[{""Protocol"":""0x2525""","MessageType:""LocationInfoMessage""",ProtocolHeadType:19,"Imei:""869487064468670""",SerialNo:2604,Mileage:979589,"Date:""2026-03-03T05:20:25Z""",IopIgnition:true,Latitude:4.7173471450805664,Longitude:-74.2286376953125,Altitude:2574.800048828125,ExternalPowerVoltage:14.05,Rpm:-999,Speed:20.0,SatelliteNumber:17,Azimuth:94,BatteryLevel:82}]
1382,"[{""Protocol"":""0x2525""","MessageType:""LocationInfoMessage""",ProtocolHeadType:19,"Imei:""869487064468670""",SerialNo:2605,Mileage:979610,"Date:""2026-03-03T05:20:29Z""",IopIgnition:true,Latitude:4.71737813949585,Longitude:-74.228446960449219,Altitude:2574.699951171875,ExternalPowerVoltage:14.01,Rpm:-999,Speed:17.0,SatelliteNumber:17,Azimuth:43,BatteryLevel:82}]
1383,"[{""Protocol"":""0x2525""","MessageType:""LocationInfoMessage""",ProtocolHeadType:19,"Imei:""869487064468670""",SerialNo:2606,Mileage:979808,"Date:""2026-03-03T05:20:53Z""",IopIgnition:true,Latitude:4.7190485000610352,Longitude:-74.227897644042969,Altitude:2572.800048828125,ExternalPowerVoltage:14.04,Rpm:-999,Speed:25.0,SatelliteNumber:17,Azimuth:352,BatteryLevel:82}]
1384,"[{""Protocol"":""0x2525""","MessageType:""LocationInfoMessage""",ProtocolHeadType:19,"Imei:""869487064468670""",SerialNo:2607,Mileage:980002,"Date:""2026-03-03T05:21:23Z""",IopIgnition:true,Latitude:4.72065544128418,Longitude:-74.228530883789063,Altitude:2570.5,ExternalPowerVoltage:13.9,Rpm:-999,Speed:12.0,SatelliteNumber:17,Azimuth:42,BatteryLevel:82}]
1385,"[{""Protocol"":""0x2525""","MessageType:""LocationInfoMessage""",ProtocolHeadType:19,"Imei:""869487064468670""",SerialNo:2608,Mileage:980344,"Date:""2026-03-03T05:22:20Z""",IopIgnition:true,Latitude:4.7223567962646484,Longitude:-74.22601318359375,Altitude:2572.800048828125,ExternalPowerVoltage:13.99,Rpm:-999,Speed:17.0,SatelliteNumber:16,Azimuth:334,BatteryLevel:82}]
1386,"[{""Protocol"":""0x2525""","MessageType:""LocationInfoMessage""",ProtocolHeadType:19,"Imei:""869487064468670""",SerialNo:2609,Mileage:980500,"Date:""2026-03-03T05:22:48Z""",IopIgnition:true,Latitude:4.7235455513000488,Longitude:-74.226753234863281,Altitude:2571.60009765625,ExternalPowerVoltage:13.88,Rpm:-999,Speed:10.0,SatelliteNumber:17,Azimuth:20,BatteryLevel:82}]
1387,"[{""Protocol"":""0x2525""","MessageType:""LocationInfoMessage""",ProtocolHeadType:19,"Imei:""869487064468670""",SerialNo:2610,Mileage:980735,"Date:""2026-03-03T05:23:23Z""",IopIgnition:true,Latitude:4.724726676940918,Longitude:-74.225082397460938,Altitude:2573.5,ExternalPowerVoltage:13.9,Rpm:-999,Speed:23.0,SatelliteNumber:16,Azimuth:328,BatteryLevel:81}]
1388,"[{""Protocol"":""0x2525""","MessageType:""LocationInfoMessage""",ProtocolHeadType:19,"Imei:""869487064468670""",SerialNo:2611,Mileage:980907,"Date:""2026-03-03T05:24:26Z""",IopIgnition:true,Latitude:4.7259840965271,Longitude:-74.225982666015625,Altitude:2574.800048828125,ExternalPowerVoltage:13.78,Rpm:-999,Speed:0.0,SatelliteNumber:15,Azimuth:321,BatteryLevel:82}]
1389,"[{""Protocol"":""0x2525""","MessageType:""LocationInfoMessage""",ProtocolHeadType:19,"Imei:""869487064468670""",SerialNo:2612,Mileage:980916,"Date:""2026-03-03T05:24:28Z""",IopIgnition:true,Latitude:4.7259583473205566,Longitude:-74.225906372070313,Altitude:2573.89990234375,ExternalPowerVoltage:13.8,Rpm:-999,Speed:19.0,SatelliteNumber:16,Azimuth:148,BatteryLevel:82}]
1390,"[{""Protocol"":""0x2525""","MessageType:""LocationInfoMessage""",ProtocolHeadType:19,"Imei:""869487064468670""",SerialNo:2613,Mileage:981102,"Date:""2026-03-03T05:24:57Z""",IopIgnition:true,Latitude:4.7245602607727051,Longitude:-74.225166320800781,Altitude:2567.800048828125,ExternalPowerVoltage:14.01,Rpm:-999,Speed:22.0,SatelliteNumber:17,Azimuth:240,BatteryLevel:82}]
1391,"[{""Protocol"":""0x2525""","MessageType:""LocationInfoMessage""",ProtocolHeadType:19,"Imei:""869487064468670""",SerialNo:2614,Mileage:981630,"Date:""2026-03-03T05:25:59Z""",IopIgnition:true,Latitude:4.72200870513916,Longitude:-74.229156494140625,Altitude:2568.89990234375,ExternalPowerVoltage:13.99,Rpm:-999,Speed:19.0,SatelliteNumber:18,Azimuth:179,BatteryLevel:82}]
1392,"[{""Protocol"":""0x2525""","MessageType:""LocationInfoMessage""",ProtocolHeadType:19,"Imei:""869487064468670""",SerialNo:2615,Mileage:982156,"Date:""2026-03-03T05:27:01Z""",IopIgnition:true,Latitude:4.7176156044006348,Longitude:-74.2283706665039,Altitude:2569.300048828125,ExternalPowerVoltage:13.93,Rpm:-999,Speed:38.0,SatelliteNumber:18,Azimuth:228,BatteryLevel:82}]
1393,"[{""Protocol"":""0x2525""","MessageType:""LocationInfoMessage""",ProtocolHeadType:19,"Imei:""869487064468670""",SerialNo:2616,Mileage:982935,"Date:""2026-03-03T05:28:25Z""",IopIgnition:true,Latitude:4.713435173034668,Longitude:-74.233940124511719,Altitude:2568.699951171875,ExternalPowerVoltage:13.93,Rpm:-999,Speed:26.0,SatelliteNumber:18,Azimuth:237,BatteryLevel:82}]
1394,"[{""Protocol"":""0x2525""","MessageType:""LocationInfoMessage""",ProtocolHeadType:19,"Imei:""869487064468670""",SerialNo:2617,Mileage:983132,"Date:""2026-03-03T05:28:48Z""",IopIgnition:true,Latitude:4.7125144004821777,Longitude:-74.235420227050781,Altitude:2568.0,ExternalPowerVoltage:13.91,Rpm:-999,Speed:26.0,SatelliteNumber:17,Azimuth:293,BatteryLevel:82}]
1395,"[{""Protocol"":""0x2525""","MessageType:""LocationInfoMessage""",ProtocolHeadType:19,"Imei:""869487064468670""",SerialNo:2618,Mileage:983232,"Date:""2026-03-03T05:29:02Z""",IopIgnition:true,Latitude:4.7129554748535156,Longitude:-74.236167907714844,Altitude:2567.300048828125,ExternalPowerVoltage:14.01,Rpm:-999,Speed:14.0,SatelliteNumber:15,Azimuth:232,BatteryLevel:82}]
1396,"[{""Protocol"":""0x2525""","MessageType:""LocationInfoMessage""",ProtocolHeadType:19,"Imei:""869487064468670""",SerialNo:2619,Mileage:983438,"Date:""2026-03-03T05:29:23Z""",IopIgnition:true,Latitude:4.7118935585021973,Longitude:-74.2376708984375,Altitude:2568.0,ExternalPowerVoltage:14.0,Rpm:-999,Speed:14.0,SatelliteNumber:16,Azimuth:281,BatteryLevel:81}]
1397,"[{""Protocol"":""0x2525""","MessageType:""LocationInfoMessage""",ProtocolHeadType:19,"Imei:""869487064468670""",SerialNo:2620,Mileage:983514,"Date:""2026-03-03T05:29:32Z""",IopIgnition:true,Latitude:4.7124428749084473,Longitude:-74.238067626953125,Altitude:2567.10009765625,ExternalPowerVoltage:13.97,Rpm:-999,Speed:38.0,SatelliteNumber:17,Azimuth:327,BatteryLevel:81}]
1398,"[{""Protocol"":""0x2525""","MessageType:""LocationInfoMessage""",ProtocolHeadType:19,"Imei:""869487064468670""",SerialNo:2621,Mileage:983596,"Date:""2026-03-03T05:29:41Z""",IopIgnition:true,Latitude:4.713071346282959,Longitude:-74.238418579101563,Altitude:2569.10009765625,ExternalPowerVoltage:13.98,Rpm:-999,Speed:14.0,SatelliteNumber:15,Azimuth:280,BatteryLevel:81}]
1399,"[{""Protocol"":""0x2525""","MessageType:""LocationInfoMessage""",ProtocolHeadType:19,"Imei:""869487064468670""",SerialNo:2622,Mileage:983625,"Date:""2026-03-03T05:30:49Z""",IopIgnition:true,Latitude:4.7129931449890137,Longitude:-74.238662719726563,Altitude:2569.300048828125,ExternalPowerVoltage:14.0,Rpm:-999,Speed:27.0,SatelliteNumber:16,Azimuth:234,BatteryLevel:82}]
1400,"[{""Protocol"":""0x2525""","MessageType:""LocationInfoMessage""",ProtocolHeadType:19,"Imei:""869487064468670""",SerialNo:2623,Mileage:983668,"Date:""2026-03-03T05:30:53Z""",IopIgnition:true,Latitude:4.7126693725585938,Longitude:-74.238845825195313,Altitude:2570.800048828125,ExternalPowerVoltage:13.98,Rpm:-999,Speed:43.0,SatelliteNumber:16,Azimuth:175,BatteryLevel:82}]
1401,"[{""Protocol"":""0x2525""","MessageType:""LocationInfoMessage""",ProtocolHeadType:19,"Imei:""869487064468670""",SerialNo:2624,Mileage:984863,"Date:""2026-03-03T05:31:46Z""",IopIgnition:true,Latitude:4.7028121948242188,Longitude:-74.235122680664063,Altitude:2576.5,ExternalPowerVoltage:14.01,Rpm:-999,Speed:102.0,SatelliteNumber:17,Azimuth:127,BatteryLevel:82}]
1402,"[{""Protocol"":""0x2525""","MessageType:""LocationInfoMessage""",ProtocolHeadType:19,"Imei:""869487064468670""",SerialNo:2625,Mileage:987866,"Date:""2026-03-03T05:33:26Z""",IopIgnition:true,Latitude:4.6971006393432617,Longitude:-74.209625244140625,Altitude:2574.199951171875,ExternalPowerVoltage:14.04,Rpm:-999,Speed:116.0,SatelliteNumber:17,Azimuth:85,BatteryLevel:82}]
1403,"[{""Protocol"":""0x2525""","MessageType:""LocationInfoMessage""",ProtocolHeadType:19,"Imei:""869487064468670""",SerialNo:2626,Mileage:989851,"Date:""2026-03-03T05:34:25Z""",IopIgnition:true,Latitude:4.6984786987304688,Longitude:-74.191787719726563,Altitude:2573.199951171875,ExternalPowerVoltage:14.04,Rpm:-999,Speed:127.0,SatelliteNumber:17,Azimuth:85,BatteryLevel:82}]
1404,"[{""Protocol"":""0x2525""","MessageType:""LocationInfoMessage""",ProtocolHeadType:19,"Imei:""869487064468670""",SerialNo:2627,Mileage:991654,"Date:""2026-03-03T05:35:26Z""",IopIgnition:true,Latitude:4.6970176696777344,Longitude:-74.1759262084961,Altitude:2575.0,ExternalPowerVoltage:14.05,Rpm:-999,Speed:107.0,SatelliteNumber:17,Azimuth:107,BatteryLevel:82}]
1405,"[{""Protocol"":""0x2525""","MessageType:""LocationInfoMessage""",ProtocolHeadType:19,"Imei:""869487064468670""",SerialNo:2628,Mileage:993116,"Date:""2026-03-03T05:36:26Z""",IopIgnition:true,Latitude:4.6907429695129395,Longitude:-74.164710998535156,Altitude:2572.800048828125,ExternalPowerVoltage:14.05,Rpm:-999,Speed:76.0,SatelliteNumber:18,Azimuth:126,BatteryLevel:81}]
1406,"[{""Protocol"":""0x2525""","MessageType:""LocationInfoMessage""",ProtocolHeadType:19,"Imei:""869487064468670""",SerialNo:2629,Mileage:993774,"Date:""2026-03-03T05:37:26Z""",IopIgnition:true,Latitude:4.6871261596679688,Longitude:-74.160026550292969,Altitude:2576.5,ExternalPowerVoltage:14.06,Rpm:-999,Speed:34.0,SatelliteNumber:18,Azimuth:128,BatteryLevel:82}]
1407,"[{""Protocol"":""0x2525""","MessageType:""LocationInfoMessage""",ProtocolHeadType:19,"Imei:""869487064468670""",SerialNo:2630,Mileage:994362,"Date:""2026-03-03T05:38:26Z""",IopIgnition:true,Latitude:4.6830477714538574,Longitude:-74.15673828125,Altitude:2577.699951171875,ExternalPowerVoltage:14.03,Rpm:-999,Speed:30.0,SatelliteNumber:18,Azimuth:149,BatteryLevel:82}]
1408,"[{""Protocol"":""0x2525""","MessageType:""LocationInfoMessage""",ProtocolHeadType:19,"Imei:""869487064468670""",SerialNo:2631,Mileage:994592,"Date:""2026-03-03T05:39:26Z""",IopIgnition:true,Latitude:4.6812667846679688,Longitude:-74.155693054199219,Altitude:2574.60009765625,ExternalPowerVoltage:14.04,Rpm:-999,Speed:70.0,SatelliteNumber:18,Azimuth:149,BatteryLevel:82}]
1409,"[{""Protocol"":""0x2525""","MessageType:""LocationInfoMessage""",ProtocolHeadType:19,"Imei:""869487064468670""",SerialNo:2632,Mileage:995766,"Date:""2026-03-03T05:40:25Z""",IopIgnition:true,Latitude:4.671389102935791,Longitude:-74.152130126953125,Altitude:2570.10009765625,ExternalPowerVoltage:14.04,Rpm:-999,Speed:12.0,SatelliteNumber:17,Azimuth:163,BatteryLevel:82}]
1410,"[{""Protocol"":""0x2525""","MessageType:""LocationInfoMessage""",ProtocolHeadType:19,"Imei:""869487064468670""",SerialNo:2633,Mileage:996322,"Date:""2026-03-03T05:41:03Z""",IopIgnition:true,Latitude:4.6672329902648926,Longitude:-74.14971923828125,Altitude:2571.300048828125,ExternalPowerVoltage:14.04,Rpm:-999,Speed:85.0,SatelliteNumber:18,Azimuth:115,BatteryLevel:82}]
1411,"[{""Protocol"":""0x2525""","MessageType:""LocationInfoMessage""",ProtocolHeadType:19,"Imei:""869487064468670""",SerialNo:2634,Mileage:998721,"Date:""2026-03-03T05:42:25Z""",IopIgnition:true,Latitude:4.6553826332092285,Longitude:-74.132362365722656,Altitude:2571.39990234375,ExternalPowerVoltage:14.04,Rpm:-999,Speed:115.0,SatelliteNumber:18,Azimuth:136,BatteryLevel:82}]
1412,"[{""Protocol"":""0x2525""","MessageType:""LocationInfoMessage""",ProtocolHeadType:19,"Imei:""869487064468670""",SerialNo:2635,Mileage:1000216,"Date:""2026-03-03T05:43:25Z""",IopIgnition:true,Latitude:4.6448674201965332,Longitude:-74.1242446899414,Altitude:2572.199951171875,ExternalPowerVoltage:14.04,Rpm:-999,Speed:91.0,SatelliteNumber:18,Azimuth:169,BatteryLevel:81}]
1413,"[{""Protocol"":""0x2525""","MessageType:""LocationInfoMessage""",ProtocolHeadType:19,"Imei:""869487064468670""",SerialNo:2636,Mileage:1000932,"Date:""2026-03-03T05:44:26Z""",IopIgnition:true,Latitude:4.6393351554870605,Longitude:-74.121551513671875,Altitude:2579.199951171875,ExternalPowerVoltage:14.03,Rpm:-999,Speed:58.0,SatelliteNumber:17,Azimuth:128,BatteryLevel:82}]
1414,"[{""Protocol"":""0x2525""","MessageType:""LocationInfoMessage""",ProtocolHeadType:19,"Imei:""869487064468670""",SerialNo:2637,Mileage:1001073,"Date:""2026-03-03T05:44:38Z""",IopIgnition:true,Latitude:4.6385464668273926,Longitude:-74.120613098144531,Altitude:2579.800048828125,ExternalPowerVoltage:13.99,Rpm:-999,Speed:24.0,SatelliteNumber:18,Azimuth:200,BatteryLevel:82}]
1415,"[{""Protocol"":""0x2525""","MessageType:""LocationInfoMessage""",ProtocolHeadType:19,"Imei:""869487064468670""",SerialNo:2638,Mileage:1001176,"Date:""2026-03-03T05:44:49Z""",IopIgnition:true,Latitude:4.6378250122070313,Longitude:-74.121170043945313,Altitude:2579.300048828125,ExternalPowerVoltage:14.03,Rpm:-999,Speed:20.0,SatelliteNumber:18,Azimuth:252,BatteryLevel:81}]
1416,"[{""Protocol"":""0x2525""","MessageType:""LocationInfoMessage""",ProtocolHeadType:19,"Imei:""869487064468670""",SerialNo:2639,Mileage:1001192,"Date:""2026-03-03T05:44:52Z""",IopIgnition:true,Latitude:4.6377444267272949,Longitude:-74.12127685546875,Altitude:2578.89990234375,ExternalPowerVoltage:14.04,Rpm:-999,Speed:17.0,SatelliteNumber:18,Azimuth:205,BatteryLevel:81}]
1417,"[{""Protocol"":""0x2525""","MessageType:""LocationInfoMessage""",ProtocolHeadType:19,"Imei:""869487064468670""",SerialNo:2640,Mileage:1001500,"Date:""2026-03-03T05:45:40Z""",IopIgnition:true,Latitude:4.6351790428161621,Longitude:-74.122146606445313,Altitude:2579.199951171875,ExternalPowerVoltage:14.03,Rpm:-999,Speed:19.0,SatelliteNumber:16,Azimuth:137,BatteryLevel:81}]
1418,"[{""Protocol"":""0x2525""","MessageType:""LocationInfoMessage""",ProtocolHeadType:19,"Imei:""869487064468670""",SerialNo:2641,Mileage:1001734,"Date:""2026-03-03T05:46:00Z""",IopIgnition:true,Latitude:4.6342501640319824,Longitude:-74.1203384399414,Altitude:2583.89990234375,ExternalPowerVoltage:13.98,Rpm:-999,Speed:29.0,SatelliteNumber:17,Azimuth:199,BatteryLevel:82}]
1419,"[{""Protocol"":""0x2525""","MessageType:""LocationInfoMessage""",ProtocolHeadType:19,"Imei:""869487064468670""",SerialNo:2642,Mileage:1002417,"Date:""2026-03-03T05:47:10Z""",IopIgnition:true,Latitude:4.6285815238952637,Longitude:-74.12261962890625,Altitude:2581.800048828125,ExternalPowerVoltage:13.93,Rpm:-999,Speed:27.0,SatelliteNumber:18,Azimuth:249,BatteryLevel:81}]
1420,"[{""Protocol"":""0x2525""","MessageType:""LocationInfoMessage""",ProtocolHeadType:19,"Imei:""869487064468670""",SerialNo:2643,Mileage:1002602,"Date:""2026-03-03T05:47:25Z""",IopIgnition:true,Latitude:4.628814697265625,Longitude:-74.124259948730469,Altitude:2578.60009765625,ExternalPowerVoltage:13.99,Rpm:-999,Speed:23.0,SatelliteNumber:18,Azimuth:318,BatteryLevel:81}]
1421,"[{""Protocol"":""0x2525""","MessageType:""LocationInfoMessage""",ProtocolHeadType:19,"Imei:""869487064468670""",SerialNo:2644,Mileage:1002619,"Date:""2026-03-03T05:47:28Z""",IopIgnition:true,Latitude:4.6289491653442383,Longitude:-74.124282836914063,Altitude:2578.800048828125,ExternalPowerVoltage:14.01,Rpm:-999,Speed:20.0,SatelliteNumber:18,Azimuth:17,BatteryLevel:81}]
1422,"[{""Protocol"":""0x2525""","MessageType:""LocationInfoMessage""",ProtocolHeadType:19,"Imei:""869487064468670""",SerialNo:2645,Mileage:1002640,"Date:""2026-03-03T05:47:31Z""",IopIgnition:true,Latitude:4.6290550231933594,Longitude:-74.124137878417969,Altitude:2579.199951171875,ExternalPowerVoltage:14.02,Rpm:-999,Speed:30.0,SatelliteNumber:17,Azimuth:71,BatteryLevel:81}]
1423,"[{""Protocol"":""0x2525""","MessageType:""LocationInfoMessage""",ProtocolHeadType:19,"Imei:""869487064468670""",SerialNo:2646,Mileage:1003973,"Date:""2026-03-03T05:48:51Z""",IopIgnition:true,Latitude:4.6275606155395508,Longitude:-74.112228393554688,Altitude:2579.699951171875,ExternalPowerVoltage:14.01,Rpm:-999,Speed:11.0,SatelliteNumber:16,Azimuth:119,BatteryLevel:81}]
1424,"[{""Protocol"":""0x2525""","MessageType:""LocationInfoMessage""",ProtocolHeadType:19,"Imei:""869487064468670""",SerialNo:2647,Mileage:1003984,"Date:""2026-03-03T05:48:54Z""",IopIgnition:true,Latitude:4.6274757385253906,Longitude:-74.1121826171875,Altitude:2580.300048828125,ExternalPowerVoltage:13.99,Rpm:-999,Speed:15.0,SatelliteNumber:16,Azimuth:177,BatteryLevel:81}]
1425,"[{""Protocol"":""0x2525""","MessageType:""LocationInfoMessage""",ProtocolHeadType:19,"Imei:""869487064468670""",SerialNo:2648,Mileage:1004004,"Date:""2026-03-03T05:48:57Z""",IopIgnition:true,Latitude:4.62734842300415,Longitude:-74.1122817993164,Altitude:2579.60009765625,ExternalPowerVoltage:14.0,Rpm:-999,Speed:25.0,SatelliteNumber:17,Azimuth:241,BatteryLevel:81}]
1426,"[{""Protocol"":""0x2525""","MessageType:""LocationInfoMessage""",ProtocolHeadType:19,"Imei:""869487064468670""",SerialNo:2649,Mileage:1004042,"Date:""2026-03-03T05:49:05Z""",IopIgnition:true,Latitude:4.627103328704834,Longitude:-74.112510681152344,Altitude:2579.5,ExternalPowerVoltage:13.98,Rpm:-999,Speed:13.0,SatelliteNumber:16,Azimuth:167,BatteryLevel:81}]
1427,"[{""Protocol"":""0x2525""","MessageType:""LocationAlarmMessage""",ProtocolHeadType:20,"Imei:""869487064468670""",SerialNo:144,Mileage:1004042,"Date:""2026-03-03T05:49:10Z""",IopIgnition:false,Latitude:4.627103328704834,Longitude:-74.112510681152344,Altitude:2579.5,ExternalPowerVoltage:13.95,Rpm:-999,Speed:0.0,SatelliteNumber:15,Azimuth:167,OriginalAlarmCode:23}]
1428,"[{""Protocol"":""0x2525""","MessageType:""LocationAlarmMessage""",ProtocolHeadType:20,"Imei:""869487064468670""",SerialNo:145,Mileage:1004042,"Date:""2026-03-03T05:54:06Z""",IopIgnition:true,Latitude:4.627103328704834,Longitude:-74.112510681152344,Altitude:2579.5,ExternalPowerVoltage:12.7,Rpm:-999,Speed:0.0,SatelliteNumber:17,Azimuth:167,OriginalAlarmCode:22}]
1429,"[{""Protocol"":""0x2525""","MessageType:""LocationInfoMessage""",ProtocolHeadType:19,"Imei:""869487064468670""",SerialNo:2650,Mileage:1004060,"Date:""2026-03-03T05:54:15Z""",IopIgnition:true,Latitude:4.6270322799682617,Longitude:-74.1124038696289,Altitude:2582.89990234375,ExternalPowerVoltage:13.77,Rpm:-999,Speed:21.0,SatelliteNumber:18,Azimuth:45,BatteryLevel:82}]
1430,"[{""Protocol"":""0x2525""","MessageType:""LocationInfoMessage""",ProtocolHeadType:19,"Imei:""869487064468670""",SerialNo:2651,Mileage:1004078,"Date:""2026-03-03T05:54:18Z""",IopIgnition:true,Latitude:4.62717866897583,Longitude:-74.112350463867188,Altitude:2585.0,ExternalPowerVoltage:13.86,Rpm:-999,Speed:27.0,SatelliteNumber:18,Azimuth:357,BatteryLevel:82}]
1431,"[{""Protocol"":""0x2525""","MessageType:""LocationInfoMessage""",ProtocolHeadType:19,"Imei:""869487064468670""",SerialNo:2652,Mileage:1004139,"Date:""2026-03-03T05:54:31Z""",IopIgnition:true,Latitude:4.6276340484619141,Longitude:-74.1120834350586,Altitude:2582.39990234375,ExternalPowerVoltage:13.94,Rpm:-999,Speed:23.0,SatelliteNumber:18,Azimuth:63,BatteryLevel:82}]
1432,"[{""Protocol"":""0x2525""","MessageType:""LocationInfoMessage""",ProtocolHeadType:19,"Imei:""869487064468670""",SerialNo:2653,Mileage:1004410,"Date:""2026-03-03T05:54:53Z""",IopIgnition:true,Latitude:4.6277246475219727,Longitude:-74.109779357910156,Altitude:2581.89990234375,ExternalPowerVoltage:13.96,Rpm:-999,Speed:28.0,SatelliteNumber:18,Azimuth:353,BatteryLevel:81}]
1433,"[{""Protocol"":""0x2525""","MessageType:""LocationInfoMessage""",ProtocolHeadType:19,"Imei:""869487064468670""",SerialNo:2654,Mileage:1004468,"Date:""2026-03-03T05:54:57Z""",IopIgnition:true,Latitude:4.6280059814453125,Longitude:-74.110183715820313,Altitude:2581.5,ExternalPowerVoltage:13.95,Rpm:-999,Speed:53.0,SatelliteNumber:18,Azimuth:283,BatteryLevel:81}]
1434,"[{""Protocol"":""0x2525""","MessageType:""LocationInfoMessage""",ProtocolHeadType:19,"Imei:""869487064468670""",SerialNo:2655,Mileage:1004681,"Date:""2026-03-03T05:55:24Z""",IopIgnition:true,Latitude:4.6283111572265625,Longitude:-74.112060546875,Altitude:2578.5,ExternalPowerVoltage:14.03,Rpm:-999,Speed:7.0,SatelliteNumber:16,Azimuth:355,BatteryLevel:81}]
1435,"[{""Protocol"":""0x2525""","MessageType:""LocationInfoMessage""",ProtocolHeadType:19,"Imei:""869487064468670""",SerialNo:2656,Mileage:1004707,"Date:""2026-03-03T05:55:29Z""",IopIgnition:true,Latitude:4.6285123825073242,Longitude:-74.111953735351563,Altitude:2577.800048828125,ExternalPowerVoltage:14.02,Rpm:-999,Speed:28.0,SatelliteNumber:16,Azimuth:46,BatteryLevel:81}]
1436,"[{""Protocol"":""0x2525""","MessageType:""LocationInfoMessage""",ProtocolHeadType:19,"Imei:""869487064468670""",SerialNo:2657,Mileage:1004833,"Date:""2026-03-03T05:57:07Z""",IopIgnition:true,Latitude:4.6293511390686035,Longitude:-74.111190795898438,Altitude:2577.5,ExternalPowerVoltage:14.03,Rpm:-999,Speed:0.0,SatelliteNumber:14,Azimuth:73,BatteryLevel:81}]
1437,"[{""Protocol"":""0x2525""","MessageType:""LocationInfoMessage""",ProtocolHeadType:19,"Imei:""869487064468670""",SerialNo:2658,Mileage:1004833,"Date:""2026-03-03T05:58:06Z""",IopIgnition:true,Latitude:4.6293511390686035,Longitude:-74.111190795898438,Altitude:2577.5,ExternalPowerVoltage:13.93,Rpm:-999,Speed:0.0,SatelliteNumber:14,Azimuth:73,BatteryLevel:82}]
1438,"[{""Protocol"":""0x2525""","MessageType:""LocationInfoMessage""",ProtocolHeadType:19,"Imei:""869487064468670""",SerialNo:2659,Mileage:1004861,"Date:""2026-03-03T05:59:07Z""",IopIgnition:true,Latitude:4.6294889450073242,Longitude:-74.110992431640625,Altitude:2582.0,ExternalPowerVoltage:14.03,Rpm:-999,Speed:31.0,SatelliteNumber:14,Azimuth:34,BatteryLevel:82}]
1439,"[{""Protocol"":""0x2525""","MessageType:""LocationInfoMessage""",ProtocolHeadType:19,"Imei:""869487064468670""",SerialNo:2660,Mileage:1004961,"Date:""2026-03-03T05:59:21Z""",IopIgnition:true,Latitude:4.63011360168457,Longitude:-74.1103744506836,Altitude:2581.89990234375,ExternalPowerVoltage:13.93,Rpm:-999,Speed:21.0,SatelliteNumber:14,Azimuth:106,BatteryLevel:81}]
1440,"[{""Protocol"":""0x2525""","MessageType:""LocationInfoMessage""",ProtocolHeadType:19,"Imei:""869487064468670""",SerialNo:2661,Mileage:1005272,"Date:""2026-03-03T05:59:44Z""",IopIgnition:true,Latitude:4.6280584335327148,Longitude:-74.108489990234375,Altitude:2581.800048828125,ExternalPowerVoltage:13.97,Rpm:-999,Speed:17.0,SatelliteNumber:16,Azimuth:163,BatteryLevel:81}]
1441,"[{""Protocol"":""0x2525""","MessageType:""LocationInfoMessage""",ProtocolHeadType:19,"Imei:""869487064468670""",SerialNo:2662,Mileage:1005282,"Date:""2026-03-03T05:59:46Z""",IopIgnition:true,Latitude:4.6279730796813965,Longitude:-74.108505249023438,Altitude:2581.300048828125,ExternalPowerVoltage:14.0,Rpm:-999,Speed:19.0,SatelliteNumber:16,Azimuth:220,BatteryLevel:81}]
1442,"[{""Protocol"":""0x2525""","MessageType:""LocationInfoMessage""",ProtocolHeadType:19,"Imei:""869487064468670""",SerialNo:2663,Mileage:1005313,"Date:""2026-03-03T05:59:50Z""",IopIgnition:true,Latitude:4.6279182434082031,Longitude:-74.1087646484375,Altitude:2581.300048828125,ExternalPowerVoltage:14.01,Rpm:-999,Speed:35.0,SatelliteNumber:16,Azimuth:268,BatteryLevel:81}]
